module_code,module_name,coordinator,year,semester,category,skill_name,level
ENVU9EO,Earth Observation,Verity Flower,3,6,computational,AI (generative) Competency,0
ENVU9EO,Earth Observation,Verity Flower,3,6,computational,Computer Programming,0
ENVU9EO,Earth Observation,Verity Flower,3,6,computational,Data Management,3
ENVU9EO,Earth Observation,Verity Flower,3,6,computational,Effective Email Communication,0
ENVU9EO,Earth Observation,Verity Flower,3,6,computational,Geographical Information Systems (GIS),3
ENVU9EO,Earth Observation,Verity Flower,3,6,computational,Graphic Design,3
ENVU9EO,Earth Observation,Verity Flower,3,6,computational,Modelling,0
ENVU9EO,Earth Observation,Verity Flower,3,6,computational,Presentation Software,0
ENVU9EO,Earth Observation,Verity Flower,3,6,computational,Remote Meeting/Collaborative Software,0
ENVU9EO,Earth Observation,Verity Flower,3,6,computational,Remote Sensing (data collection and analysis),3
ENVU9EO,Earth Observation,Verity Flower,3,6,computational,Social Media,0
ENVU9EO,Earth Observation,Verity Flower,3,6,computational,Spreadsheet Creation and Management,3
ENVU9EO,Earth Observation,Verity Flower,3,6,computational,Statistical Programmes,0
ENVU9EO,Earth Observation,Verity Flower,3,6,computational,Word Processing,3
ENVU9EO,Earth Observation,Verity Flower,3,6,field,Application of Remote Observations,1
ENVU9EO,Earth Observation,Verity Flower,3,6,field,Conducting Transects,0
ENVU9EO,Earth Observation,Verity Flower,3,6,field,Core Skills,3
ENVU9EO,Earth Observation,Verity Flower,3,6,field,Drone Observations,1
ENVU9EO,Earth Observation,Verity Flower,3,6,field,Environmental Impact Assessment,0
ENVU9EO,Earth Observation,Verity Flower,3,6,field,GPS Usage,0
ENVU9EO,Earth Observation,Verity Flower,3,6,field,Health and Safety Competency,0
ENVU9EO,Earth Observation,Verity Flower,3,6,field,Mapping Skills,3
ENVU9EO,Earth Observation,Verity Flower,3,6,field,Sampling: In-situ Monitoring,0
ENVU9EO,Earth Observation,Verity Flower,3,6,field,Sampling: Physical Collection,0
ENVU9EO,Earth Observation,Verity Flower,3,6,field,Species Monitoring,0
ENVU9EO,Earth Observation,Verity Flower,3,6,lab,Accurate Result Reporting,0
ENVU9EO,Earth Observation,Verity Flower,3,6,lab,Air Quality Analysis,0
ENVU9EO,Earth Observation,Verity Flower,3,6,lab,Chemical Handling,0
ENVU9EO,Earth Observation,Verity Flower,3,6,lab,Developing and Implementing SOPs,0
ENVU9EO,Earth Observation,Verity Flower,3,6,lab,Good Laboratory Practices (GLP),0
ENVU9EO,Earth Observation,Verity Flower,3,6,lab,Maintaining Lab Notebooks,0
ENVU9EO,Earth Observation,Verity Flower,3,6,lab,Microscopy,0
ENVU9EO,Earth Observation,Verity Flower,3,6,lab,Operating Lab Equipment,0
ENVU9EO,Earth Observation,Verity Flower,3,6,lab,Physical Chemical Analysis,0
ENVU9EO,Earth Observation,Verity Flower,3,6,lab,Pipetting,0
ENVU9EO,Earth Observation,Verity Flower,3,6,lab,Risk Assessments,0
ENVU9EO,Earth Observation,Verity Flower,3,6,lab,Sample Preparation and Handling,0
ENVU9EO,Earth Observation,Verity Flower,3,6,lab,Soil Quality Assessment,0
ENVU9EO,Earth Observation,Verity Flower,3,6,lab,Water Quality Assessment,0
ENVU9EO,Earth Observation,Verity Flower,3,6,personal,Adaptability,3
ENVU9EO,Earth Observation,Verity Flower,3,6,personal,Verbal Communication,2
ENVU9EO,Earth Observation,Verity Flower,3,6,personal,Written Communication,3
ENVU9EO,Earth Observation,Verity Flower,3,6,personal,Conflict Resolution,2
ENVU9EO,Earth Observation,Verity Flower,3,6,personal,Critical Thinking,3
ENVU9EO,Earth Observation,Verity Flower,3,6,personal,Detail-Orientated Skills,3
ENVU9EO,Earth Observation,Verity Flower,3,6,personal,Innovation,2
ENVU9EO,Earth Observation,Verity Flower,3,6,personal,Integrated Problem-solving,3
ENVU9EO,Earth Observation,Verity Flower,3,6,personal,Interpersonal Skills,3
ENVU9EO,Earth Observation,Verity Flower,3,6,personal,Leadership,2
ENVU9EO,Earth Observation,Verity Flower,3,6,personal,Reliability,2
ENVU9EO,Earth Observation,Verity Flower,3,6,personal,Resourcefulness,2
ENVU9EO,Earth Observation,Verity Flower,3,6,personal,Self-awareness,0
ENVU9EO,Earth Observation,Verity Flower,3,6,personal,Self-motivation,2
ENVU9EO,Earth Observation,Verity Flower,3,6,personal,Teamwork & Collaboration,3
ENVU9EO,Earth Observation,Verity Flower,3,6,personal,Time Management,3
EPLPPG1,Fundamentals of Remote Sensing,Verity Flower,5,9,computational,AI (generative) Competency,0
EPLPPG1,Fundamentals of Remote Sensing,Verity Flower,5,9,computational,Computer Programming,1
EPLPPG1,Fundamentals of Remote Sensing,Verity Flower,5,9,computational,Data Management,3
EPLPPG1,Fundamentals of Remote Sensing,Verity Flower,5,9,computational,Effective Email Communication,0
EPLPPG1,Fundamentals of Remote Sensing,Verity Flower,5,9,computational,Geographical Information Systems (GIS),3
EPLPPG1,Fundamentals of Remote Sensing,Verity Flower,5,9,computational,Graphic Design,3
EPLPPG1,Fundamentals of Remote Sensing,Verity Flower,5,9,computational,Modelling,1
EPLPPG1,Fundamentals of Remote Sensing,Verity Flower,5,9,computational,Presentation Software,0
EPLPPG1,Fundamentals of Remote Sensing,Verity Flower,5,9,computational,Remote Meeting/Collaborative Software,0
EPLPPG1,Fundamentals of Remote Sensing,Verity Flower,5,9,computational,Remote Sensing (data collection and analysis),3
EPLPPG1,Fundamentals of Remote Sensing,Verity Flower,5,9,computational,Social Media,0
EPLPPG1,Fundamentals of Remote Sensing,Verity Flower,5,9,computational,Spreadsheet Creation and Management,2
EPLPPG1,Fundamentals of Remote Sensing,Verity Flower,5,9,computational,Statistical Programmes,0
EPLPPG1,Fundamentals of Remote Sensing,Verity Flower,5,9,computational,Word Processing,3
EPLPPG1,Fundamentals of Remote Sensing,Verity Flower,5,9,field,Application of Remote Observations,2
EPLPPG1,Fundamentals of Remote Sensing,Verity Flower,5,9,field,Conducting Transects,0
EPLPPG1,Fundamentals of Remote Sensing,Verity Flower,5,9,field,Core Skills,1
EPLPPG1,Fundamentals of Remote Sensing,Verity Flower,5,9,field,Drone Observations,2
EPLPPG1,Fundamentals of Remote Sensing,Verity Flower,5,9,field,Environmental Impact Assessment,0
EPLPPG1,Fundamentals of Remote Sensing,Verity Flower,5,9,field,GPS Usage,0
EPLPPG1,Fundamentals of Remote Sensing,Verity Flower,5,9,field,Health and Safety Competency,0
EPLPPG1,Fundamentals of Remote Sensing,Verity Flower,5,9,field,Mapping Skills,3
EPLPPG1,Fundamentals of Remote Sensing,Verity Flower,5,9,field,Sampling: In-situ Monitoring,0
EPLPPG1,Fundamentals of Remote Sensing,Verity Flower,5,9,field,Sampling: Physical Collection,0
EPLPPG1,Fundamentals of Remote Sensing,Verity Flower,5,9,field,Species Monitoring,0
EPLPPG1,Fundamentals of Remote Sensing,Verity Flower,5,9,lab,Accurate Result Reporting,0
EPLPPG1,Fundamentals of Remote Sensing,Verity Flower,5,9,lab,Air Quality Analysis,0
EPLPPG1,Fundamentals of Remote Sensing,Verity Flower,5,9,lab,Chemical Handling,0
EPLPPG1,Fundamentals of Remote Sensing,Verity Flower,5,9,lab,Developing and Implementing SOPs,0
EPLPPG1,Fundamentals of Remote Sensing,Verity Flower,5,9,lab,Good Laboratory Practices (GLP),0
EPLPPG1,Fundamentals of Remote Sensing,Verity Flower,5,9,lab,Maintaining Lab Notebooks,0
EPLPPG1,Fundamentals of Remote Sensing,Verity Flower,5,9,lab,Microscopy,0
EPLPPG1,Fundamentals of Remote Sensing,Verity Flower,5,9,lab,Operating Lab Equipment,0
EPLPPG1,Fundamentals of Remote Sensing,Verity Flower,5,9,lab,Physical Chemical Analysis,0
EPLPPG1,Fundamentals of Remote Sensing,Verity Flower,5,9,lab,Pipetting,0
EPLPPG1,Fundamentals of Remote Sensing,Verity Flower,5,9,lab,Risk Assessments,0
EPLPPG1,Fundamentals of Remote Sensing,Verity Flower,5,9,lab,Sample Preparation and Handling,0
EPLPPG1,Fundamentals of Remote Sensing,Verity Flower,5,9,lab,Soil Quality Assessment,0
EPLPPG1,Fundamentals of Remote Sensing,Verity Flower,5,9,lab,Water Quality Assessment,0
EPLPPG1,Fundamentals of Remote Sensing,Verity Flower,5,9,personal,Adaptability,2
EPLPPG1,Fundamentals of Remote Sensing,Verity Flower,5,9,personal,Verbal Communication,2
EPLPPG1,Fundamentals of Remote Sensing,Verity Flower,5,9,personal,Written Communication,3
EPLPPG1,Fundamentals of Remote Sensing,Verity Flower,5,9,personal,Conflict Resolution,0
EPLPPG1,Fundamentals of Remote Sensing,Verity Flower,5,9,personal,Critical Thinking,3
EPLPPG1,Fundamentals of Remote Sensing,Verity Flower,5,9,personal,Detail-Orientated Skills,3
EPLPPG1,Fundamentals of Remote Sensing,Verity Flower,5,9,personal,Innovation,2
EPLPPG1,Fundamentals of Remote Sensing,Verity Flower,5,9,personal,Integrated Problem-solving,3
EPLPPG1,Fundamentals of Remote Sensing,Verity Flower,5,9,personal,Interpersonal Skills,0
EPLPPG1,Fundamentals of Remote Sensing,Verity Flower,5,9,personal,Leadership,0
EPLPPG1,Fundamentals of Remote Sensing,Verity Flower,5,9,personal,Reliability,2
EPLPPG1,Fundamentals of Remote Sensing,Verity Flower,5,9,personal,Resourcefulness,2
EPLPPG1,Fundamentals of Remote Sensing,Verity Flower,5,9,personal,Self-awareness,0
EPLPPG1,Fundamentals of Remote Sensing,Verity Flower,5,9,personal,Self-motivation,2
EPLPPG1,Fundamentals of Remote Sensing,Verity Flower,5,9,personal,Teamwork & Collaboration,0
EPLPPG1,Fundamentals of Remote Sensing,Verity Flower,5,9,personal,Time Management,2
ENVU4E4,The Biosphere,Jens-Arne Subke,2,4,computational,AI (generative) Competency,0
ENVU4E4,The Biosphere,Jens-Arne Subke,2,4,computational,Computer Programming,0
ENVU4E4,The Biosphere,Jens-Arne Subke,2,4,computational,Data Management,2
ENVU4E4,The Biosphere,Jens-Arne Subke,2,4,computational,Effective Email Communication,0
ENVU4E4,The Biosphere,Jens-Arne Subke,2,4,computational,Geographical Information Systems (GIS),0
ENVU4E4,The Biosphere,Jens-Arne Subke,2,4,computational,Graphic Design,1
ENVU4E4,The Biosphere,Jens-Arne Subke,2,4,computational,Modelling,0
ENVU4E4,The Biosphere,Jens-Arne Subke,2,4,computational,Presentation Software,0
ENVU4E4,The Biosphere,Jens-Arne Subke,2,4,computational,Remote Meeting/Collaborative Software,0
ENVU4E4,The Biosphere,Jens-Arne Subke,2,4,computational,Remote Sensing (data collection and analysis),0
ENVU4E4,The Biosphere,Jens-Arne Subke,2,4,computational,Social Media,0
ENVU4E4,The Biosphere,Jens-Arne Subke,2,4,computational,Spreadsheet Creation and Management,2
ENVU4E4,The Biosphere,Jens-Arne Subke,2,4,computational,Statistical Programmes,0
ENVU4E4,The Biosphere,Jens-Arne Subke,2,4,computational,Word Processing,2
ENVU4E4,The Biosphere,Jens-Arne Subke,2,4,field,Application of Remote Observations,0
ENVU4E4,The Biosphere,Jens-Arne Subke,2,4,field,Conducting Transects,0
ENVU4E4,The Biosphere,Jens-Arne Subke,2,4,field,Core Skills,1
ENVU4E4,The Biosphere,Jens-Arne Subke,2,4,field,Drone Observations,0
ENVU4E4,The Biosphere,Jens-Arne Subke,2,4,field,Environmental Impact Assessment,0
ENVU4E4,The Biosphere,Jens-Arne Subke,2,4,field,GPS Usage,0
ENVU4E4,The Biosphere,Jens-Arne Subke,2,4,field,Health and Safety Competency,0
ENVU4E4,The Biosphere,Jens-Arne Subke,2,4,field,Mapping Skills,0
ENVU4E4,The Biosphere,Jens-Arne Subke,2,4,field,Sampling: In-situ Monitoring,2
ENVU4E4,The Biosphere,Jens-Arne Subke,2,4,field,Sampling: Physical Collection,2
ENVU4E4,The Biosphere,Jens-Arne Subke,2,4,field,Species Monitoring,0
ENVU4E4,The Biosphere,Jens-Arne Subke,2,4,lab,Accurate Result Reporting,2
ENVU4E4,The Biosphere,Jens-Arne Subke,2,4,lab,Air Quality Analysis,0
ENVU4E4,The Biosphere,Jens-Arne Subke,2,4,lab,Chemical Handling,2
ENVU4E4,The Biosphere,Jens-Arne Subke,2,4,lab,Developing and Implementing SOPs,1
ENVU4E4,The Biosphere,Jens-Arne Subke,2,4,lab,Good Laboratory Practices (GLP),2
ENVU4E4,The Biosphere,Jens-Arne Subke,2,4,lab,Maintaining Lab Notebooks,2
ENVU4E4,The Biosphere,Jens-Arne Subke,2,4,lab,Microscopy,0
ENVU4E4,The Biosphere,Jens-Arne Subke,2,4,lab,Operating Lab Equipment,2
ENVU4E4,The Biosphere,Jens-Arne Subke,2,4,lab,Physical Chemical Analysis,2
ENVU4E4,The Biosphere,Jens-Arne Subke,2,4,lab,Pipetting,0
ENVU4E4,The Biosphere,Jens-Arne Subke,2,4,lab,Risk Assessments,0
ENVU4E4,The Biosphere,Jens-Arne Subke,2,4,lab,Sample Preparation and Handling,2
ENVU4E4,The Biosphere,Jens-Arne Subke,2,4,lab,Soil Quality Assessment,1
ENVU4E4,The Biosphere,Jens-Arne Subke,2,4,lab,Water Quality Assessment,1
ENVU4E4,The Biosphere,Jens-Arne Subke,2,4,personal,Adaptability,1
ENVU4E4,The Biosphere,Jens-Arne Subke,2,4,personal,Verbal Communication,2
ENVU4E4,The Biosphere,Jens-Arne Subke,2,4,personal,Written Communication,3
ENVU4E4,The Biosphere,Jens-Arne Subke,2,4,personal,Conflict Resolution,1
ENVU4E4,The Biosphere,Jens-Arne Subke,2,4,personal,Critical Thinking,3
ENVU4E4,The Biosphere,Jens-Arne Subke,2,4,personal,Detail-Orientated Skills,2
ENVU4E4,The Biosphere,Jens-Arne Subke,2,4,personal,Innovation,1
ENVU4E4,The Biosphere,Jens-Arne Subke,2,4,personal,Integrated Problem-solving,2
ENVU4E4,The Biosphere,Jens-Arne Subke,2,4,personal,Interpersonal Skills,2
ENVU4E4,The Biosphere,Jens-Arne Subke,2,4,personal,Leadership,1
ENVU4E4,The Biosphere,Jens-Arne Subke,2,4,personal,Reliability,3
ENVU4E4,The Biosphere,Jens-Arne Subke,2,4,personal,Resourcefulness,1
ENVU4E4,The Biosphere,Jens-Arne Subke,2,4,personal,Self-awareness,2
ENVU4E4,The Biosphere,Jens-Arne Subke,2,4,personal,Self-motivation,2
ENVU4E4,The Biosphere,Jens-Arne Subke,2,4,personal,Teamwork & Collaboration,3
ENVU4E4,The Biosphere,Jens-Arne Subke,2,4,personal,Time Management,2
BIOU6PE,Plant Ecology,Zarah Pattison,3,6,computational,AI (generative) Competency,0
BIOU6PE,Plant Ecology,Zarah Pattison,3,6,computational,Computer Programming,1
BIOU6PE,Plant Ecology,Zarah Pattison,3,6,computational,Data Management,2
BIOU6PE,Plant Ecology,Zarah Pattison,3,6,computational,Effective Email Communication,2
BIOU6PE,Plant Ecology,Zarah Pattison,3,6,computational,Geographical Information Systems (GIS),0
BIOU6PE,Plant Ecology,Zarah Pattison,3,6,computational,Graphic Design,2
BIOU6PE,Plant Ecology,Zarah Pattison,3,6,computational,Modelling,0
BIOU6PE,Plant Ecology,Zarah Pattison,3,6,computational,Presentation Software,2
BIOU6PE,Plant Ecology,Zarah Pattison,3,6,computational,Remote Meeting/Collaborative Software,2
BIOU6PE,Plant Ecology,Zarah Pattison,3,6,computational,Remote Sensing (data collection and analysis),0
BIOU6PE,Plant Ecology,Zarah Pattison,3,6,computational,Social Media,0
BIOU6PE,Plant Ecology,Zarah Pattison,3,6,computational,Spreadsheet Creation and Management,3
BIOU6PE,Plant Ecology,Zarah Pattison,3,6,computational,Statistical Programmes,3
BIOU6PE,Plant Ecology,Zarah Pattison,3,6,computational,Word Processing,3
BIOU6PE,Plant Ecology,Zarah Pattison,3,6,field,Application of Remote Observations,0
BIOU6PE,Plant Ecology,Zarah Pattison,3,6,field,Conducting Transects,1
BIOU6PE,Plant Ecology,Zarah Pattison,3,6,field,Core Skills,0
BIOU6PE,Plant Ecology,Zarah Pattison,3,6,field,Drone Observations,0
BIOU6PE,Plant Ecology,Zarah Pattison,3,6,field,Environmental Impact Assessment,0
BIOU6PE,Plant Ecology,Zarah Pattison,3,6,field,GPS Usage,0
BIOU6PE,Plant Ecology,Zarah Pattison,3,6,field,Health and Safety Competency,0
BIOU6PE,Plant Ecology,Zarah Pattison,3,6,field,Mapping Skills,0
BIOU6PE,Plant Ecology,Zarah Pattison,3,6,field,Sampling: In-situ Monitoring,1
BIOU6PE,Plant Ecology,Zarah Pattison,3,6,field,Sampling: Physical Collection,1
BIOU6PE,Plant Ecology,Zarah Pattison,3,6,field,Species Monitoring,0
BIOU6PE,Plant Ecology,Zarah Pattison,3,6,lab,Accurate Result Reporting,1
BIOU6PE,Plant Ecology,Zarah Pattison,3,6,lab,Air Quality Analysis,0
BIOU6PE,Plant Ecology,Zarah Pattison,3,6,lab,Chemical Handling,0
BIOU6PE,Plant Ecology,Zarah Pattison,3,6,lab,Developing and Implementing SOPs,0
BIOU6PE,Plant Ecology,Zarah Pattison,3,6,lab,Good Laboratory Practices (GLP),0
BIOU6PE,Plant Ecology,Zarah Pattison,3,6,lab,Maintaining Lab Notebooks,0
BIOU6PE,Plant Ecology,Zarah Pattison,3,6,lab,Microscopy,0
BIOU6PE,Plant Ecology,Zarah Pattison,3,6,lab,Operating Lab Equipment,0
BIOU6PE,Plant Ecology,Zarah Pattison,3,6,lab,Physical Chemical Analysis,0
BIOU6PE,Plant Ecology,Zarah Pattison,3,6,lab,Pipetting,0
BIOU6PE,Plant Ecology,Zarah Pattison,3,6,lab,Risk Assessments,0
BIOU6PE,Plant Ecology,Zarah Pattison,3,6,lab,Sample Preparation and Handling,0
BIOU6PE,Plant Ecology,Zarah Pattison,3,6,lab,Soil Quality Assessment,0
BIOU6PE,Plant Ecology,Zarah Pattison,3,6,lab,Water Quality Assessment,0
BIOU6PE,Plant Ecology,Zarah Pattison,3,6,personal,Adaptability,2
BIOU6PE,Plant Ecology,Zarah Pattison,3,6,personal,Verbal Communication,3
BIOU6PE,Plant Ecology,Zarah Pattison,3,6,personal,Written Communication,3
BIOU6PE,Plant Ecology,Zarah Pattison,3,6,personal,Conflict Resolution,2
BIOU6PE,Plant Ecology,Zarah Pattison,3,6,personal,Critical Thinking,3
BIOU6PE,Plant Ecology,Zarah Pattison,3,6,personal,Detail-Orientated Skills,3
BIOU6PE,Plant Ecology,Zarah Pattison,3,6,personal,Innovation,3
BIOU6PE,Plant Ecology,Zarah Pattison,3,6,personal,Integrated Problem-solving,3
BIOU6PE,Plant Ecology,Zarah Pattison,3,6,personal,Interpersonal Skills,3
BIOU6PE,Plant Ecology,Zarah Pattison,3,6,personal,Leadership,2
BIOU6PE,Plant Ecology,Zarah Pattison,3,6,personal,Reliability,2
BIOU6PE,Plant Ecology,Zarah Pattison,3,6,personal,Resourcefulness,2
BIOU6PE,Plant Ecology,Zarah Pattison,3,6,personal,Self-awareness,2
BIOU6PE,Plant Ecology,Zarah Pattison,3,6,personal,Self-motivation,2
BIOU6PE,Plant Ecology,Zarah Pattison,3,6,personal,Teamwork & Collaboration,2
BIOU6PE,Plant Ecology,Zarah Pattison,3,6,personal,Time Management,2
ENVU9FC,International Field Course,Zarah Pattison,3,6,computational,AI (generative) Competency,0
ENVU9FC,International Field Course,Zarah Pattison,3,6,computational,Computer Programming,0
ENVU9FC,International Field Course,Zarah Pattison,3,6,computational,Data Management,2
ENVU9FC,International Field Course,Zarah Pattison,3,6,computational,Effective Email Communication,1
ENVU9FC,International Field Course,Zarah Pattison,3,6,computational,Geographical Information Systems (GIS),1
ENVU9FC,International Field Course,Zarah Pattison,3,6,computational,Graphic Design,0
ENVU9FC,International Field Course,Zarah Pattison,3,6,computational,Modelling,1
ENVU9FC,International Field Course,Zarah Pattison,3,6,computational,Presentation Software,3
ENVU9FC,International Field Course,Zarah Pattison,3,6,computational,Remote Meeting/Collaborative Software,1
ENVU9FC,International Field Course,Zarah Pattison,3,6,computational,Remote Sensing (data collection and analysis),0
ENVU9FC,International Field Course,Zarah Pattison,3,6,computational,Social Media,1
ENVU9FC,International Field Course,Zarah Pattison,3,6,computational,Spreadsheet Creation and Management,2
ENVU9FC,International Field Course,Zarah Pattison,3,6,computational,Statistical Programmes,2
ENVU9FC,International Field Course,Zarah Pattison,3,6,computational,Word Processing,3
ENVU9FC,International Field Course,Zarah Pattison,3,6,field,Application of Remote Observations,3
ENVU9FC,International Field Course,Zarah Pattison,3,6,field,Conducting Transects,3
ENVU9FC,International Field Course,Zarah Pattison,3,6,field,Core Skills,2
ENVU9FC,International Field Course,Zarah Pattison,3,6,field,Drone Observations,1
ENVU9FC,International Field Course,Zarah Pattison,3,6,field,Environmental Impact Assessment,1
ENVU9FC,International Field Course,Zarah Pattison,3,6,field,GPS Usage,2
ENVU9FC,International Field Course,Zarah Pattison,3,6,field,Health and Safety Competency,3
ENVU9FC,International Field Course,Zarah Pattison,3,6,field,Mapping Skills,2
ENVU9FC,International Field Course,Zarah Pattison,3,6,field,Sampling: In-situ Monitoring,3
ENVU9FC,International Field Course,Zarah Pattison,3,6,field,Sampling: Physical Collection,2
ENVU9FC,International Field Course,Zarah Pattison,3,6,field,Species Monitoring,3
ENVU9FC,International Field Course,Zarah Pattison,3,6,lab,Accurate Result Reporting,1
ENVU9FC,International Field Course,Zarah Pattison,3,6,lab,Air Quality Analysis,0
ENVU9FC,International Field Course,Zarah Pattison,3,6,lab,Chemical Handling,0
ENVU9FC,International Field Course,Zarah Pattison,3,6,lab,Developing and Implementing SOPs,0
ENVU9FC,International Field Course,Zarah Pattison,3,6,lab,Good Laboratory Practices (GLP),0
ENVU9FC,International Field Course,Zarah Pattison,3,6,lab,Maintaining Lab Notebooks,0
ENVU9FC,International Field Course,Zarah Pattison,3,6,lab,Microscopy,0
ENVU9FC,International Field Course,Zarah Pattison,3,6,lab,Operating Lab Equipment,0
ENVU9FC,International Field Course,Zarah Pattison,3,6,lab,Physical Chemical Analysis,0
ENVU9FC,International Field Course,Zarah Pattison,3,6,lab,Pipetting,0
ENVU9FC,International Field Course,Zarah Pattison,3,6,lab,Risk Assessments,0
ENVU9FC,International Field Course,Zarah Pattison,3,6,lab,Sample Preparation and Handling,0
ENVU9FC,International Field Course,Zarah Pattison,3,6,lab,Soil Quality Assessment,0
ENVU9FC,International Field Course,Zarah Pattison,3,6,lab,Water Quality Assessment,0
ENVU9FC,International Field Course,Zarah Pattison,3,6,personal,Adaptability,3
ENVU9FC,International Field Course,Zarah Pattison,3,6,personal,Verbal Communication,3
ENVU9FC,International Field Course,Zarah Pattison,3,6,personal,Written Communication,3
ENVU9FC,International Field Course,Zarah Pattison,3,6,personal,Conflict Resolution,3
ENVU9FC,International Field Course,Zarah Pattison,3,6,personal,Critical Thinking,3
ENVU9FC,International Field Course,Zarah Pattison,3,6,personal,Detail-Orientated Skills,3
ENVU9FC,International Field Course,Zarah Pattison,3,6,personal,Innovation,3
ENVU9FC,International Field Course,Zarah Pattison,3,6,personal,Integrated Problem-solving,3
ENVU9FC,International Field Course,Zarah Pattison,3,6,personal,Interpersonal Skills,3
ENVU9FC,International Field Course,Zarah Pattison,3,6,personal,Leadership,3
ENVU9FC,International Field Course,Zarah Pattison,3,6,personal,Reliability,3
ENVU9FC,International Field Course,Zarah Pattison,3,6,personal,Resourcefulness,3
ENVU9FC,International Field Course,Zarah Pattison,3,6,personal,Self-awareness,3
ENVU9FC,International Field Course,Zarah Pattison,3,6,personal,Self-motivation,3
ENVU9FC,International Field Course,Zarah Pattison,3,6,personal,Teamwork & Collaboration,3
ENVU9FC,International Field Course,Zarah Pattison,3,6,personal,Time Management,3
BIOU6BE,Behavioural Ecology,Andre Gilburn,3,6,computational,AI (generative) Competency,0
BIOU6BE,Behavioural Ecology,Andre Gilburn,3,6,computational,Computer Programming,0
BIOU6BE,Behavioural Ecology,Andre Gilburn,3,6,computational,Data Management,2
BIOU6BE,Behavioural Ecology,Andre Gilburn,3,6,computational,Effective Email Communication,0
BIOU6BE,Behavioural Ecology,Andre Gilburn,3,6,computational,Geographical Information Systems (GIS),0
BIOU6BE,Behavioural Ecology,Andre Gilburn,3,6,computational,Graphic Design,0
BIOU6BE,Behavioural Ecology,Andre Gilburn,3,6,computational,Modelling,0
BIOU6BE,Behavioural Ecology,Andre Gilburn,3,6,computational,Presentation Software,0
BIOU6BE,Behavioural Ecology,Andre Gilburn,3,6,computational,Remote Meeting/Collaborative Software,0
BIOU6BE,Behavioural Ecology,Andre Gilburn,3,6,computational,Remote Sensing (data collection and analysis),0
BIOU6BE,Behavioural Ecology,Andre Gilburn,3,6,computational,Social Media,0
BIOU6BE,Behavioural Ecology,Andre Gilburn,3,6,computational,Spreadsheet Creation and Management,2
BIOU6BE,Behavioural Ecology,Andre Gilburn,3,6,computational,Statistical Programmes,3
BIOU6BE,Behavioural Ecology,Andre Gilburn,3,6,computational,Word Processing,3
BIOU6BE,Behavioural Ecology,Andre Gilburn,3,6,field,Application of Remote Observations,0
BIOU6BE,Behavioural Ecology,Andre Gilburn,3,6,field,Conducting Transects,0
BIOU6BE,Behavioural Ecology,Andre Gilburn,3,6,field,Core Skills,0
BIOU6BE,Behavioural Ecology,Andre Gilburn,3,6,field,Drone Observations,0
BIOU6BE,Behavioural Ecology,Andre Gilburn,3,6,field,Environmental Impact Assessment,0
BIOU6BE,Behavioural Ecology,Andre Gilburn,3,6,field,GPS Usage,0
BIOU6BE,Behavioural Ecology,Andre Gilburn,3,6,field,Health and Safety Competency,0
BIOU6BE,Behavioural Ecology,Andre Gilburn,3,6,field,Mapping Skills,0
BIOU6BE,Behavioural Ecology,Andre Gilburn,3,6,field,Sampling: In-situ Monitoring,3
BIOU6BE,Behavioural Ecology,Andre Gilburn,3,6,field,Sampling: Physical Collection,0
BIOU6BE,Behavioural Ecology,Andre Gilburn,3,6,field,Species Monitoring,0
BIOU6BE,Behavioural Ecology,Andre Gilburn,3,6,lab,Accurate Result Reporting,3
BIOU6BE,Behavioural Ecology,Andre Gilburn,3,6,lab,Air Quality Analysis,0
BIOU6BE,Behavioural Ecology,Andre Gilburn,3,6,lab,Chemical Handling,0
BIOU6BE,Behavioural Ecology,Andre Gilburn,3,6,lab,Developing and Implementing SOPs,0
BIOU6BE,Behavioural Ecology,Andre Gilburn,3,6,lab,Good Laboratory Practices (GLP),3
BIOU6BE,Behavioural Ecology,Andre Gilburn,3,6,lab,Maintaining Lab Notebooks,3
BIOU6BE,Behavioural Ecology,Andre Gilburn,3,6,lab,Operating Lab Equipment,0
BIOU6BE,Behavioural Ecology,Andre Gilburn,3,6,lab,Physical Chemical Analysis,0
BIOU6BE,Behavioural Ecology,Andre Gilburn,3,6,lab,Pipetting,0
BIOU6BE,Behavioural Ecology,Andre Gilburn,3,6,lab,Risk Assessments,0
BIOU6BE,Behavioural Ecology,Andre Gilburn,3,6,lab,Sample Preparation and Handling,0
BIOU6BE,Behavioural Ecology,Andre Gilburn,3,6,lab,Soil Quality Assessment,0
BIOU6BE,Behavioural Ecology,Andre Gilburn,3,6,lab,Water Quality Assessment,0
BIOU6BE,Behavioural Ecology,Andre Gilburn,3,6,personal,Adaptability,3
BIOU6BE,Behavioural Ecology,Andre Gilburn,3,6,personal,Verbal Communication,0
BIOU6BE,Behavioural Ecology,Andre Gilburn,3,6,personal,Written Communication,3
BIOU6BE,Behavioural Ecology,Andre Gilburn,3,6,personal,Conflict Resolution,0
BIOU6BE,Behavioural Ecology,Andre Gilburn,3,6,personal,Critical Thinking,3
BIOU6BE,Behavioural Ecology,Andre Gilburn,3,6,personal,Detail-Orientated Skills,0
BIOU6BE,Behavioural Ecology,Andre Gilburn,3,6,personal,Innovation,3
BIOU6BE,Behavioural Ecology,Andre Gilburn,3,6,personal,Integrated Problem-solving,3
BIOU6BE,Behavioural Ecology,Andre Gilburn,3,6,personal,Interpersonal Skills,0
BIOU6BE,Behavioural Ecology,Andre Gilburn,3,6,personal,Leadership,0
BIOU6BE,Behavioural Ecology,Andre Gilburn,3,6,personal,Reliability,3
BIOU6BE,Behavioural Ecology,Andre Gilburn,3,6,personal,Resourcefulness,3
BIOU6BE,Behavioural Ecology,Andre Gilburn,3,6,personal,Self-awareness,0
BIOU6BE,Behavioural Ecology,Andre Gilburn,3,6,personal,Self-motivation,3
BIOU6BE,Behavioural Ecology,Andre Gilburn,3,6,personal,Teamwork & Collaboration,0
BIOU6BE,Behavioural Ecology,Andre Gilburn,3,6,personal,Time Management,3
BIOU9AP,Animal Physiology,Tim Whalley,3,5,computational,AI (generative) Competency,0
BIOU9AP,Animal Physiology,Tim Whalley,3,5,computational,Computer Programming,0
BIOU9AP,Animal Physiology,Tim Whalley,3,5,computational,Data Management,0
BIOU9AP,Animal Physiology,Tim Whalley,3,5,computational,Effective Email Communication,0
BIOU9AP,Animal Physiology,Tim Whalley,3,5,computational,Geographical Information Systems (GIS),0
BIOU9AP,Animal Physiology,Tim Whalley,3,5,computational,Graphic Design,2
BIOU9AP,Animal Physiology,Tim Whalley,3,5,computational,Modelling,0
BIOU9AP,Animal Physiology,Tim Whalley,3,5,computational,Presentation Software,0
BIOU9AP,Animal Physiology,Tim Whalley,3,5,computational,Remote Meeting/Collaborative Software,0
BIOU9AP,Animal Physiology,Tim Whalley,3,5,computational,Remote Sensing (data collection and analysis),0
BIOU9AP,Animal Physiology,Tim Whalley,3,5,computational,Social Media,0
BIOU9AP,Animal Physiology,Tim Whalley,3,5,computational,Spreadsheet Creation and Management,2
BIOU9AP,Animal Physiology,Tim Whalley,3,5,computational,Statistical Programmes,0
BIOU9AP,Animal Physiology,Tim Whalley,3,5,computational,Word Processing,2
BIOU9AP,Animal Physiology,Tim Whalley,3,5,field,Application of Remote Observations,0
BIOU9AP,Animal Physiology,Tim Whalley,3,5,field,Conducting Transects,0
BIOU9AP,Animal Physiology,Tim Whalley,3,5,field,Core Skills,0
BIOU9AP,Animal Physiology,Tim Whalley,3,5,field,Drone Observations,0
BIOU9AP,Animal Physiology,Tim Whalley,3,5,field,Environmental Impact Assessment,0
BIOU9AP,Animal Physiology,Tim Whalley,3,5,field,GPS Usage,0
BIOU9AP,Animal Physiology,Tim Whalley,3,5,field,Health and Safety Competency,0
BIOU9AP,Animal Physiology,Tim Whalley,3,5,field,Mapping Skills,0
BIOU9AP,Animal Physiology,Tim Whalley,3,5,field,Sampling: In-situ Monitoring,0
BIOU9AP,Animal Physiology,Tim Whalley,3,5,field,Sampling: Physical Collection,0
BIOU9AP,Animal Physiology,Tim Whalley,3,5,field,Species Monitoring,0
BIOU9AP,Animal Physiology,Tim Whalley,3,5,lab,Accurate Result Reporting,2
BIOU9AP,Animal Physiology,Tim Whalley,3,5,lab,Air Quality Analysis,0
BIOU9AP,Animal Physiology,Tim Whalley,3,5,lab,Chemical Handling,0
BIOU9AP,Animal Physiology,Tim Whalley,3,5,lab,Developing and Implementing SOPs,0
BIOU9AP,Animal Physiology,Tim Whalley,3,5,lab,Good Laboratory Practices (GLP),2
BIOU9AP,Animal Physiology,Tim Whalley,3,5,lab,Maintaining Lab Notebooks,2
BIOU9AP,Animal Physiology,Tim Whalley,3,5,lab,Microscopy,0
BIOU9AP,Animal Physiology,Tim Whalley,3,5,lab,Operating Lab Equipment,2
BIOU9AP,Animal Physiology,Tim Whalley,3,5,lab,Physical Chemical Analysis,0
BIOU9AP,Animal Physiology,Tim Whalley,3,5,lab,Pipetting,2
BIOU9AP,Animal Physiology,Tim Whalley,3,5,lab,Sample Preparation and Handling,0
BIOU9AP,Animal Physiology,Tim Whalley,3,5,lab,Soil Quality Assessment,0
BIOU9AP,Animal Physiology,Tim Whalley,3,5,lab,Water Quality Assessment,0
BIOU9AP,Animal Physiology,Tim Whalley,3,5,personal,Adaptability,0
BIOU9AP,Animal Physiology,Tim Whalley,3,5,personal,Verbal Communication,0
BIOU9AP,Animal Physiology,Tim Whalley,3,5,personal,Written Communication,2
BIOU9AP,Animal Physiology,Tim Whalley,3,5,personal,Conflict Resolution,0
BIOU9AP,Animal Physiology,Tim Whalley,3,5,personal,Critical Thinking,0
BIOU9AP,Animal Physiology,Tim Whalley,3,5,personal,Detail-Orientated Skills,0
BIOU9AP,Animal Physiology,Tim Whalley,3,5,personal,Innovation,0
BIOU9AP,Animal Physiology,Tim Whalley,3,5,personal,Integrated Problem-solving,0
BIOU9AP,Animal Physiology,Tim Whalley,3,5,personal,Interpersonal Skills,0
BIOU9AP,Animal Physiology,Tim Whalley,3,5,personal,Leadership,0
BIOU9AP,Animal Physiology,Tim Whalley,3,5,personal,Reliability,0
BIOU9AP,Animal Physiology,Tim Whalley,3,5,personal,Resourcefulness,0
BIOU9AP,Animal Physiology,Tim Whalley,3,5,personal,Self-awareness,0
BIOU9AP,Animal Physiology,Tim Whalley,3,5,personal,Self-motivation,0
BIOU9AP,Animal Physiology,Tim Whalley,3,5,personal,Teamwork & Collaboration,0
BIOU9AP,Animal Physiology,Tim Whalley,3,5,personal,Time Management,0
BIOU2PH,Introduction to Physiology,Tim Whalley,1,2,computational,AI (generative) Competency,0
BIOU2PH,Introduction to Physiology,Tim Whalley,1,2,computational,Computer Programming,0
BIOU2PH,Introduction to Physiology,Tim Whalley,1,2,computational,Data Management,0
BIOU2PH,Introduction to Physiology,Tim Whalley,1,2,computational,Effective Email Communication,0
BIOU2PH,Introduction to Physiology,Tim Whalley,1,2,computational,Geographical Information Systems (GIS),0
BIOU2PH,Introduction to Physiology,Tim Whalley,1,2,computational,Graphic Design,2
BIOU2PH,Introduction to Physiology,Tim Whalley,1,2,computational,Modelling,0
BIOU2PH,Introduction to Physiology,Tim Whalley,1,2,computational,Presentation Software,1
BIOU2PH,Introduction to Physiology,Tim Whalley,1,2,computational,Remote Meeting/Collaborative Software,0
BIOU2PH,Introduction to Physiology,Tim Whalley,1,2,computational,Remote Sensing (data collection and analysis),0
BIOU2PH,Introduction to Physiology,Tim Whalley,1,2,computational,Social Media,0
BIOU2PH,Introduction to Physiology,Tim Whalley,1,2,computational,Spreadsheet Creation and Management,0
BIOU2PH,Introduction to Physiology,Tim Whalley,1,2,computational,Statistical Programmes,0
BIOU2PH,Introduction to Physiology,Tim Whalley,1,2,computational,Word Processing,0
BIOU2PH,Introduction to Physiology,Tim Whalley,1,2,field,Application of Remote Observations,0
BIOU2PH,Introduction to Physiology,Tim Whalley,1,2,field,Conducting Transects,0
BIOU2PH,Introduction to Physiology,Tim Whalley,1,2,field,Core Skills,0
BIOU2PH,Introduction to Physiology,Tim Whalley,1,2,field,Drone Observations,0
BIOU2PH,Introduction to Physiology,Tim Whalley,1,2,field,Environmental Impact Assessment,0
BIOU2PH,Introduction to Physiology,Tim Whalley,1,2,field,GPS Usage,0
BIOU2PH,Introduction to Physiology,Tim Whalley,1,2,field,Health and Safety Competency,0
BIOU2PH,Introduction to Physiology,Tim Whalley,1,2,field,Mapping Skills,0
BIOU2PH,Introduction to Physiology,Tim Whalley,1,2,field,Sampling: In-situ Monitoring,0
BIOU2PH,Introduction to Physiology,Tim Whalley,1,2,field,Sampling: Physical Collection,0
BIOU2PH,Introduction to Physiology,Tim Whalley,1,2,field,Species Monitoring,0
BIOU2PH,Introduction to Physiology,Tim Whalley,1,2,lab,Accurate Result Reporting,0
BIOU2PH,Introduction to Physiology,Tim Whalley,1,2,lab,Air Quality Analysis,0
BIOU2PH,Introduction to Physiology,Tim Whalley,1,2,lab,Chemical Handling,0
BIOU2PH,Introduction to Physiology,Tim Whalley,1,2,lab,Developing and Implementing SOPs,0
BIOU2PH,Introduction to Physiology,Tim Whalley,1,2,lab,Good Laboratory Practices (GLP),0
BIOU2PH,Introduction to Physiology,Tim Whalley,1,2,lab,Maintaining Lab Notebooks,0
BIOU2PH,Introduction to Physiology,Tim Whalley,1,2,lab,Microscopy,0
BIOU2PH,Introduction to Physiology,Tim Whalley,1,2,lab,Operating Lab Equipment,0
BIOU2PH,Introduction to Physiology,Tim Whalley,1,2,lab,Physical Chemical Analysis,0
BIOU2PH,Introduction to Physiology,Tim Whalley,1,2,lab,Pipetting,0
BIOU2PH,Introduction to Physiology,Tim Whalley,1,2,lab,Risk Assessments,0
BIOU2PH,Introduction to Physiology,Tim Whalley,1,2,lab,Sample Preparation and Handling,0
BIOU2PH,Introduction to Physiology,Tim Whalley,1,2,lab,Soil Quality Assessment,0
BIOU2PH,Introduction to Physiology,Tim Whalley,1,2,lab,Water Quality Assessment,0
BIOU2PH,Introduction to Physiology,Tim Whalley,1,2,personal,Adaptability,0
BIOU2PH,Introduction to Physiology,Tim Whalley,1,2,personal,Verbal Communication,0
BIOU2PH,Introduction to Physiology,Tim Whalley,1,2,personal,Written Communication,2
BIOU2PH,Introduction to Physiology,Tim Whalley,1,2,personal,Conflict Resolution,0
BIOU2PH,Introduction to Physiology,Tim Whalley,1,2,personal,Critical Thinking,2
BIOU2PH,Introduction to Physiology,Tim Whalley,1,2,personal,Detail-Orientated Skills,0
BIOU2PH,Introduction to Physiology,Tim Whalley,1,2,personal,Innovation,0
BIOU2PH,Introduction to Physiology,Tim Whalley,1,2,personal,Integrated Problem-solving,0
BIOU2PH,Introduction to Physiology,Tim Whalley,1,2,personal,Interpersonal Skills,0
BIOU2PH,Introduction to Physiology,Tim Whalley,1,2,personal,Leadership,0
BIOU2PH,Introduction to Physiology,Tim Whalley,1,2,personal,Reliability,0
BIOU2PH,Introduction to Physiology,Tim Whalley,1,2,personal,Resourcefulness,0
BIOU2PH,Introduction to Physiology,Tim Whalley,1,2,personal,Self-awareness,0
BIOU2PH,Introduction to Physiology,Tim Whalley,1,2,personal,Self-motivation,1
BIOU2PH,Introduction to Physiology,Tim Whalley,1,2,personal,Teamwork & Collaboration,0
BIOU2PH,Introduction to Physiology,Tim Whalley,1,2,personal,Time Management,1
ENVU5S5,Living Soils,Carmen Rosa Medina-Carmona,3,5,computational,AI (generative) Competency,2
ENVU5S5,Living Soils,Carmen Rosa Medina-Carmona,3,5,computational,Computer Programming,2
ENVU5S5,Living Soils,Carmen Rosa Medina-Carmona,3,5,computational,Data Management,3
ENVU5S5,Living Soils,Carmen Rosa Medina-Carmona,3,5,computational,Effective Email Communication,1
ENVU5S5,Living Soils,Carmen Rosa Medina-Carmona,3,5,computational,Geographical Information Systems (GIS),0
ENVU5S5,Living Soils,Carmen Rosa Medina-Carmona,3,5,computational,Graphic Design,2
ENVU5S5,Living Soils,Carmen Rosa Medina-Carmona,3,5,computational,Modelling,2
ENVU5S5,Living Soils,Carmen Rosa Medina-Carmona,3,5,computational,Presentation Software,2
ENVU5S5,Living Soils,Carmen Rosa Medina-Carmona,3,5,computational,Remote Meeting/Collaborative Software,2
ENVU5S5,Living Soils,Carmen Rosa Medina-Carmona,3,5,computational,Remote Sensing (data collection and analysis),0
ENVU5S5,Living Soils,Carmen Rosa Medina-Carmona,3,5,computational,Social Media,0
ENVU5S5,Living Soils,Carmen Rosa Medina-Carmona,3,5,computational,Spreadsheet Creation and Management,2
ENVU5S5,Living Soils,Carmen Rosa Medina-Carmona,3,5,computational,Statistical Programmes,2
ENVU5S5,Living Soils,Carmen Rosa Medina-Carmona,3,5,computational,Word Processing,0
ENVU5S5,Living Soils,Carmen Rosa Medina-Carmona,3,5,field,Application of Remote Observations,0
ENVU5S5,Living Soils,Carmen Rosa Medina-Carmona,3,5,field,Conducting Transects,3
ENVU5S5,Living Soils,Carmen Rosa Medina-Carmona,3,5,field,Core Skills,0
ENVU5S5,Living Soils,Carmen Rosa Medina-Carmona,3,5,field,Drone Observations,0
ENVU5S5,Living Soils,Carmen Rosa Medina-Carmona,3,5,field,Environmental Impact Assessment,0
ENVU5S5,Living Soils,Carmen Rosa Medina-Carmona,3,5,field,GPS Usage,0
ENVU5S5,Living Soils,Carmen Rosa Medina-Carmona,3,5,field,Health and Safety Competency,1
ENVU5S5,Living Soils,Carmen Rosa Medina-Carmona,3,5,field,Mapping Skills,0
ENVU5S5,Living Soils,Carmen Rosa Medina-Carmona,3,5,field,Sampling: In-situ Monitoring,0
ENVU5S5,Living Soils,Carmen Rosa Medina-Carmona,3,5,field,Sampling: Physical Collection,3
ENVU5S5,Living Soils,Carmen Rosa Medina-Carmona,3,5,field,Species Monitoring,2
ENVU5S5,Living Soils,Carmen Rosa Medina-Carmona,3,5,lab,Accurate Result Reporting,3
ENVU5S5,Living Soils,Carmen Rosa Medina-Carmona,3,5,lab,Air Quality Analysis,0
ENVU5S5,Living Soils,Carmen Rosa Medina-Carmona,3,5,lab,Chemical Handling,2
ENVU5S5,Living Soils,Carmen Rosa Medina-Carmona,3,5,lab,Developing and Implementing SOPs,0
ENVU5S5,Living Soils,Carmen Rosa Medina-Carmona,3,5,lab,Good Laboratory Practices (GLP),1
ENVU5S5,Living Soils,Carmen Rosa Medina-Carmona,3,5,lab,Maintaining Lab Notebooks,2
ENVU5S5,Living Soils,Carmen Rosa Medina-Carmona,3,5,lab,Microscopy,2
ENVU5S5,Living Soils,Carmen Rosa Medina-Carmona,3,5,lab,Operating Lab Equipment,2
ENVU5S5,Living Soils,Carmen Rosa Medina-Carmona,3,5,lab,Physical Chemical Analysis,3
ENVU5S5,Living Soils,Carmen Rosa Medina-Carmona,3,5,lab,Pipetting,0
ENVU5S5,Living Soils,Carmen Rosa Medina-Carmona,3,5,lab,Risk Assessments,1
ENVU5S5,Living Soils,Carmen Rosa Medina-Carmona,3,5,lab,Sample Preparation and Handling,3
ENVU5S5,Living Soils,Carmen Rosa Medina-Carmona,3,5,lab,Soil Quality Assessment,3
ENVU5S5,Living Soils,Carmen Rosa Medina-Carmona,3,5,lab,Water Quality Assessment,0
ENVU5S5,Living Soils,Carmen Rosa Medina-Carmona,3,5,personal,Adaptability,1
ENVU5S5,Living Soils,Carmen Rosa Medina-Carmona,3,5,personal,Verbal Communication,3
ENVU5S5,Living Soils,Carmen Rosa Medina-Carmona,3,5,personal,Written Communication,3
ENVU5S5,Living Soils,Carmen Rosa Medina-Carmona,3,5,personal,Conflict Resolution,2
ENVU5S5,Living Soils,Carmen Rosa Medina-Carmona,3,5,personal,Critical Thinking,3
ENVU5S5,Living Soils,Carmen Rosa Medina-Carmona,3,5,personal,Detail-Orientated Skills,2
ENVU5S5,Living Soils,Carmen Rosa Medina-Carmona,3,5,personal,Innovation,2
ENVU5S5,Living Soils,Carmen Rosa Medina-Carmona,3,5,personal,Integrated Problem-solving,2
ENVU5S5,Living Soils,Carmen Rosa Medina-Carmona,3,5,personal,Interpersonal Skills,1
ENVU5S5,Living Soils,Carmen Rosa Medina-Carmona,3,5,personal,Leadership,1
ENVU5S5,Living Soils,Carmen Rosa Medina-Carmona,3,5,personal,Reliability,1
ENVU5S5,Living Soils,Carmen Rosa Medina-Carmona,3,5,personal,Resourcefulness,1
ENVU5S5,Living Soils,Carmen Rosa Medina-Carmona,3,5,personal,Self-awareness,1
ENVU5S5,Living Soils,Carmen Rosa Medina-Carmona,3,5,personal,Self-motivation,2
ENVU5S5,Living Soils,Carmen Rosa Medina-Carmona,3,5,personal,Teamwork & Collaboration,3
ENVU5S5,Living Soils,Carmen Rosa Medina-Carmona,3,5,personal,Time Management,2
ENVU9WM,Sustainable Water Management,David Oliver,3,5,computational,AI (generative) Competency,0
ENVU9WM,Sustainable Water Management,David Oliver,3,5,computational,Computer Programming,0
ENVU9WM,Sustainable Water Management,David Oliver,3,5,computational,Data Management,0
ENVU9WM,Sustainable Water Management,David Oliver,3,5,computational,Effective Email Communication,0
ENVU9WM,Sustainable Water Management,David Oliver,3,5,computational,Geographical Information Systems (GIS),0
ENVU9WM,Sustainable Water Management,David Oliver,3,5,computational,Graphic Design,1
ENVU9WM,Sustainable Water Management,David Oliver,3,5,computational,Modelling,1
ENVU9WM,Sustainable Water Management,David Oliver,3,5,computational,Presentation Software,0
ENVU9WM,Sustainable Water Management,David Oliver,3,5,computational,Remote Meeting/Collaborative Software,0
ENVU9WM,Sustainable Water Management,David Oliver,3,5,computational,Remote Sensing (data collection and analysis),0
ENVU9WM,Sustainable Water Management,David Oliver,3,5,computational,Social Media,0
ENVU9WM,Sustainable Water Management,David Oliver,3,5,computational,Spreadsheet Creation and Management,0
ENVU9WM,Sustainable Water Management,David Oliver,3,5,computational,Statistical Programmes,0
ENVU9WM,Sustainable Water Management,David Oliver,3,5,computational,Word Processing,0
ENVU9WM,Sustainable Water Management,David Oliver,3,5,field,Application of Remote Observations,0
ENVU9WM,Sustainable Water Management,David Oliver,3,5,field,Conducting Transects,0
ENVU9WM,Sustainable Water Management,David Oliver,3,5,field,Core Skills,0
ENVU9WM,Sustainable Water Management,David Oliver,3,5,field,Drone Observations,0
ENVU9WM,Sustainable Water Management,David Oliver,3,5,field,Environmental Impact Assessment,0
ENVU9WM,Sustainable Water Management,David Oliver,3,5,field,GPS Usage,0
ENVU9WM,Sustainable Water Management,David Oliver,3,5,field,Health and Safety Competency,0
ENVU9WM,Sustainable Water Management,David Oliver,3,5,field,Mapping Skills,0
ENVU9WM,Sustainable Water Management,David Oliver,3,5,field,Sampling: In-situ Monitoring,1
ENVU9WM,Sustainable Water Management,David Oliver,3,5,field,Sampling: Physical Collection,0
ENVU9WM,Sustainable Water Management,David Oliver,3,5,field,Species Monitoring,0
ENVU9WM,Sustainable Water Management,David Oliver,3,5,lab,Accurate Result Reporting,0
ENVU9WM,Sustainable Water Management,David Oliver,3,5,lab,Air Quality Analysis,0
ENVU9WM,Sustainable Water Management,David Oliver,3,5,lab,Chemical Handling,0
ENVU9WM,Sustainable Water Management,David Oliver,3,5,lab,Developing and Implementing SOPs,0
ENVU9WM,Sustainable Water Management,David Oliver,3,5,lab,Good Laboratory Practices (GLP),0
ENVU9WM,Sustainable Water Management,David Oliver,3,5,lab,Maintaining Lab Notebooks,0
ENVU9WM,Sustainable Water Management,David Oliver,3,5,lab,Microscopy,0
ENVU9WM,Sustainable Water Management,David Oliver,3,5,lab,Operating Lab Equipment,0
ENVU9WM,Sustainable Water Management,David Oliver,3,5,lab,Physical Chemical Analysis,0
ENVU9WM,Sustainable Water Management,David Oliver,3,5,lab,Pipetting,0
ENVU9WM,Sustainable Water Management,David Oliver,3,5,lab,Risk Assessments,0
ENVU9WM,Sustainable Water Management,David Oliver,3,5,lab,Sample Preparation and Handling,0
ENVU9WM,Sustainable Water Management,David Oliver,3,5,lab,Soil Quality Assessment,1
ENVU9WM,Sustainable Water Management,David Oliver,3,5,lab,Water Quality Assessment,1
ENVU9WM,Sustainable Water Management,David Oliver,3,5,personal,Adaptability,1
ENVU9WM,Sustainable Water Management,David Oliver,3,5,personal,Verbal Communication,0
ENVU9WM,Sustainable Water Management,David Oliver,3,5,personal,Written Communication,3
ENVU9WM,Sustainable Water Management,David Oliver,3,5,personal,Conflict Resolution,2
ENVU9WM,Sustainable Water Management,David Oliver,3,5,personal,Critical Thinking,3
ENVU9WM,Sustainable Water Management,David Oliver,3,5,personal,Detail-Orientated Skills,2
ENVU9WM,Sustainable Water Management,David Oliver,3,5,personal,Innovation,2
ENVU9WM,Sustainable Water Management,David Oliver,3,5,personal,Integrated Problem-solving,2
ENVU9WM,Sustainable Water Management,David Oliver,3,5,personal,Interpersonal Skills,2
ENVU9WM,Sustainable Water Management,David Oliver,3,5,personal,Leadership,0
ENVU9WM,Sustainable Water Management,David Oliver,3,5,personal,Reliability,2
ENVU9WM,Sustainable Water Management,David Oliver,3,5,personal,Resourcefulness,1
ENVU9WM,Sustainable Water Management,David Oliver,3,5,personal,Self-awareness,0
ENVU9WM,Sustainable Water Management,David Oliver,3,5,personal,Self-motivation,3
ENVU9WM,Sustainable Water Management,David Oliver,3,5,personal,Teamwork & Collaboration,0
ENVU9WM,Sustainable Water Management,David Oliver,3,5,personal,Time Management,3
GEOU2GE,Global Environmental Issues,David Oliver,1,2,computational,AI (generative) Competency,0
GEOU2GE,Global Environmental Issues,David Oliver,1,2,computational,Computer Programming,0
GEOU2GE,Global Environmental Issues,David Oliver,1,2,computational,Data Management,2
GEOU2GE,Global Environmental Issues,David Oliver,1,2,computational,Effective Email Communication,0
GEOU2GE,Global Environmental Issues,David Oliver,1,2,computational,Geographical Information Systems (GIS),0
GEOU2GE,Global Environmental Issues,David Oliver,1,2,computational,Graphic Design,2
GEOU2GE,Global Environmental Issues,David Oliver,1,2,computational,Modelling,0
GEOU2GE,Global Environmental Issues,David Oliver,1,2,computational,Presentation Software,0
GEOU2GE,Global Environmental Issues,David Oliver,1,2,computational,Remote Meeting/Collaborative Software,0
GEOU2GE,Global Environmental Issues,David Oliver,1,2,computational,Remote Sensing (data collection and analysis),0
GEOU2GE,Global Environmental Issues,David Oliver,1,2,computational,Social Media,0
GEOU2GE,Global Environmental Issues,David Oliver,1,2,computational,Spreadsheet Creation and Management,2
GEOU2GE,Global Environmental Issues,David Oliver,1,2,computational,Statistical Programmes,0
GEOU2GE,Global Environmental Issues,David Oliver,1,2,computational,Word Processing,2
GEOU2GE,Global Environmental Issues,David Oliver,1,2,field,Application of Remote Observations,0
GEOU2GE,Global Environmental Issues,David Oliver,1,2,field,Conducting Transects,0
GEOU2GE,Global Environmental Issues,David Oliver,1,2,field,Core Skills,1
GEOU2GE,Global Environmental Issues,David Oliver,1,2,field,Drone Observations,0
GEOU2GE,Global Environmental Issues,David Oliver,1,2,field,Environmental Impact Assessment,0
GEOU2GE,Global Environmental Issues,David Oliver,1,2,field,GPS Usage,0
GEOU2GE,Global Environmental Issues,David Oliver,1,2,field,Health and Safety Competency,0
GEOU2GE,Global Environmental Issues,David Oliver,1,2,field,Mapping Skills,0
GEOU2GE,Global Environmental Issues,David Oliver,1,2,field,Sampling: In-situ Monitoring,1
GEOU2GE,Global Environmental Issues,David Oliver,1,2,field,Sampling: Physical Collection,0
GEOU2GE,Global Environmental Issues,David Oliver,1,2,field,Species Monitoring,0
GEOU2GE,Global Environmental Issues,David Oliver,1,2,lab,Accurate Result Reporting,0
GEOU2GE,Global Environmental Issues,David Oliver,1,2,lab,Air Quality Analysis,1
GEOU2GE,Global Environmental Issues,David Oliver,1,2,lab,Chemical Handling,0
GEOU2GE,Global Environmental Issues,David Oliver,1,2,lab,Developing and Implementing SOPs,0
GEOU2GE,Global Environmental Issues,David Oliver,1,2,lab,Good Laboratory Practices (GLP),0
GEOU2GE,Global Environmental Issues,David Oliver,1,2,lab,Maintaining Lab Notebooks,0
GEOU2GE,Global Environmental Issues,David Oliver,1,2,lab,Microscopy,0
GEOU2GE,Global Environmental Issues,David Oliver,1,2,lab,Operating Lab Equipment,0
GEOU2GE,Global Environmental Issues,David Oliver,1,2,lab,Physical Chemical Analysis,0
GEOU2GE,Global Environmental Issues,David Oliver,1,2,lab,Pipetting,0
GEOU2GE,Global Environmental Issues,David Oliver,1,2,lab,Risk Assessments,0
GEOU2GE,Global Environmental Issues,David Oliver,1,2,lab,Sample Preparation and Handling,0
GEOU2GE,Global Environmental Issues,David Oliver,1,2,lab,Soil Quality Assessment,1
GEOU2GE,Global Environmental Issues,David Oliver,1,2,lab,Water Quality Assessment,1
GEOU2GE,Global Environmental Issues,David Oliver,1,2,personal,Adaptability,0
GEOU2GE,Global Environmental Issues,David Oliver,1,2,personal,Verbal Communication,0
GEOU2GE,Global Environmental Issues,David Oliver,1,2,personal,Written Communication,2
GEOU2GE,Global Environmental Issues,David Oliver,1,2,personal,Conflict Resolution,0
GEOU2GE,Global Environmental Issues,David Oliver,1,2,personal,Critical Thinking,1
GEOU2GE,Global Environmental Issues,David Oliver,1,2,personal,Detail-Orientated Skills,1
GEOU2GE,Global Environmental Issues,David Oliver,1,2,personal,Innovation,0
GEOU2GE,Global Environmental Issues,David Oliver,1,2,personal,Integrated Problem-solving,0
GEOU2GE,Global Environmental Issues,David Oliver,1,2,personal,Interpersonal Skills,0
GEOU2GE,Global Environmental Issues,David Oliver,1,2,personal,Leadership,0
GEOU2GE,Global Environmental Issues,David Oliver,1,2,personal,Reliability,1
GEOU2GE,Global Environmental Issues,David Oliver,1,2,personal,Resourcefulness,0
GEOU2GE,Global Environmental Issues,David Oliver,1,2,personal,Self-awareness,0
GEOU2GE,Global Environmental Issues,David Oliver,1,2,personal,Self-motivation,1
GEOU2GE,Global Environmental Issues,David Oliver,1,2,personal,Teamwork & Collaboration,0
GEOU2GE,Global Environmental Issues,David Oliver,1,2,personal,Time Management,2
BIOU2CE,"Cells, the building blocks of life (2025/6)",Jenson Lim,1,2,computational,AI (generative) Competency,0
BIOU2CE,"Cells, the building blocks of life (2025/6)",Jenson Lim,1,2,computational,Computer Programming,0
BIOU2CE,"Cells, the building blocks of life (2025/6)",Jenson Lim,1,2,computational,Data Management,0
BIOU2CE,"Cells, the building blocks of life (2025/6)",Jenson Lim,1,2,computational,Effective Email Communication,1
BIOU2CE,"Cells, the building blocks of life (2025/6)",Jenson Lim,1,2,computational,Geographical Information Systems (GIS),0
BIOU2CE,"Cells, the building blocks of life (2025/6)",Jenson Lim,1,2,computational,Graphic Design,0
BIOU2CE,"Cells, the building blocks of life (2025/6)",Jenson Lim,1,2,computational,Modelling,1
BIOU2CE,"Cells, the building blocks of life (2025/6)",Jenson Lim,1,2,computational,Presentation Software,0
BIOU2CE,"Cells, the building blocks of life (2025/6)",Jenson Lim,1,2,computational,Remote Meeting/Collaborative Software,0
BIOU2CE,"Cells, the building blocks of life (2025/6)",Jenson Lim,1,2,computational,Remote Sensing (data collection and analysis),0
BIOU2CE,"Cells, the building blocks of life (2025/6)",Jenson Lim,1,2,computational,Social Media,0
BIOU2CE,"Cells, the building blocks of life (2025/6)",Jenson Lim,1,2,computational,Spreadsheet Creation and Management,1
BIOU2CE,"Cells, the building blocks of life (2025/6)",Jenson Lim,1,2,computational,Statistical Programmes,0
BIOU2CE,"Cells, the building blocks of life (2025/6)",Jenson Lim,1,2,computational,Word Processing,1
BIOU2CE,"Cells, the building blocks of life (2025/6)",Jenson Lim,1,2,field,Application of Remote Observations,0
BIOU2CE,"Cells, the building blocks of life (2025/6)",Jenson Lim,1,2,field,Conducting Transects,0
BIOU2CE,"Cells, the building blocks of life (2025/6)",Jenson Lim,1,2,field,Core Skills,0
BIOU2CE,"Cells, the building blocks of life (2025/6)",Jenson Lim,1,2,field,Drone Observations,0
BIOU2CE,"Cells, the building blocks of life (2025/6)",Jenson Lim,1,2,field,Environmental Impact Assessment,0
BIOU2CE,"Cells, the building blocks of life (2025/6)",Jenson Lim,1,2,field,GPS Usage,0
BIOU2CE,"Cells, the building blocks of life (2025/6)",Jenson Lim,1,2,field,Health and Safety Competency,0
BIOU2CE,"Cells, the building blocks of life (2025/6)",Jenson Lim,1,2,field,Mapping Skills,0
BIOU2CE,"Cells, the building blocks of life (2025/6)",Jenson Lim,1,2,field,Sampling: In-situ Monitoring,0
BIOU2CE,"Cells, the building blocks of life (2025/6)",Jenson Lim,1,2,field,Sampling: Physical Collection,0
BIOU2CE,"Cells, the building blocks of life (2025/6)",Jenson Lim,1,2,field,Species Monitoring,0
BIOU2CE,"Cells, the building blocks of life (2025/6)",Jenson Lim,1,2,lab,Accurate Result Reporting,2
BIOU2CE,"Cells, the building blocks of life (2025/6)",Jenson Lim,1,2,lab,Air Quality Analysis,0
BIOU2CE,"Cells, the building blocks of life (2025/6)",Jenson Lim,1,2,lab,Chemical Handling,2
BIOU2CE,"Cells, the building blocks of life (2025/6)",Jenson Lim,1,2,lab,Developing and Implementing SOPs,2
BIOU2CE,"Cells, the building blocks of life (2025/6)",Jenson Lim,1,2,lab,Good Laboratory Practices (GLP),2
BIOU2CE,"Cells, the building blocks of life (2025/6)",Jenson Lim,1,2,lab,Maintaining Lab Notebooks,0
BIOU2CE,"Cells, the building blocks of life (2025/6)",Jenson Lim,1,2,lab,Microscopy,2
BIOU2CE,"Cells, the building blocks of life (2025/6)",Jenson Lim,1,2,lab,Operating Lab Equipment,2
BIOU2CE,"Cells, the building blocks of life (2025/6)",Jenson Lim,1,2,lab,Physical Chemical Analysis,2
BIOU2CE,"Cells, the building blocks of life (2025/6)",Jenson Lim,1,2,lab,Pipetting,2
BIOU2CE,"Cells, the building blocks of life (2025/6)",Jenson Lim,1,2,lab,Risk Assessments,2
BIOU2CE,"Cells, the building blocks of life (2025/6)",Jenson Lim,1,2,lab,Sample Preparation and Handling,2
BIOU2CE,"Cells, the building blocks of life (2025/6)",Jenson Lim,1,2,lab,Soil Quality Assessment,0
BIOU2CE,"Cells, the building blocks of life (2025/6)",Jenson Lim,1,2,lab,Water Quality Assessment,0
BIOU2CE,"Cells, the building blocks of life (2025/6)",Jenson Lim,1,2,personal,Adaptability,2
BIOU2CE,"Cells, the building blocks of life (2025/6)",Jenson Lim,1,2,personal,Verbal Communication,2
BIOU2CE,"Cells, the building blocks of life (2025/6)",Jenson Lim,1,2,personal,Written Communication,2
BIOU2CE,"Cells, the building blocks of life (2025/6)",Jenson Lim,1,2,personal,Conflict Resolution,0
BIOU2CE,"Cells, the building blocks of life (2025/6)",Jenson Lim,1,2,personal,Critical Thinking,2
BIOU2CE,"Cells, the building blocks of life (2025/6)",Jenson Lim,1,2,personal,Detail-Orientated Skills,1
BIOU2CE,"Cells, the building blocks of life (2025/6)",Jenson Lim,1,2,personal,Innovation,1
BIOU2CE,"Cells, the building blocks of life (2025/6)",Jenson Lim,1,2,personal,Integrated Problem-solving,2
BIOU2CE,"Cells, the building blocks of life (2025/6)",Jenson Lim,1,2,personal,Interpersonal Skills,0
BIOU2CE,"Cells, the building blocks of life (2025/6)",Jenson Lim,1,2,personal,Leadership,0
BIOU2CE,"Cells, the building blocks of life (2025/6)",Jenson Lim,1,2,personal,Reliability,1
BIOU2CE,"Cells, the building blocks of life (2025/6)",Jenson Lim,1,2,personal,Resourcefulness,1
BIOU2CE,"Cells, the building blocks of life (2025/6)",Jenson Lim,1,2,personal,Self-awareness,1
BIOU2CE,"Cells, the building blocks of life (2025/6)",Jenson Lim,1,2,personal,Self-motivation,2
BIOU2CE,"Cells, the building blocks of life (2025/6)",Jenson Lim,1,2,personal,Teamwork & Collaboration,0
BIOU2CE,"Cells, the building blocks of life (2025/6)",Jenson Lim,1,2,personal,Time Management,1
BIOU7CM,Biological Control Mechanisms,Alastair Skeffington,4,7,computational,AI (generative) Competency,3
BIOU7CM,Biological Control Mechanisms,Alastair Skeffington,4,7,computational,Computer Programming,1
BIOU7CM,Biological Control Mechanisms,Alastair Skeffington,4,7,computational,Data Management,0
BIOU7CM,Biological Control Mechanisms,Alastair Skeffington,4,7,computational,Effective Email Communication,0
BIOU7CM,Biological Control Mechanisms,Alastair Skeffington,4,7,computational,Geographical Information Systems (GIS),0
BIOU7CM,Biological Control Mechanisms,Alastair Skeffington,4,7,computational,Graphic Design,0
BIOU7CM,Biological Control Mechanisms,Alastair Skeffington,4,7,computational,Modelling,1
BIOU7CM,Biological Control Mechanisms,Alastair Skeffington,4,7,computational,Presentation Software,0
BIOU7CM,Biological Control Mechanisms,Alastair Skeffington,4,7,computational,Remote Meeting/Collaborative Software,0
BIOU7CM,Biological Control Mechanisms,Alastair Skeffington,4,7,computational,Remote Sensing (data collection and analysis),0
BIOU7CM,Biological Control Mechanisms,Alastair Skeffington,4,7,computational,Social Media,0
BIOU7CM,Biological Control Mechanisms,Alastair Skeffington,4,7,computational,Spreadsheet Creation and Management,0
BIOU7CM,Biological Control Mechanisms,Alastair Skeffington,4,7,computational,Statistical Programmes,0
BIOU7CM,Biological Control Mechanisms,Alastair Skeffington,4,7,computational,Word Processing,0
BIOU7CM,Biological Control Mechanisms,Alastair Skeffington,4,7,field,Application of Remote Observations,0
BIOU7CM,Biological Control Mechanisms,Alastair Skeffington,4,7,field,Conducting Transects,0
BIOU7CM,Biological Control Mechanisms,Alastair Skeffington,4,7,field,Core Skills,0
BIOU7CM,Biological Control Mechanisms,Alastair Skeffington,4,7,field,Drone Observations,0
BIOU7CM,Biological Control Mechanisms,Alastair Skeffington,4,7,field,Environmental Impact Assessment,0
BIOU7CM,Biological Control Mechanisms,Alastair Skeffington,4,7,field,Health and Safety Competency,0
BIOU7CM,Biological Control Mechanisms,Alastair Skeffington,4,7,field,Mapping Skills,0
BIOU7CM,Biological Control Mechanisms,Alastair Skeffington,4,7,field,Sampling: Physical Collection,0
BIOU7CM,Biological Control Mechanisms,Alastair Skeffington,4,7,field,Species Monitoring,0
BIOU7CM,Biological Control Mechanisms,Alastair Skeffington,4,7,lab,Accurate Result Reporting,0
BIOU7CM,Biological Control Mechanisms,Alastair Skeffington,4,7,lab,Air Quality Analysis,0
BIOU7CM,Biological Control Mechanisms,Alastair Skeffington,4,7,lab,Chemical Handling,0
BIOU7CM,Biological Control Mechanisms,Alastair Skeffington,4,7,lab,Developing and Implementing SOPs,0
BIOU7CM,Biological Control Mechanisms,Alastair Skeffington,4,7,lab,Good Laboratory Practices (GLP),0
BIOU7CM,Biological Control Mechanisms,Alastair Skeffington,4,7,lab,Maintaining Lab Notebooks,0
BIOU7CM,Biological Control Mechanisms,Alastair Skeffington,4,7,lab,Microscopy,0
BIOU7CM,Biological Control Mechanisms,Alastair Skeffington,4,7,lab,Operating Lab Equipment,0
BIOU7CM,Biological Control Mechanisms,Alastair Skeffington,4,7,lab,Physical Chemical Analysis,0
BIOU7CM,Biological Control Mechanisms,Alastair Skeffington,4,7,lab,Pipetting,0
BIOU7CM,Biological Control Mechanisms,Alastair Skeffington,4,7,lab,Risk Assessments,0
BIOU7CM,Biological Control Mechanisms,Alastair Skeffington,4,7,lab,Sample Preparation and Handling,0
BIOU7CM,Biological Control Mechanisms,Alastair Skeffington,4,7,lab,Soil Quality Assessment,0
BIOU7CM,Biological Control Mechanisms,Alastair Skeffington,4,7,lab,Water Quality Assessment,0
BIOU7CM,Biological Control Mechanisms,Alastair Skeffington,4,7,personal,Adaptability,3
BIOU7CM,Biological Control Mechanisms,Alastair Skeffington,4,7,personal,Verbal Communication,3
BIOU7CM,Biological Control Mechanisms,Alastair Skeffington,4,7,personal,Written Communication,3
BIOU7CM,Biological Control Mechanisms,Alastair Skeffington,4,7,personal,Conflict Resolution,0
BIOU7CM,Biological Control Mechanisms,Alastair Skeffington,4,7,personal,Critical Thinking,3
BIOU7CM,Biological Control Mechanisms,Alastair Skeffington,4,7,personal,Detail-Orientated Skills,3
BIOU7CM,Biological Control Mechanisms,Alastair Skeffington,4,7,personal,Innovation,3
BIOU7CM,Biological Control Mechanisms,Alastair Skeffington,4,7,personal,Integrated Problem-solving,3
BIOU7CM,Biological Control Mechanisms,Alastair Skeffington,4,7,personal,Interpersonal Skills,2
BIOU7CM,Biological Control Mechanisms,Alastair Skeffington,4,7,personal,Leadership,0
BIOU7CM,Biological Control Mechanisms,Alastair Skeffington,4,7,personal,Reliability,0
BIOU7CM,Biological Control Mechanisms,Alastair Skeffington,4,7,personal,Resourcefulness,3
BIOU7CM,Biological Control Mechanisms,Alastair Skeffington,4,7,personal,Self-awareness,0
BIOU7CM,Biological Control Mechanisms,Alastair Skeffington,4,7,personal,Self-motivation,0
BIOU7CM,Biological Control Mechanisms,Alastair Skeffington,4,7,personal,Teamwork & Collaboration,2
BIOU7CM,Biological Control Mechanisms,Alastair Skeffington,4,7,personal,Time Management,0
BIOU5MB,Microbiology,Richard Quilliam,3,5,computational,AI (generative) Competency,0
BIOU5MB,Microbiology,Richard Quilliam,3,5,computational,Computer Programming,0
BIOU5MB,Microbiology,Richard Quilliam,3,5,computational,Data Management,1
BIOU5MB,Microbiology,Richard Quilliam,3,5,computational,Effective Email Communication,0
BIOU5MB,Microbiology,Richard Quilliam,3,5,computational,Geographical Information Systems (GIS),0
BIOU5MB,Microbiology,Richard Quilliam,3,5,computational,Graphic Design,0
BIOU5MB,Microbiology,Richard Quilliam,3,5,computational,Modelling,0
BIOU5MB,Microbiology,Richard Quilliam,3,5,computational,Presentation Software,0
BIOU5MB,Microbiology,Richard Quilliam,3,5,computational,Remote Meeting/Collaborative Software,0
BIOU5MB,Microbiology,Richard Quilliam,3,5,computational,Remote Sensing (data collection and analysis),0
BIOU5MB,Microbiology,Richard Quilliam,3,5,computational,Social Media,0
BIOU5MB,Microbiology,Richard Quilliam,3,5,computational,Spreadsheet Creation and Management,1
BIOU5MB,Microbiology,Richard Quilliam,3,5,computational,Statistical Programmes,0
BIOU5MB,Microbiology,Richard Quilliam,3,5,computational,Word Processing,1
BIOU5MB,Microbiology,Richard Quilliam,3,5,field,Application of Remote Observations,0
BIOU5MB,Microbiology,Richard Quilliam,3,5,field,Conducting Transects,0
BIOU5MB,Microbiology,Richard Quilliam,3,5,field,Core Skills,0
BIOU5MB,Microbiology,Richard Quilliam,3,5,field,Drone Observations,0
BIOU5MB,Microbiology,Richard Quilliam,3,5,field,Environmental Impact Assessment,0
BIOU5MB,Microbiology,Richard Quilliam,3,5,field,GPS Usage,0
BIOU5MB,Microbiology,Richard Quilliam,3,5,field,Health and Safety Competency,1
BIOU5MB,Microbiology,Richard Quilliam,3,5,field,Mapping Skills,0
BIOU5MB,Microbiology,Richard Quilliam,3,5,field,Sampling: In-situ Monitoring,0
BIOU5MB,Microbiology,Richard Quilliam,3,5,field,Sampling: Physical Collection,0
BIOU5MB,Microbiology,Richard Quilliam,3,5,field,Species Monitoring,0
BIOU5MB,Microbiology,Richard Quilliam,3,5,lab,Accurate Result Reporting,2
BIOU5MB,Microbiology,Richard Quilliam,3,5,lab,Air Quality Analysis,0
BIOU5MB,Microbiology,Richard Quilliam,3,5,lab,Chemical Handling,1
BIOU5MB,Microbiology,Richard Quilliam,3,5,lab,Developing and Implementing SOPs,1
BIOU5MB,Microbiology,Richard Quilliam,3,5,lab,Good Laboratory Practices (GLP),2
BIOU5MB,Microbiology,Richard Quilliam,3,5,lab,Maintaining Lab Notebooks,2
BIOU5MB,Microbiology,Richard Quilliam,3,5,lab,Microscopy,1
BIOU5MB,Microbiology,Richard Quilliam,3,5,lab,Operating Lab Equipment,1
BIOU5MB,Microbiology,Richard Quilliam,3,5,lab,Physical Chemical Analysis,1
BIOU5MB,Microbiology,Richard Quilliam,3,5,lab,Pipetting,2
BIOU5MB,Microbiology,Richard Quilliam,3,5,lab,Risk Assessments,1
BIOU5MB,Microbiology,Richard Quilliam,3,5,lab,Sample Preparation and Handling,2
BIOU5MB,Microbiology,Richard Quilliam,3,5,lab,Soil Quality Assessment,0
BIOU5MB,Microbiology,Richard Quilliam,3,5,lab,Water Quality Assessment,0
BIOU5MB,Microbiology,Richard Quilliam,3,5,personal,Adaptability,2
BIOU5MB,Microbiology,Richard Quilliam,3,5,personal,Verbal Communication,0
BIOU5MB,Microbiology,Richard Quilliam,3,5,personal,Written Communication,2
BIOU5MB,Microbiology,Richard Quilliam,3,5,personal,Conflict Resolution,0
BIOU5MB,Microbiology,Richard Quilliam,3,5,personal,Critical Thinking,2
BIOU5MB,Microbiology,Richard Quilliam,3,5,personal,Detail-Orientated Skills,1
BIOU5MB,Microbiology,Richard Quilliam,3,5,personal,Innovation,1
BIOU5MB,Microbiology,Richard Quilliam,3,5,personal,Integrated Problem-solving,2
BIOU5MB,Microbiology,Richard Quilliam,3,5,personal,Interpersonal Skills,0
BIOU5MB,Microbiology,Richard Quilliam,3,5,personal,Leadership,0
BIOU5MB,Microbiology,Richard Quilliam,3,5,personal,Reliability,1
BIOU5MB,Microbiology,Richard Quilliam,3,5,personal,Resourcefulness,1
BIOU5MB,Microbiology,Richard Quilliam,3,5,personal,Self-awareness,0
BIOU5MB,Microbiology,Richard Quilliam,3,5,personal,Self-motivation,2
BIOU5MB,Microbiology,Richard Quilliam,3,5,personal,Teamwork & Collaboration,0
BIOU5MB,Microbiology,Richard Quilliam,3,5,personal,Time Management,2
GEOU6GI,Sustainable Development,Richard Quilliam,3,6,computational,AI (generative) Competency,0
GEOU6GI,Sustainable Development,Richard Quilliam,3,6,computational,Computer Programming,0
GEOU6GI,Sustainable Development,Richard Quilliam,3,6,computational,Data Management,0
GEOU6GI,Sustainable Development,Richard Quilliam,3,6,computational,Effective Email Communication,0
GEOU6GI,Sustainable Development,Richard Quilliam,3,6,computational,Geographical Information Systems (GIS),0
GEOU6GI,Sustainable Development,Richard Quilliam,3,6,computational,Graphic Design,2
GEOU6GI,Sustainable Development,Richard Quilliam,3,6,computational,Modelling,0
GEOU6GI,Sustainable Development,Richard Quilliam,3,6,computational,Presentation Software,3
GEOU6GI,Sustainable Development,Richard Quilliam,3,6,computational,Remote Meeting/Collaborative Software,0
GEOU6GI,Sustainable Development,Richard Quilliam,3,6,computational,Remote Sensing (data collection and analysis),0
GEOU6GI,Sustainable Development,Richard Quilliam,3,6,computational,Social Media,3
GEOU6GI,Sustainable Development,Richard Quilliam,3,6,computational,Spreadsheet Creation and Management,0
GEOU6GI,Sustainable Development,Richard Quilliam,3,6,computational,Statistical Programmes,0
GEOU6GI,Sustainable Development,Richard Quilliam,3,6,computational,Word Processing,3
GEOU6GI,Sustainable Development,Richard Quilliam,3,6,field,Application of Remote Observations,0
GEOU6GI,Sustainable Development,Richard Quilliam,3,6,field,Conducting Transects,0
GEOU6GI,Sustainable Development,Richard Quilliam,3,6,field,Core Skills,0
GEOU6GI,Sustainable Development,Richard Quilliam,3,6,field,Drone Observations,0
GEOU6GI,Sustainable Development,Richard Quilliam,3,6,field,Environmental Impact Assessment,0
GEOU6GI,Sustainable Development,Richard Quilliam,3,6,field,GPS Usage,0
GEOU6GI,Sustainable Development,Richard Quilliam,3,6,field,Health and Safety Competency,0
GEOU6GI,Sustainable Development,Richard Quilliam,3,6,field,Mapping Skills,0
GEOU6GI,Sustainable Development,Richard Quilliam,3,6,field,Sampling: In-situ Monitoring,0
GEOU6GI,Sustainable Development,Richard Quilliam,3,6,field,Sampling: Physical Collection,0
GEOU6GI,Sustainable Development,Richard Quilliam,3,6,field,Species Monitoring,0
GEOU6GI,Sustainable Development,Richard Quilliam,3,6,lab,Accurate Result Reporting,0
GEOU6GI,Sustainable Development,Richard Quilliam,3,6,lab,Air Quality Analysis,0
GEOU6GI,Sustainable Development,Richard Quilliam,3,6,lab,Chemical Handling,0
GEOU6GI,Sustainable Development,Richard Quilliam,3,6,lab,Developing and Implementing SOPs,0
GEOU6GI,Sustainable Development,Richard Quilliam,3,6,lab,Good Laboratory Practices (GLP),0
GEOU6GI,Sustainable Development,Richard Quilliam,3,6,lab,Maintaining Lab Notebooks,0
GEOU6GI,Sustainable Development,Richard Quilliam,3,6,lab,Microscopy,0
GEOU6GI,Sustainable Development,Richard Quilliam,3,6,lab,Operating Lab Equipment,0
GEOU6GI,Sustainable Development,Richard Quilliam,3,6,lab,Physical Chemical Analysis,0
GEOU6GI,Sustainable Development,Richard Quilliam,3,6,lab,Pipetting,0
GEOU6GI,Sustainable Development,Richard Quilliam,3,6,lab,Risk Assessments,0
GEOU6GI,Sustainable Development,Richard Quilliam,3,6,lab,Sample Preparation and Handling,0
GEOU6GI,Sustainable Development,Richard Quilliam,3,6,lab,Soil Quality Assessment,0
GEOU6GI,Sustainable Development,Richard Quilliam,3,6,lab,Water Quality Assessment,0
GEOU6GI,Sustainable Development,Richard Quilliam,3,6,personal,Adaptability,2
GEOU6GI,Sustainable Development,Richard Quilliam,3,6,personal,Verbal Communication,1
GEOU6GI,Sustainable Development,Richard Quilliam,3,6,personal,Written Communication,3
GEOU6GI,Sustainable Development,Richard Quilliam,3,6,personal,Conflict Resolution,1
GEOU6GI,Sustainable Development,Richard Quilliam,3,6,personal,Critical Thinking,3
GEOU6GI,Sustainable Development,Richard Quilliam,3,6,personal,Detail-Orientated Skills,3
GEOU6GI,Sustainable Development,Richard Quilliam,3,6,personal,Innovation,3
GEOU6GI,Sustainable Development,Richard Quilliam,3,6,personal,Integrated Problem-solving,3
GEOU6GI,Sustainable Development,Richard Quilliam,3,6,personal,Interpersonal Skills,1
GEOU6GI,Sustainable Development,Richard Quilliam,3,6,personal,Leadership,1
GEOU6GI,Sustainable Development,Richard Quilliam,3,6,personal,Reliability,2
GEOU6GI,Sustainable Development,Richard Quilliam,3,6,personal,Resourcefulness,3
GEOU6GI,Sustainable Development,Richard Quilliam,3,6,personal,Self-awareness,3
GEOU6GI,Sustainable Development,Richard Quilliam,3,6,personal,Self-motivation,2
GEOU6GI,Sustainable Development,Richard Quilliam,3,6,personal,Teamwork & Collaboration,1
GEOU6GI,Sustainable Development,Richard Quilliam,3,6,personal,Time Management,2
BIOU9CP,Cell Biology Dissertation Module,Alastair Skeffington,4,7,computational,AI (generative) Competency,2
BIOU9CP,Cell Biology Dissertation Module,Alastair Skeffington,4,7,computational,Computer Programming,0
BIOU9CP,Cell Biology Dissertation Module,Alastair Skeffington,4,7,computational,Data Management,0
BIOU9CP,Cell Biology Dissertation Module,Alastair Skeffington,4,7,computational,Effective Email Communication,0
BIOU9CP,Cell Biology Dissertation Module,Alastair Skeffington,4,7,computational,Geographical Information Systems (GIS),0
BIOU9CP,Cell Biology Dissertation Module,Alastair Skeffington,4,7,computational,Graphic Design,0
BIOU9CP,Cell Biology Dissertation Module,Alastair Skeffington,4,7,computational,Modelling,0
BIOU9CP,Cell Biology Dissertation Module,Alastair Skeffington,4,7,computational,Presentation Software,3
BIOU9CP,Cell Biology Dissertation Module,Alastair Skeffington,4,7,computational,Remote Meeting/Collaborative Software,0
BIOU9CP,Cell Biology Dissertation Module,Alastair Skeffington,4,7,computational,Remote Sensing (data collection and analysis),0
BIOU9CP,Cell Biology Dissertation Module,Alastair Skeffington,4,7,computational,Social Media,0
BIOU9CP,Cell Biology Dissertation Module,Alastair Skeffington,4,7,computational,Spreadsheet Creation and Management,0
BIOU9CP,Cell Biology Dissertation Module,Alastair Skeffington,4,7,computational,Statistical Programmes,0
BIOU9CP,Cell Biology Dissertation Module,Alastair Skeffington,4,7,computational,Word Processing,0
BIOU9CP,Cell Biology Dissertation Module,Alastair Skeffington,4,7,field,Application of Remote Observations,0
BIOU9CP,Cell Biology Dissertation Module,Alastair Skeffington,4,7,field,Conducting Transects,0
BIOU9CP,Cell Biology Dissertation Module,Alastair Skeffington,4,7,field,Core Skills,0
BIOU9CP,Cell Biology Dissertation Module,Alastair Skeffington,4,7,field,Drone Observations,0
BIOU9CP,Cell Biology Dissertation Module,Alastair Skeffington,4,7,field,Environmental Impact Assessment,0
BIOU9CP,Cell Biology Dissertation Module,Alastair Skeffington,4,7,field,GPS Usage,0
BIOU9CP,Cell Biology Dissertation Module,Alastair Skeffington,4,7,field,Mapping Skills,0
BIOU9CP,Cell Biology Dissertation Module,Alastair Skeffington,4,7,field,Sampling: In-situ Monitoring,0
BIOU9CP,Cell Biology Dissertation Module,Alastair Skeffington,4,7,field,Sampling: Physical Collection,0
BIOU9CP,Cell Biology Dissertation Module,Alastair Skeffington,4,7,field,Species Monitoring,0
BIOU9CP,Cell Biology Dissertation Module,Alastair Skeffington,4,7,lab,Accurate Result Reporting,2
BIOU9CP,Cell Biology Dissertation Module,Alastair Skeffington,4,7,lab,Air Quality Analysis,0
BIOU9CP,Cell Biology Dissertation Module,Alastair Skeffington,4,7,lab,Chemical Handling,1
BIOU9CP,Cell Biology Dissertation Module,Alastair Skeffington,4,7,lab,Developing and Implementing SOPs,0
BIOU9CP,Cell Biology Dissertation Module,Alastair Skeffington,4,7,lab,Good Laboratory Practices (GLP),1
BIOU9CP,Cell Biology Dissertation Module,Alastair Skeffington,4,7,lab,Maintaining Lab Notebooks,2
BIOU9CP,Cell Biology Dissertation Module,Alastair Skeffington,4,7,lab,Microscopy,2
BIOU9CP,Cell Biology Dissertation Module,Alastair Skeffington,4,7,lab,Operating Lab Equipment,2
BIOU9CP,Cell Biology Dissertation Module,Alastair Skeffington,4,7,lab,Physical Chemical Analysis,0
BIOU9CP,Cell Biology Dissertation Module,Alastair Skeffington,4,7,lab,Pipetting,3
BIOU9CP,Cell Biology Dissertation Module,Alastair Skeffington,4,7,lab,Risk Assessments,0
BIOU9CP,Cell Biology Dissertation Module,Alastair Skeffington,4,7,lab,Sample Preparation and Handling,2
BIOU9CP,Cell Biology Dissertation Module,Alastair Skeffington,4,7,lab,Soil Quality Assessment,0
BIOU9CP,Cell Biology Dissertation Module,Alastair Skeffington,4,7,lab,Water Quality Assessment,0
BIOU9CP,Cell Biology Dissertation Module,Alastair Skeffington,4,7,personal,Adaptability,3
BIOU9CP,Cell Biology Dissertation Module,Alastair Skeffington,4,7,personal,Verbal Communication,3
BIOU9CP,Cell Biology Dissertation Module,Alastair Skeffington,4,7,personal,Written Communication,3
BIOU9CP,Cell Biology Dissertation Module,Alastair Skeffington,4,7,personal,Conflict Resolution,0
BIOU9CP,Cell Biology Dissertation Module,Alastair Skeffington,4,7,personal,Critical Thinking,3
BIOU9CP,Cell Biology Dissertation Module,Alastair Skeffington,4,7,personal,Detail-Orientated Skills,3
BIOU9CP,Cell Biology Dissertation Module,Alastair Skeffington,4,7,personal,Innovation,3
BIOU9CP,Cell Biology Dissertation Module,Alastair Skeffington,4,7,personal,Integrated Problem-solving,3
BIOU9CP,Cell Biology Dissertation Module,Alastair Skeffington,4,7,personal,Interpersonal Skills,2
BIOU9CP,Cell Biology Dissertation Module,Alastair Skeffington,4,7,personal,Leadership,0
BIOU9CP,Cell Biology Dissertation Module,Alastair Skeffington,4,7,personal,Reliability,3
BIOU9CP,Cell Biology Dissertation Module,Alastair Skeffington,4,7,personal,Resourcefulness,3
BIOU9CP,Cell Biology Dissertation Module,Alastair Skeffington,4,7,personal,Self-awareness,2
BIOU9CP,Cell Biology Dissertation Module,Alastair Skeffington,4,7,personal,Self-motivation,2
BIOU9CP,Cell Biology Dissertation Module,Alastair Skeffington,4,7,personal,Teamwork & Collaboration,2
BIOU9CP,Cell Biology Dissertation Module,Alastair Skeffington,4,7,personal,Time Management,3
GEOU4ER,Environmental Resilience,Anna Crawford,2,4,computational,AI (generative) Competency,0
GEOU4ER,Environmental Resilience,Anna Crawford,2,4,computational,Computer Programming,1
GEOU4ER,Environmental Resilience,Anna Crawford,2,4,computational,Data Management,2
GEOU4ER,Environmental Resilience,Anna Crawford,2,4,computational,Effective Email Communication,0
GEOU4ER,Environmental Resilience,Anna Crawford,2,4,computational,Geographical Information Systems (GIS),0
GEOU4ER,Environmental Resilience,Anna Crawford,2,4,computational,Graphic Design,2
GEOU4ER,Environmental Resilience,Anna Crawford,2,4,computational,Modelling,2
GEOU4ER,Environmental Resilience,Anna Crawford,2,4,computational,Presentation Software,2
GEOU4ER,Environmental Resilience,Anna Crawford,2,4,computational,Remote Meeting/Collaborative Software,0
GEOU4ER,Environmental Resilience,Anna Crawford,2,4,computational,Remote Sensing (data collection and analysis),0
GEOU4ER,Environmental Resilience,Anna Crawford,2,4,computational,Social Media,0
GEOU4ER,Environmental Resilience,Anna Crawford,2,4,computational,Spreadsheet Creation and Management,2
GEOU4ER,Environmental Resilience,Anna Crawford,2,4,computational,Statistical Programmes,0
GEOU4ER,Environmental Resilience,Anna Crawford,2,4,computational,Word Processing,2
GEOU4ER,Environmental Resilience,Anna Crawford,2,4,field,Application of Remote Observations,0
GEOU4ER,Environmental Resilience,Anna Crawford,2,4,field,Conducting Transects,0
GEOU4ER,Environmental Resilience,Anna Crawford,2,4,field,Core Skills,1
GEOU4ER,Environmental Resilience,Anna Crawford,2,4,field,Drone Observations,0
GEOU4ER,Environmental Resilience,Anna Crawford,2,4,field,Environmental Impact Assessment,0
GEOU4ER,Environmental Resilience,Anna Crawford,2,4,field,GPS Usage,0
GEOU4ER,Environmental Resilience,Anna Crawford,2,4,field,Health and Safety Competency,0
GEOU4ER,Environmental Resilience,Anna Crawford,2,4,field,Mapping Skills,1
GEOU4ER,Environmental Resilience,Anna Crawford,2,4,field,Sampling: In-situ Monitoring,0
GEOU4ER,Environmental Resilience,Anna Crawford,2,4,field,Sampling: Physical Collection,0
GEOU4ER,Environmental Resilience,Anna Crawford,2,4,field,Species Monitoring,0
GEOU4ER,Environmental Resilience,Anna Crawford,2,4,lab,Accurate Result Reporting,0
GEOU4ER,Environmental Resilience,Anna Crawford,2,4,lab,Air Quality Analysis,0
GEOU4ER,Environmental Resilience,Anna Crawford,2,4,lab,Chemical Handling,0
GEOU4ER,Environmental Resilience,Anna Crawford,2,4,lab,Developing and Implementing SOPs,0
GEOU4ER,Environmental Resilience,Anna Crawford,2,4,lab,Good Laboratory Practices (GLP),0
GEOU4ER,Environmental Resilience,Anna Crawford,2,4,lab,Maintaining Lab Notebooks,0
GEOU4ER,Environmental Resilience,Anna Crawford,2,4,lab,Microscopy,0
GEOU4ER,Environmental Resilience,Anna Crawford,2,4,lab,Operating Lab Equipment,0
GEOU4ER,Environmental Resilience,Anna Crawford,2,4,lab,Physical Chemical Analysis,0
GEOU4ER,Environmental Resilience,Anna Crawford,2,4,lab,Pipetting,0
GEOU4ER,Environmental Resilience,Anna Crawford,2,4,lab,Risk Assessments,0
GEOU4ER,Environmental Resilience,Anna Crawford,2,4,lab,Sample Preparation and Handling,0
GEOU4ER,Environmental Resilience,Anna Crawford,2,4,lab,Soil Quality Assessment,0
GEOU4ER,Environmental Resilience,Anna Crawford,2,4,lab,Water Quality Assessment,0
GEOU4ER,Environmental Resilience,Anna Crawford,2,4,personal,Adaptability,2
GEOU4ER,Environmental Resilience,Anna Crawford,2,4,personal,Verbal Communication,2
GEOU4ER,Environmental Resilience,Anna Crawford,2,4,personal,Written Communication,2
GEOU4ER,Environmental Resilience,Anna Crawford,2,4,personal,Conflict Resolution,0
GEOU4ER,Environmental Resilience,Anna Crawford,2,4,personal,Critical Thinking,2
GEOU4ER,Environmental Resilience,Anna Crawford,2,4,personal,Detail-Orientated Skills,2
GEOU4ER,Environmental Resilience,Anna Crawford,2,4,personal,Innovation,0
GEOU4ER,Environmental Resilience,Anna Crawford,2,4,personal,Integrated Problem-solving,0
GEOU4ER,Environmental Resilience,Anna Crawford,2,4,personal,Interpersonal Skills,2
GEOU4ER,Environmental Resilience,Anna Crawford,2,4,personal,Leadership,0
GEOU4ER,Environmental Resilience,Anna Crawford,2,4,personal,Reliability,1
GEOU4ER,Environmental Resilience,Anna Crawford,2,4,personal,Resourcefulness,2
GEOU4ER,Environmental Resilience,Anna Crawford,2,4,personal,Self-awareness,2
GEOU4ER,Environmental Resilience,Anna Crawford,2,4,personal,Self-motivation,2
GEOU4ER,Environmental Resilience,Anna Crawford,2,4,personal,Teamwork & Collaboration,1
GEOU4ER,Environmental Resilience,Anna Crawford,2,4,personal,Time Management,2
BIOU7SB,"Phylogenetics, Bioinformatics and Omics",Clare Bird,4,7,computational,AI (generative) Competency,2
BIOU7SB,"Phylogenetics, Bioinformatics and Omics",Clare Bird,4,7,computational,Computer Programming,2
BIOU7SB,"Phylogenetics, Bioinformatics and Omics",Clare Bird,4,7,computational,Data Management,3
BIOU7SB,"Phylogenetics, Bioinformatics and Omics",Clare Bird,4,7,computational,Effective Email Communication,0
BIOU7SB,"Phylogenetics, Bioinformatics and Omics",Clare Bird,4,7,computational,Geographical Information Systems (GIS),0
BIOU7SB,"Phylogenetics, Bioinformatics and Omics",Clare Bird,4,7,computational,Graphic Design,0
BIOU7SB,"Phylogenetics, Bioinformatics and Omics",Clare Bird,4,7,computational,Modelling,0
BIOU7SB,"Phylogenetics, Bioinformatics and Omics",Clare Bird,4,7,computational,Presentation Software,0
BIOU7SB,"Phylogenetics, Bioinformatics and Omics",Clare Bird,4,7,computational,Remote Meeting/Collaborative Software,0
BIOU7SB,"Phylogenetics, Bioinformatics and Omics",Clare Bird,4,7,computational,Remote Sensing (data collection and analysis),0
BIOU7SB,"Phylogenetics, Bioinformatics and Omics",Clare Bird,4,7,computational,Social Media,0
BIOU7SB,"Phylogenetics, Bioinformatics and Omics",Clare Bird,4,7,computational,Spreadsheet Creation and Management,2
BIOU7SB,"Phylogenetics, Bioinformatics and Omics",Clare Bird,4,7,computational,Statistical Programmes,2
BIOU7SB,"Phylogenetics, Bioinformatics and Omics",Clare Bird,4,7,computational,Word Processing,3
BIOU7SB,"Phylogenetics, Bioinformatics and Omics",Clare Bird,4,7,field,Application of Remote Observations,0
BIOU7SB,"Phylogenetics, Bioinformatics and Omics",Clare Bird,4,7,field,Conducting Transects,0
BIOU7SB,"Phylogenetics, Bioinformatics and Omics",Clare Bird,4,7,field,Core Skills,0
BIOU7SB,"Phylogenetics, Bioinformatics and Omics",Clare Bird,4,7,field,Drone Observations,0
BIOU7SB,"Phylogenetics, Bioinformatics and Omics",Clare Bird,4,7,field,Environmental Impact Assessment,0
BIOU7SB,"Phylogenetics, Bioinformatics and Omics",Clare Bird,4,7,field,GPS Usage,0
BIOU7SB,"Phylogenetics, Bioinformatics and Omics",Clare Bird,4,7,field,Health and Safety Competency,0
BIOU7SB,"Phylogenetics, Bioinformatics and Omics",Clare Bird,4,7,field,Mapping Skills,0
BIOU7SB,"Phylogenetics, Bioinformatics and Omics",Clare Bird,4,7,field,Sampling: In-situ Monitoring,0
BIOU7SB,"Phylogenetics, Bioinformatics and Omics",Clare Bird,4,7,field,Sampling: Physical Collection,0
BIOU7SB,"Phylogenetics, Bioinformatics and Omics",Clare Bird,4,7,field,Species Monitoring,3
BIOU7SB,"Phylogenetics, Bioinformatics and Omics",Clare Bird,4,7,lab,Accurate Result Reporting,2
BIOU7SB,"Phylogenetics, Bioinformatics and Omics",Clare Bird,4,7,lab,Air Quality Analysis,0
BIOU7SB,"Phylogenetics, Bioinformatics and Omics",Clare Bird,4,7,lab,Chemical Handling,0
BIOU7SB,"Phylogenetics, Bioinformatics and Omics",Clare Bird,4,7,lab,Developing and Implementing SOPs,0
BIOU7SB,"Phylogenetics, Bioinformatics and Omics",Clare Bird,4,7,lab,Good Laboratory Practices (GLP),0
BIOU7SB,"Phylogenetics, Bioinformatics and Omics",Clare Bird,4,7,lab,Maintaining Lab Notebooks,2
BIOU7SB,"Phylogenetics, Bioinformatics and Omics",Clare Bird,4,7,lab,Microscopy,0
BIOU7SB,"Phylogenetics, Bioinformatics and Omics",Clare Bird,4,7,lab,Operating Lab Equipment,0
BIOU7SB,"Phylogenetics, Bioinformatics and Omics",Clare Bird,4,7,lab,Physical Chemical Analysis,0
BIOU7SB,"Phylogenetics, Bioinformatics and Omics",Clare Bird,4,7,lab,Pipetting,0
BIOU7SB,"Phylogenetics, Bioinformatics and Omics",Clare Bird,4,7,lab,Risk Assessments,0
BIOU7SB,"Phylogenetics, Bioinformatics and Omics",Clare Bird,4,7,lab,Sample Preparation and Handling,0
BIOU7SB,"Phylogenetics, Bioinformatics and Omics",Clare Bird,4,7,lab,Soil Quality Assessment,0
BIOU7SB,"Phylogenetics, Bioinformatics and Omics",Clare Bird,4,7,lab,Water Quality Assessment,0
BIOU7SB,"Phylogenetics, Bioinformatics and Omics",Clare Bird,4,7,personal,Adaptability,2
BIOU7SB,"Phylogenetics, Bioinformatics and Omics",Clare Bird,4,7,personal,Verbal Communication,2
BIOU7SB,"Phylogenetics, Bioinformatics and Omics",Clare Bird,4,7,personal,Written Communication,3
BIOU7SB,"Phylogenetics, Bioinformatics and Omics",Clare Bird,4,7,personal,Conflict Resolution,0
BIOU7SB,"Phylogenetics, Bioinformatics and Omics",Clare Bird,4,7,personal,Critical Thinking,3
BIOU7SB,"Phylogenetics, Bioinformatics and Omics",Clare Bird,4,7,personal,Detail-Orientated Skills,0
BIOU7SB,"Phylogenetics, Bioinformatics and Omics",Clare Bird,4,7,personal,Innovation,2
BIOU7SB,"Phylogenetics, Bioinformatics and Omics",Clare Bird,4,7,personal,Integrated Problem-solving,0
BIOU7SB,"Phylogenetics, Bioinformatics and Omics",Clare Bird,4,7,personal,Interpersonal Skills,2
BIOU7SB,"Phylogenetics, Bioinformatics and Omics",Clare Bird,4,7,personal,Leadership,0
BIOU7SB,"Phylogenetics, Bioinformatics and Omics",Clare Bird,4,7,personal,Reliability,3
BIOU7SB,"Phylogenetics, Bioinformatics and Omics",Clare Bird,4,7,personal,Resourcefulness,2
BIOU7SB,"Phylogenetics, Bioinformatics and Omics",Clare Bird,4,7,personal,Self-awareness,0
BIOU7SB,"Phylogenetics, Bioinformatics and Omics",Clare Bird,4,7,personal,Self-motivation,3
BIOU7SB,"Phylogenetics, Bioinformatics and Omics",Clare Bird,4,7,personal,Teamwork & Collaboration,0
BIOU7SB,"Phylogenetics, Bioinformatics and Omics",Clare Bird,4,7,personal,Time Management,3
BIOU9PL,Applied Biological Sciences Placement,Clare Bird,4,7,computational,AI (generative) Competency,1
BIOU9PL,Applied Biological Sciences Placement,Clare Bird,4,7,computational,Computer Programming,0
BIOU9PL,Applied Biological Sciences Placement,Clare Bird,4,7,computational,Data Management,1
BIOU9PL,Applied Biological Sciences Placement,Clare Bird,4,7,computational,Effective Email Communication,2
BIOU9PL,Applied Biological Sciences Placement,Clare Bird,4,7,computational,Geographical Information Systems (GIS),0
BIOU9PL,Applied Biological Sciences Placement,Clare Bird,4,7,computational,Graphic Design,0
BIOU9PL,Applied Biological Sciences Placement,Clare Bird,4,7,computational,Modelling,0
BIOU9PL,Applied Biological Sciences Placement,Clare Bird,4,7,computational,Presentation Software,2
BIOU9PL,Applied Biological Sciences Placement,Clare Bird,4,7,computational,Remote Meeting/Collaborative Software,1
BIOU9PL,Applied Biological Sciences Placement,Clare Bird,4,7,computational,Remote Sensing (data collection and analysis),0
BIOU9PL,Applied Biological Sciences Placement,Clare Bird,4,7,computational,Social Media,1
BIOU9PL,Applied Biological Sciences Placement,Clare Bird,4,7,computational,Spreadsheet Creation and Management,0
BIOU9PL,Applied Biological Sciences Placement,Clare Bird,4,7,computational,Statistical Programmes,0
BIOU9PL,Applied Biological Sciences Placement,Clare Bird,4,7,computational,Word Processing,2
BIOU9PL,Applied Biological Sciences Placement,Clare Bird,4,7,field,Application of Remote Observations,0
BIOU9PL,Applied Biological Sciences Placement,Clare Bird,4,7,field,Conducting Transects,0
BIOU9PL,Applied Biological Sciences Placement,Clare Bird,4,7,field,Core Skills,0
BIOU9PL,Applied Biological Sciences Placement,Clare Bird,4,7,field,Drone Observations,0
BIOU9PL,Applied Biological Sciences Placement,Clare Bird,4,7,field,Environmental Impact Assessment,0
BIOU9PL,Applied Biological Sciences Placement,Clare Bird,4,7,field,GPS Usage,0
BIOU9PL,Applied Biological Sciences Placement,Clare Bird,4,7,field,Health and Safety Competency,2
BIOU9PL,Applied Biological Sciences Placement,Clare Bird,4,7,field,Mapping Skills,0
BIOU9PL,Applied Biological Sciences Placement,Clare Bird,4,7,field,Sampling: In-situ Monitoring,0
BIOU9PL,Applied Biological Sciences Placement,Clare Bird,4,7,field,Sampling: Physical Collection,0
BIOU9PL,Applied Biological Sciences Placement,Clare Bird,4,7,field,Species Monitoring,0
BIOU9PL,Applied Biological Sciences Placement,Clare Bird,4,7,lab,Accurate Result Reporting,3
BIOU9PL,Applied Biological Sciences Placement,Clare Bird,4,7,lab,Air Quality Analysis,0
BIOU9PL,Applied Biological Sciences Placement,Clare Bird,4,7,lab,Chemical Handling,3
BIOU9PL,Applied Biological Sciences Placement,Clare Bird,4,7,lab,Developing and Implementing SOPs,3
BIOU9PL,Applied Biological Sciences Placement,Clare Bird,4,7,lab,Good Laboratory Practices (GLP),2
BIOU9PL,Applied Biological Sciences Placement,Clare Bird,4,7,lab,Maintaining Lab Notebooks,3
BIOU9PL,Applied Biological Sciences Placement,Clare Bird,4,7,lab,Microscopy,0
BIOU9PL,Applied Biological Sciences Placement,Clare Bird,4,7,lab,Operating Lab Equipment,3
BIOU9PL,Applied Biological Sciences Placement,Clare Bird,4,7,lab,Physical Chemical Analysis,2
BIOU9PL,Applied Biological Sciences Placement,Clare Bird,4,7,lab,Pipetting,3
BIOU9PL,Applied Biological Sciences Placement,Clare Bird,4,7,lab,Risk Assessments,3
BIOU9PL,Applied Biological Sciences Placement,Clare Bird,4,7,lab,Sample Preparation and Handling,3
BIOU9PL,Applied Biological Sciences Placement,Clare Bird,4,7,lab,Soil Quality Assessment,0
BIOU9PL,Applied Biological Sciences Placement,Clare Bird,4,7,lab,Water Quality Assessment,0
BIOU9PL,Applied Biological Sciences Placement,Clare Bird,4,7,personal,Adaptability,2
BIOU9PL,Applied Biological Sciences Placement,Clare Bird,4,7,personal,Verbal Communication,3
BIOU9PL,Applied Biological Sciences Placement,Clare Bird,4,7,personal,Written Communication,2
BIOU9PL,Applied Biological Sciences Placement,Clare Bird,4,7,personal,Conflict Resolution,2
BIOU9PL,Applied Biological Sciences Placement,Clare Bird,4,7,personal,Critical Thinking,3
BIOU9PL,Applied Biological Sciences Placement,Clare Bird,4,7,personal,Detail-Orientated Skills,3
BIOU9PL,Applied Biological Sciences Placement,Clare Bird,4,7,personal,Innovation,2
BIOU9PL,Applied Biological Sciences Placement,Clare Bird,4,7,personal,Integrated Problem-solving,3
BIOU9PL,Applied Biological Sciences Placement,Clare Bird,4,7,personal,Interpersonal Skills,3
BIOU9PL,Applied Biological Sciences Placement,Clare Bird,4,7,personal,Leadership,2
BIOU9PL,Applied Biological Sciences Placement,Clare Bird,4,7,personal,Reliability,3
BIOU9PL,Applied Biological Sciences Placement,Clare Bird,4,7,personal,Resourcefulness,3
BIOU9PL,Applied Biological Sciences Placement,Clare Bird,4,7,personal,Self-awareness,3
BIOU9PL,Applied Biological Sciences Placement,Clare Bird,4,7,personal,Self-motivation,3
BIOU9PL,Applied Biological Sciences Placement,Clare Bird,4,7,personal,Teamwork & Collaboration,3
BIOU9PL,Applied Biological Sciences Placement,Clare Bird,4,7,personal,Time Management,3
BIOU9PC,Population and Community Ecology,Sarah Greenwood,3,5,computational,AI (generative) Competency,0
BIOU9PC,Population and Community Ecology,Sarah Greenwood,3,5,computational,Computer Programming,0
BIOU9PC,Population and Community Ecology,Sarah Greenwood,3,5,computational,Data Management,1
BIOU9PC,Population and Community Ecology,Sarah Greenwood,3,5,computational,Effective Email Communication,1
BIOU9PC,Population and Community Ecology,Sarah Greenwood,3,5,computational,Geographical Information Systems (GIS),0
BIOU9PC,Population and Community Ecology,Sarah Greenwood,3,5,computational,Graphic Design,0
BIOU9PC,Population and Community Ecology,Sarah Greenwood,3,5,computational,Modelling,2
BIOU9PC,Population and Community Ecology,Sarah Greenwood,3,5,computational,Presentation Software,0
BIOU9PC,Population and Community Ecology,Sarah Greenwood,3,5,computational,Remote Meeting/Collaborative Software,1
BIOU9PC,Population and Community Ecology,Sarah Greenwood,3,5,computational,Remote Sensing (data collection and analysis),0
BIOU9PC,Population and Community Ecology,Sarah Greenwood,3,5,computational,Social Media,0
BIOU9PC,Population and Community Ecology,Sarah Greenwood,3,5,computational,Spreadsheet Creation and Management,2
BIOU9PC,Population and Community Ecology,Sarah Greenwood,3,5,computational,Statistical Programmes,0
BIOU9PC,Population and Community Ecology,Sarah Greenwood,3,5,computational,Word Processing,3
BIOU9PC,Population and Community Ecology,Sarah Greenwood,3,5,field,Application of Remote Observations,1
BIOU9PC,Population and Community Ecology,Sarah Greenwood,3,5,field,Conducting Transects,1
BIOU9PC,Population and Community Ecology,Sarah Greenwood,3,5,field,Core Skills,0
BIOU9PC,Population and Community Ecology,Sarah Greenwood,3,5,field,Drone Observations,0
BIOU9PC,Population and Community Ecology,Sarah Greenwood,3,5,field,Environmental Impact Assessment,0
BIOU9PC,Population and Community Ecology,Sarah Greenwood,3,5,field,GPS Usage,0
BIOU9PC,Population and Community Ecology,Sarah Greenwood,3,5,field,Health and Safety Competency,0
BIOU9PC,Population and Community Ecology,Sarah Greenwood,3,5,field,Mapping Skills,0
BIOU9PC,Population and Community Ecology,Sarah Greenwood,3,5,field,Sampling: In-situ Monitoring,1
BIOU9PC,Population and Community Ecology,Sarah Greenwood,3,5,field,Sampling: Physical Collection,0
BIOU9PC,Population and Community Ecology,Sarah Greenwood,3,5,field,Species Monitoring,0
BIOU9PC,Population and Community Ecology,Sarah Greenwood,3,5,lab,Accurate Result Reporting,2
BIOU9PC,Population and Community Ecology,Sarah Greenwood,3,5,lab,Air Quality Analysis,0
BIOU9PC,Population and Community Ecology,Sarah Greenwood,3,5,lab,Chemical Handling,0
BIOU9PC,Population and Community Ecology,Sarah Greenwood,3,5,lab,Developing and Implementing SOPs,0
BIOU9PC,Population and Community Ecology,Sarah Greenwood,3,5,lab,Good Laboratory Practices (GLP),0
BIOU9PC,Population and Community Ecology,Sarah Greenwood,3,5,lab,Maintaining Lab Notebooks,0
BIOU9PC,Population and Community Ecology,Sarah Greenwood,3,5,lab,Microscopy,0
BIOU9PC,Population and Community Ecology,Sarah Greenwood,3,5,lab,Operating Lab Equipment,0
BIOU9PC,Population and Community Ecology,Sarah Greenwood,3,5,lab,Physical Chemical Analysis,0
BIOU9PC,Population and Community Ecology,Sarah Greenwood,3,5,lab,Pipetting,0
BIOU9PC,Population and Community Ecology,Sarah Greenwood,3,5,lab,Risk Assessments,0
BIOU9PC,Population and Community Ecology,Sarah Greenwood,3,5,lab,Sample Preparation and Handling,0
BIOU9PC,Population and Community Ecology,Sarah Greenwood,3,5,lab,Soil Quality Assessment,0
BIOU9PC,Population and Community Ecology,Sarah Greenwood,3,5,lab,Water Quality Assessment,0
BIOU9PC,Population and Community Ecology,Sarah Greenwood,3,5,personal,Adaptability,2
BIOU9PC,Population and Community Ecology,Sarah Greenwood,3,5,personal,Verbal Communication,2
BIOU9PC,Population and Community Ecology,Sarah Greenwood,3,5,personal,Written Communication,3
BIOU9PC,Population and Community Ecology,Sarah Greenwood,3,5,personal,Conflict Resolution,0
BIOU9PC,Population and Community Ecology,Sarah Greenwood,3,5,personal,Critical Thinking,3
BIOU9PC,Population and Community Ecology,Sarah Greenwood,3,5,personal,Detail-Orientated Skills,2
BIOU9PC,Population and Community Ecology,Sarah Greenwood,3,5,personal,Innovation,0
BIOU9PC,Population and Community Ecology,Sarah Greenwood,3,5,personal,Integrated Problem-solving,2
BIOU9PC,Population and Community Ecology,Sarah Greenwood,3,5,personal,Interpersonal Skills,2
BIOU9PC,Population and Community Ecology,Sarah Greenwood,3,5,personal,Leadership,0
BIOU9PC,Population and Community Ecology,Sarah Greenwood,3,5,personal,Reliability,2
BIOU9PC,Population and Community Ecology,Sarah Greenwood,3,5,personal,Resourcefulness,2
BIOU9PC,Population and Community Ecology,Sarah Greenwood,3,5,personal,Self-awareness,1
BIOU9PC,Population and Community Ecology,Sarah Greenwood,3,5,personal,Self-motivation,2
BIOU9PC,Population and Community Ecology,Sarah Greenwood,3,5,personal,Teamwork & Collaboration,2
BIOU9PC,Population and Community Ecology,Sarah Greenwood,3,5,personal,Time Management,2
ENVU6SP,Sustainable Landscapes,Charlotte Hall,3,6,computational,AI (generative) Competency,0
ENVU6SP,Sustainable Landscapes,Charlotte Hall,3,6,computational,Computer Programming,0
ENVU6SP,Sustainable Landscapes,Charlotte Hall,3,6,computational,Data Management,0
ENVU6SP,Sustainable Landscapes,Charlotte Hall,3,6,computational,Effective Email Communication,2
ENVU6SP,Sustainable Landscapes,Charlotte Hall,3,6,computational,Geographical Information Systems (GIS),2
ENVU6SP,Sustainable Landscapes,Charlotte Hall,3,6,computational,Graphic Design,2
ENVU6SP,Sustainable Landscapes,Charlotte Hall,3,6,computational,Modelling,0
ENVU6SP,Sustainable Landscapes,Charlotte Hall,3,6,computational,Presentation Software,3
ENVU6SP,Sustainable Landscapes,Charlotte Hall,3,6,computational,Remote Meeting/Collaborative Software,1
ENVU6SP,Sustainable Landscapes,Charlotte Hall,3,6,computational,Remote Sensing (data collection and analysis),0
ENVU6SP,Sustainable Landscapes,Charlotte Hall,3,6,computational,Social Media,0
ENVU6SP,Sustainable Landscapes,Charlotte Hall,3,6,computational,Spreadsheet Creation and Management,0
ENVU6SP,Sustainable Landscapes,Charlotte Hall,3,6,computational,Statistical Programmes,0
ENVU6SP,Sustainable Landscapes,Charlotte Hall,3,6,computational,Word Processing,3
ENVU6SP,Sustainable Landscapes,Charlotte Hall,3,6,field,Application of Remote Observations,2
ENVU6SP,Sustainable Landscapes,Charlotte Hall,3,6,field,Conducting Transects,0
ENVU6SP,Sustainable Landscapes,Charlotte Hall,3,6,field,Core Skills,1
ENVU6SP,Sustainable Landscapes,Charlotte Hall,3,6,field,Drone Observations,0
ENVU6SP,Sustainable Landscapes,Charlotte Hall,3,6,field,Environmental Impact Assessment,3
ENVU6SP,Sustainable Landscapes,Charlotte Hall,3,6,field,GPS Usage,0
ENVU6SP,Sustainable Landscapes,Charlotte Hall,3,6,field,Health and Safety Competency,1
ENVU6SP,Sustainable Landscapes,Charlotte Hall,3,6,field,Mapping Skills,1
ENVU6SP,Sustainable Landscapes,Charlotte Hall,3,6,field,Sampling: In-situ Monitoring,2
ENVU6SP,Sustainable Landscapes,Charlotte Hall,3,6,field,Sampling: Physical Collection,1
ENVU6SP,Sustainable Landscapes,Charlotte Hall,3,6,field,Species Monitoring,0
ENVU6SP,Sustainable Landscapes,Charlotte Hall,3,6,lab,Accurate Result Reporting,0
ENVU6SP,Sustainable Landscapes,Charlotte Hall,3,6,lab,Air Quality Analysis,0
ENVU6SP,Sustainable Landscapes,Charlotte Hall,3,6,lab,Chemical Handling,0
ENVU6SP,Sustainable Landscapes,Charlotte Hall,3,6,lab,Developing and Implementing SOPs,0
ENVU6SP,Sustainable Landscapes,Charlotte Hall,3,6,lab,Good Laboratory Practices (GLP),0
ENVU6SP,Sustainable Landscapes,Charlotte Hall,3,6,lab,Maintaining Lab Notebooks,0
ENVU6SP,Sustainable Landscapes,Charlotte Hall,3,6,lab,Microscopy,0
ENVU6SP,Sustainable Landscapes,Charlotte Hall,3,6,lab,Operating Lab Equipment,0
ENVU6SP,Sustainable Landscapes,Charlotte Hall,3,6,lab,Physical Chemical Analysis,0
ENVU6SP,Sustainable Landscapes,Charlotte Hall,3,6,lab,Pipetting,0
ENVU6SP,Sustainable Landscapes,Charlotte Hall,3,6,lab,Risk Assessments,1
ENVU6SP,Sustainable Landscapes,Charlotte Hall,3,6,lab,Sample Preparation and Handling,0
ENVU6SP,Sustainable Landscapes,Charlotte Hall,3,6,lab,Soil Quality Assessment,0
ENVU6SP,Sustainable Landscapes,Charlotte Hall,3,6,lab,Water Quality Assessment,0
ENVU6SP,Sustainable Landscapes,Charlotte Hall,3,6,personal,Adaptability,1
ENVU6SP,Sustainable Landscapes,Charlotte Hall,3,6,personal,Verbal Communication,3
ENVU6SP,Sustainable Landscapes,Charlotte Hall,3,6,personal,Written Communication,3
ENVU6SP,Sustainable Landscapes,Charlotte Hall,3,6,personal,Conflict Resolution,3
ENVU6SP,Sustainable Landscapes,Charlotte Hall,3,6,personal,Critical Thinking,3
ENVU6SP,Sustainable Landscapes,Charlotte Hall,3,6,personal,Detail-Orientated Skills,2
ENVU6SP,Sustainable Landscapes,Charlotte Hall,3,6,personal,Innovation,2
ENVU6SP,Sustainable Landscapes,Charlotte Hall,3,6,personal,Integrated Problem-solving,2
ENVU6SP,Sustainable Landscapes,Charlotte Hall,3,6,personal,Interpersonal Skills,3
ENVU6SP,Sustainable Landscapes,Charlotte Hall,3,6,personal,Leadership,2
ENVU6SP,Sustainable Landscapes,Charlotte Hall,3,6,personal,Reliability,3
ENVU6SP,Sustainable Landscapes,Charlotte Hall,3,6,personal,Resourcefulness,2
ENVU6SP,Sustainable Landscapes,Charlotte Hall,3,6,personal,Self-awareness,3
ENVU6SP,Sustainable Landscapes,Charlotte Hall,3,6,personal,Self-motivation,3
ENVU6SP,Sustainable Landscapes,Charlotte Hall,3,6,personal,Teamwork & Collaboration,3
ENVU6SP,Sustainable Landscapes,Charlotte Hall,3,6,personal,Time Management,3
ENVU7CP,Conservation Placement,Kirsty Park,4,7,computational,AI (generative) Competency,0
ENVU7CP,Conservation Placement,Kirsty Park,4,7,computational,Computer Programming,0
ENVU7CP,Conservation Placement,Kirsty Park,4,7,computational,Data Management,0
ENVU7CP,Conservation Placement,Kirsty Park,4,7,computational,Effective Email Communication,1
ENVU7CP,Conservation Placement,Kirsty Park,4,7,computational,Geographical Information Systems (GIS),0
ENVU7CP,Conservation Placement,Kirsty Park,4,7,computational,Graphic Design,0
ENVU7CP,Conservation Placement,Kirsty Park,4,7,computational,Modelling,0
ENVU7CP,Conservation Placement,Kirsty Park,4,7,computational,Presentation Software,0
ENVU7CP,Conservation Placement,Kirsty Park,4,7,computational,Remote Meeting/Collaborative Software,0
ENVU7CP,Conservation Placement,Kirsty Park,4,7,computational,Remote Sensing (data collection and analysis),0
ENVU7CP,Conservation Placement,Kirsty Park,4,7,computational,Social Media,2
ENVU7CP,Conservation Placement,Kirsty Park,4,7,computational,Spreadsheet Creation and Management,0
ENVU7CP,Conservation Placement,Kirsty Park,4,7,computational,Statistical Programmes,0
ENVU7CP,Conservation Placement,Kirsty Park,4,7,computational,Word Processing,2
ENVU7CP,Conservation Placement,Kirsty Park,4,7,field,Application of Remote Observations,0
ENVU7CP,Conservation Placement,Kirsty Park,4,7,field,Conducting Transects,0
ENVU7CP,Conservation Placement,Kirsty Park,4,7,field,Core Skills,0
ENVU7CP,Conservation Placement,Kirsty Park,4,7,field,Drone Observations,0
ENVU7CP,Conservation Placement,Kirsty Park,4,7,field,Environmental Impact Assessment,0
ENVU7CP,Conservation Placement,Kirsty Park,4,7,field,GPS Usage,0
ENVU7CP,Conservation Placement,Kirsty Park,4,7,field,Health and Safety Competency,0
ENVU7CP,Conservation Placement,Kirsty Park,4,7,field,Mapping Skills,0
ENVU7CP,Conservation Placement,Kirsty Park,4,7,field,Sampling: In-situ Monitoring,0
ENVU7CP,Conservation Placement,Kirsty Park,4,7,field,Sampling: Physical Collection,0
ENVU7CP,Conservation Placement,Kirsty Park,4,7,field,Species Monitoring,0
ENVU7CP,Conservation Placement,Kirsty Park,4,7,lab,Accurate Result Reporting,0
ENVU7CP,Conservation Placement,Kirsty Park,4,7,lab,Air Quality Analysis,0
ENVU7CP,Conservation Placement,Kirsty Park,4,7,lab,Chemical Handling,0
ENVU7CP,Conservation Placement,Kirsty Park,4,7,lab,Developing and Implementing SOPs,0
ENVU7CP,Conservation Placement,Kirsty Park,4,7,lab,Good Laboratory Practices (GLP),0
ENVU7CP,Conservation Placement,Kirsty Park,4,7,lab,Maintaining Lab Notebooks,0
ENVU7CP,Conservation Placement,Kirsty Park,4,7,lab,Microscopy,0
ENVU7CP,Conservation Placement,Kirsty Park,4,7,lab,Operating Lab Equipment,0
ENVU7CP,Conservation Placement,Kirsty Park,4,7,lab,Physical Chemical Analysis,0
ENVU7CP,Conservation Placement,Kirsty Park,4,7,lab,Pipetting,0
ENVU7CP,Conservation Placement,Kirsty Park,4,7,lab,Risk Assessments,0
ENVU7CP,Conservation Placement,Kirsty Park,4,7,lab,Sample Preparation and Handling,0
ENVU7CP,Conservation Placement,Kirsty Park,4,7,lab,Soil Quality Assessment,0
ENVU7CP,Conservation Placement,Kirsty Park,4,7,lab,Water Quality Assessment,0
ENVU7CP,Conservation Placement,Kirsty Park,4,7,personal,Adaptability,2
ENVU7CP,Conservation Placement,Kirsty Park,4,7,personal,Verbal Communication,2
ENVU7CP,Conservation Placement,Kirsty Park,4,7,personal,Written Communication,3
ENVU7CP,Conservation Placement,Kirsty Park,4,7,personal,Conflict Resolution,2
ENVU7CP,Conservation Placement,Kirsty Park,4,7,personal,Critical Thinking,3
ENVU7CP,Conservation Placement,Kirsty Park,4,7,personal,Detail-Orientated Skills,3
ENVU7CP,Conservation Placement,Kirsty Park,4,7,personal,Innovation,2
ENVU7CP,Conservation Placement,Kirsty Park,4,7,personal,Integrated Problem-solving,2
ENVU7CP,Conservation Placement,Kirsty Park,4,7,personal,Interpersonal Skills,3
ENVU7CP,Conservation Placement,Kirsty Park,4,7,personal,Leadership,2
ENVU7CP,Conservation Placement,Kirsty Park,4,7,personal,Reliability,2
ENVU7CP,Conservation Placement,Kirsty Park,4,7,personal,Resourcefulness,2
ENVU7CP,Conservation Placement,Kirsty Park,4,7,personal,Self-awareness,2
ENVU7CP,Conservation Placement,Kirsty Park,4,7,personal,Self-motivation,3
ENVU7CP,Conservation Placement,Kirsty Park,4,7,personal,Teamwork & Collaboration,3
ENVU7CP,Conservation Placement,Kirsty Park,4,7,personal,Time Management,3
SCIU7SR,Statistics Using R,Daniel Chapman,3,5,computational,AI (generative) Competency,2
SCIU7SR,Statistics Using R,Daniel Chapman,3,5,computational,Computer Programming,3
SCIU7SR,Statistics Using R,Daniel Chapman,3,5,computational,Data Management,2
SCIU7SR,Statistics Using R,Daniel Chapman,3,5,computational,Effective Email Communication,0
SCIU7SR,Statistics Using R,Daniel Chapman,3,5,computational,Geographical Information Systems (GIS),0
SCIU7SR,Statistics Using R,Daniel Chapman,3,5,computational,Graphic Design,3
SCIU7SR,Statistics Using R,Daniel Chapman,3,5,computational,Modelling,3
SCIU7SR,Statistics Using R,Daniel Chapman,3,5,computational,Presentation Software,0
SCIU7SR,Statistics Using R,Daniel Chapman,3,5,computational,Remote Meeting/Collaborative Software,0
SCIU7SR,Statistics Using R,Daniel Chapman,3,5,computational,Remote Sensing (data collection and analysis),0
SCIU7SR,Statistics Using R,Daniel Chapman,3,5,computational,Social Media,0
SCIU7SR,Statistics Using R,Daniel Chapman,3,5,computational,Spreadsheet Creation and Management,3
SCIU7SR,Statistics Using R,Daniel Chapman,3,5,computational,Statistical Programmes,3
SCIU7SR,Statistics Using R,Daniel Chapman,3,5,computational,Word Processing,2
SCIU7SR,Statistics Using R,Daniel Chapman,3,5,field,Application of Remote Observations,0
SCIU7SR,Statistics Using R,Daniel Chapman,3,5,field,Conducting Transects,0
SCIU7SR,Statistics Using R,Daniel Chapman,3,5,field,Core Skills,0
SCIU7SR,Statistics Using R,Daniel Chapman,3,5,field,Drone Observations,0
SCIU7SR,Statistics Using R,Daniel Chapman,3,5,field,Environmental Impact Assessment,0
SCIU7SR,Statistics Using R,Daniel Chapman,3,5,field,GPS Usage,0
SCIU7SR,Statistics Using R,Daniel Chapman,3,5,field,Health and Safety Competency,0
SCIU7SR,Statistics Using R,Daniel Chapman,3,5,field,Mapping Skills,0
SCIU7SR,Statistics Using R,Daniel Chapman,3,5,field,Sampling: In-situ Monitoring,0
SCIU7SR,Statistics Using R,Daniel Chapman,3,5,field,Sampling: Physical Collection,0
SCIU7SR,Statistics Using R,Daniel Chapman,3,5,field,Species Monitoring,0
SCIU7SR,Statistics Using R,Daniel Chapman,3,5,lab,Accurate Result Reporting,2
SCIU7SR,Statistics Using R,Daniel Chapman,3,5,lab,Air Quality Analysis,0
SCIU7SR,Statistics Using R,Daniel Chapman,3,5,lab,Chemical Handling,0
SCIU7SR,Statistics Using R,Daniel Chapman,3,5,lab,Developing and Implementing SOPs,0
SCIU7SR,Statistics Using R,Daniel Chapman,3,5,lab,Good Laboratory Practices (GLP),0
SCIU7SR,Statistics Using R,Daniel Chapman,3,5,lab,Maintaining Lab Notebooks,0
SCIU7SR,Statistics Using R,Daniel Chapman,3,5,lab,Microscopy,0
SCIU7SR,Statistics Using R,Daniel Chapman,3,5,lab,Operating Lab Equipment,0
SCIU7SR,Statistics Using R,Daniel Chapman,3,5,lab,Physical Chemical Analysis,0
SCIU7SR,Statistics Using R,Daniel Chapman,3,5,lab,Pipetting,0
SCIU7SR,Statistics Using R,Daniel Chapman,3,5,lab,Risk Assessments,0
SCIU7SR,Statistics Using R,Daniel Chapman,3,5,lab,Sample Preparation and Handling,0
SCIU7SR,Statistics Using R,Daniel Chapman,3,5,lab,Soil Quality Assessment,0
SCIU7SR,Statistics Using R,Daniel Chapman,3,5,lab,Water Quality Assessment,0
SCIU7SR,Statistics Using R,Daniel Chapman,3,5,personal,Adaptability,2
SCIU7SR,Statistics Using R,Daniel Chapman,3,5,personal,Verbal Communication,0
SCIU7SR,Statistics Using R,Daniel Chapman,3,5,personal,Written Communication,2
SCIU7SR,Statistics Using R,Daniel Chapman,3,5,personal,Conflict Resolution,0
SCIU7SR,Statistics Using R,Daniel Chapman,3,5,personal,Critical Thinking,3
SCIU7SR,Statistics Using R,Daniel Chapman,3,5,personal,Detail-Orientated Skills,3
SCIU7SR,Statistics Using R,Daniel Chapman,3,5,personal,Innovation,2
SCIU7SR,Statistics Using R,Daniel Chapman,3,5,personal,Integrated Problem-solving,3
SCIU7SR,Statistics Using R,Daniel Chapman,3,5,personal,Interpersonal Skills,0
SCIU7SR,Statistics Using R,Daniel Chapman,3,5,personal,Leadership,0
SCIU7SR,Statistics Using R,Daniel Chapman,3,5,personal,Reliability,2
SCIU7SR,Statistics Using R,Daniel Chapman,3,5,personal,Resourcefulness,2
SCIU7SR,Statistics Using R,Daniel Chapman,3,5,personal,Self-awareness,0
SCIU7SR,Statistics Using R,Daniel Chapman,3,5,personal,Self-motivation,2
SCIU7SR,Statistics Using R,Daniel Chapman,3,5,personal,Teamwork & Collaboration,0
SCIU7SR,Statistics Using R,Daniel Chapman,3,5,personal,Time Management,2
ENVU5EP,Environmental Policy and Management,Jen Dickie,3,5,computational,AI (generative) Competency,1
ENVU5EP,Environmental Policy and Management,Jen Dickie,3,5,computational,Computer Programming,0
ENVU5EP,Environmental Policy and Management,Jen Dickie,3,5,computational,Data Management,0
ENVU5EP,Environmental Policy and Management,Jen Dickie,3,5,computational,Effective Email Communication,1
ENVU5EP,Environmental Policy and Management,Jen Dickie,3,5,computational,Geographical Information Systems (GIS),0
ENVU5EP,Environmental Policy and Management,Jen Dickie,3,5,computational,Graphic Design,2
ENVU5EP,Environmental Policy and Management,Jen Dickie,3,5,computational,Modelling,0
ENVU5EP,Environmental Policy and Management,Jen Dickie,3,5,computational,Presentation Software,2
ENVU5EP,Environmental Policy and Management,Jen Dickie,3,5,computational,Remote Meeting/Collaborative Software,0
ENVU5EP,Environmental Policy and Management,Jen Dickie,3,5,computational,Remote Sensing (data collection and analysis),0
ENVU5EP,Environmental Policy and Management,Jen Dickie,3,5,computational,Social Media,2
ENVU5EP,Environmental Policy and Management,Jen Dickie,3,5,computational,Spreadsheet Creation and Management,0
ENVU5EP,Environmental Policy and Management,Jen Dickie,3,5,computational,Statistical Programmes,0
ENVU5EP,Environmental Policy and Management,Jen Dickie,3,5,computational,Word Processing,2
ENVU5EP,Environmental Policy and Management,Jen Dickie,3,5,field,Application of Remote Observations,0
ENVU5EP,Environmental Policy and Management,Jen Dickie,3,5,field,Conducting Transects,0
ENVU5EP,Environmental Policy and Management,Jen Dickie,3,5,field,Core Skills,0
ENVU5EP,Environmental Policy and Management,Jen Dickie,3,5,field,Drone Observations,0
ENVU5EP,Environmental Policy and Management,Jen Dickie,3,5,field,Environmental Impact Assessment,0
ENVU5EP,Environmental Policy and Management,Jen Dickie,3,5,field,GPS Usage,0
ENVU5EP,Environmental Policy and Management,Jen Dickie,3,5,field,Health and Safety Competency,1
ENVU5EP,Environmental Policy and Management,Jen Dickie,3,5,field,Mapping Skills,0
ENVU5EP,Environmental Policy and Management,Jen Dickie,3,5,field,Sampling: In-situ Monitoring,0
ENVU5EP,Environmental Policy and Management,Jen Dickie,3,5,field,Sampling: Physical Collection,0
ENVU5EP,Environmental Policy and Management,Jen Dickie,3,5,field,Species Monitoring,0
ENVU5EP,Environmental Policy and Management,Jen Dickie,3,5,lab,Accurate Result Reporting,0
ENVU5EP,Environmental Policy and Management,Jen Dickie,3,5,lab,Air Quality Analysis,0
ENVU5EP,Environmental Policy and Management,Jen Dickie,3,5,lab,Chemical Handling,0
ENVU5EP,Environmental Policy and Management,Jen Dickie,3,5,lab,Developing and Implementing SOPs,0
ENVU5EP,Environmental Policy and Management,Jen Dickie,3,5,lab,Good Laboratory Practices (GLP),0
ENVU5EP,Environmental Policy and Management,Jen Dickie,3,5,lab,Maintaining Lab Notebooks,0
ENVU5EP,Environmental Policy and Management,Jen Dickie,3,5,lab,Microscopy,0
ENVU5EP,Environmental Policy and Management,Jen Dickie,3,5,lab,Operating Lab Equipment,0
ENVU5EP,Environmental Policy and Management,Jen Dickie,3,5,lab,Physical Chemical Analysis,0
ENVU5EP,Environmental Policy and Management,Jen Dickie,3,5,lab,Pipetting,0
ENVU5EP,Environmental Policy and Management,Jen Dickie,3,5,lab,Risk Assessments,0
ENVU5EP,Environmental Policy and Management,Jen Dickie,3,5,lab,Sample Preparation and Handling,0
ENVU5EP,Environmental Policy and Management,Jen Dickie,3,5,lab,Soil Quality Assessment,0
ENVU5EP,Environmental Policy and Management,Jen Dickie,3,5,lab,Water Quality Assessment,0
ENVU5EP,Environmental Policy and Management,Jen Dickie,3,5,personal,Adaptability,1
ENVU5EP,Environmental Policy and Management,Jen Dickie,3,5,personal,Verbal Communication,3
ENVU5EP,Environmental Policy and Management,Jen Dickie,3,5,personal,Written Communication,3
ENVU5EP,Environmental Policy and Management,Jen Dickie,3,5,personal,Conflict Resolution,2
ENVU5EP,Environmental Policy and Management,Jen Dickie,3,5,personal,Critical Thinking,3
ENVU5EP,Environmental Policy and Management,Jen Dickie,3,5,personal,Detail-Orientated Skills,3
ENVU5EP,Environmental Policy and Management,Jen Dickie,3,5,personal,Innovation,2
ENVU5EP,Environmental Policy and Management,Jen Dickie,3,5,personal,Integrated Problem-solving,2
ENVU5EP,Environmental Policy and Management,Jen Dickie,3,5,personal,Interpersonal Skills,3
ENVU5EP,Environmental Policy and Management,Jen Dickie,3,5,personal,Leadership,2
ENVU5EP,Environmental Policy and Management,Jen Dickie,3,5,personal,Reliability,2
ENVU5EP,Environmental Policy and Management,Jen Dickie,3,5,personal,Resourcefulness,2
ENVU5EP,Environmental Policy and Management,Jen Dickie,3,5,personal,Self-awareness,3
ENVU5EP,Environmental Policy and Management,Jen Dickie,3,5,personal,Self-motivation,3
ENVU5EP,Environmental Policy and Management,Jen Dickie,3,5,personal,Teamwork & Collaboration,3
ENVU5EP,Environmental Policy and Management,Jen Dickie,3,5,personal,Time Management,3
ENVU1BP,Building Planet Earth,Eileen Tisdall,1,1,computational,AI (generative) Competency,1
ENVU1BP,Building Planet Earth,Eileen Tisdall,1,1,computational,Computer Programming,0
ENVU1BP,Building Planet Earth,Eileen Tisdall,1,1,computational,Data Management,1
ENVU1BP,Building Planet Earth,Eileen Tisdall,1,1,computational,Effective Email Communication,1
ENVU1BP,Building Planet Earth,Eileen Tisdall,1,1,computational,Geographical Information Systems (GIS),0
ENVU1BP,Building Planet Earth,Eileen Tisdall,1,1,computational,Graphic Design,2
ENVU1BP,Building Planet Earth,Eileen Tisdall,1,1,computational,Modelling,0
ENVU1BP,Building Planet Earth,Eileen Tisdall,1,1,computational,Presentation Software,1
ENVU1BP,Building Planet Earth,Eileen Tisdall,1,1,computational,Remote Meeting/Collaborative Software,0
ENVU1BP,Building Planet Earth,Eileen Tisdall,1,1,computational,Remote Sensing (data collection and analysis),0
ENVU1BP,Building Planet Earth,Eileen Tisdall,1,1,computational,Social Media,0
ENVU1BP,Building Planet Earth,Eileen Tisdall,1,1,computational,Spreadsheet Creation and Management,0
ENVU1BP,Building Planet Earth,Eileen Tisdall,1,1,computational,Statistical Programmes,0
ENVU1BP,Building Planet Earth,Eileen Tisdall,1,1,computational,Word Processing,2
ENVU1BP,Building Planet Earth,Eileen Tisdall,1,1,field,Application of Remote Observations,0
ENVU1BP,Building Planet Earth,Eileen Tisdall,1,1,field,Conducting Transects,0
ENVU1BP,Building Planet Earth,Eileen Tisdall,1,1,field,Core Skills,1
ENVU1BP,Building Planet Earth,Eileen Tisdall,1,1,field,Drone Observations,0
ENVU1BP,Building Planet Earth,Eileen Tisdall,1,1,field,Environmental Impact Assessment,0
ENVU1BP,Building Planet Earth,Eileen Tisdall,1,1,field,GPS Usage,0
ENVU1BP,Building Planet Earth,Eileen Tisdall,1,1,field,Health and Safety Competency,0
ENVU1BP,Building Planet Earth,Eileen Tisdall,1,1,field,Mapping Skills,2
ENVU1BP,Building Planet Earth,Eileen Tisdall,1,1,field,Sampling: In-situ Monitoring,0
ENVU1BP,Building Planet Earth,Eileen Tisdall,1,1,field,Sampling: Physical Collection,0
ENVU1BP,Building Planet Earth,Eileen Tisdall,1,1,field,Species Monitoring,0
ENVU1BP,Building Planet Earth,Eileen Tisdall,1,1,lab,Accurate Result Reporting,2
ENVU1BP,Building Planet Earth,Eileen Tisdall,1,1,lab,Air Quality Analysis,0
ENVU1BP,Building Planet Earth,Eileen Tisdall,1,1,lab,Chemical Handling,0
ENVU1BP,Building Planet Earth,Eileen Tisdall,1,1,lab,Developing and Implementing SOPs,0
ENVU1BP,Building Planet Earth,Eileen Tisdall,1,1,lab,Good Laboratory Practices (GLP),1
ENVU1BP,Building Planet Earth,Eileen Tisdall,1,1,lab,Maintaining Lab Notebooks,1
ENVU1BP,Building Planet Earth,Eileen Tisdall,1,1,lab,Microscopy,0
ENVU1BP,Building Planet Earth,Eileen Tisdall,1,1,lab,Operating Lab Equipment,0
ENVU1BP,Building Planet Earth,Eileen Tisdall,1,1,lab,Physical Chemical Analysis,0
ENVU1BP,Building Planet Earth,Eileen Tisdall,1,1,lab,Pipetting,0
ENVU1BP,Building Planet Earth,Eileen Tisdall,1,1,lab,Risk Assessments,0
ENVU1BP,Building Planet Earth,Eileen Tisdall,1,1,lab,Sample Preparation and Handling,0
ENVU1BP,Building Planet Earth,Eileen Tisdall,1,1,lab,Soil Quality Assessment,0
ENVU1BP,Building Planet Earth,Eileen Tisdall,1,1,lab,Water Quality Assessment,0
ENVU1BP,Building Planet Earth,Eileen Tisdall,1,1,personal,Adaptability,1
ENVU1BP,Building Planet Earth,Eileen Tisdall,1,1,personal,Verbal Communication,2
ENVU1BP,Building Planet Earth,Eileen Tisdall,1,1,personal,Written Communication,2
ENVU1BP,Building Planet Earth,Eileen Tisdall,1,1,personal,Conflict Resolution,1
ENVU1BP,Building Planet Earth,Eileen Tisdall,1,1,personal,Critical Thinking,0
ENVU1BP,Building Planet Earth,Eileen Tisdall,1,1,personal,Detail-Orientated Skills,0
ENVU1BP,Building Planet Earth,Eileen Tisdall,1,1,personal,Innovation,0
ENVU1BP,Building Planet Earth,Eileen Tisdall,1,1,personal,Integrated Problem-solving,1
ENVU1BP,Building Planet Earth,Eileen Tisdall,1,1,personal,Interpersonal Skills,1
ENVU1BP,Building Planet Earth,Eileen Tisdall,1,1,personal,Leadership,1
ENVU1BP,Building Planet Earth,Eileen Tisdall,1,1,personal,Reliability,2
ENVU1BP,Building Planet Earth,Eileen Tisdall,1,1,personal,Resourcefulness,1
ENVU1BP,Building Planet Earth,Eileen Tisdall,1,1,personal,Self-awareness,1
ENVU1BP,Building Planet Earth,Eileen Tisdall,1,1,personal,Self-motivation,2
ENVU1BP,Building Planet Earth,Eileen Tisdall,1,1,personal,Teamwork & Collaboration,1
ENVU1BP,Building Planet Earth,Eileen Tisdall,1,1,personal,Time Management,1
SCIU3FS,Fieldskills for Sustainable Solutions,Eileen Tisdall,2,3,computational,AI (generative) Competency,0
SCIU3FS,Fieldskills for Sustainable Solutions,Eileen Tisdall,2,3,computational,Computer Programming,0
SCIU3FS,Fieldskills for Sustainable Solutions,Eileen Tisdall,2,3,computational,Data Management,1
SCIU3FS,Fieldskills for Sustainable Solutions,Eileen Tisdall,2,3,computational,Effective Email Communication,1
SCIU3FS,Fieldskills for Sustainable Solutions,Eileen Tisdall,2,3,computational,Geographical Information Systems (GIS),1
SCIU3FS,Fieldskills for Sustainable Solutions,Eileen Tisdall,2,3,computational,Graphic Design,2
SCIU3FS,Fieldskills for Sustainable Solutions,Eileen Tisdall,2,3,computational,Modelling,0
SCIU3FS,Fieldskills for Sustainable Solutions,Eileen Tisdall,2,3,computational,Presentation Software,2
SCIU3FS,Fieldskills for Sustainable Solutions,Eileen Tisdall,2,3,computational,Remote Meeting/Collaborative Software,0
SCIU3FS,Fieldskills for Sustainable Solutions,Eileen Tisdall,2,3,computational,Remote Sensing (data collection and analysis),1
SCIU3FS,Fieldskills for Sustainable Solutions,Eileen Tisdall,2,3,computational,Social Media,0
SCIU3FS,Fieldskills for Sustainable Solutions,Eileen Tisdall,2,3,computational,Spreadsheet Creation and Management,0
SCIU3FS,Fieldskills for Sustainable Solutions,Eileen Tisdall,2,3,computational,Statistical Programmes,0
SCIU3FS,Fieldskills for Sustainable Solutions,Eileen Tisdall,2,3,computational,Word Processing,2
SCIU3FS,Fieldskills for Sustainable Solutions,Eileen Tisdall,2,3,field,Application of Remote Observations,1
SCIU3FS,Fieldskills for Sustainable Solutions,Eileen Tisdall,2,3,field,Conducting Transects,2
SCIU3FS,Fieldskills for Sustainable Solutions,Eileen Tisdall,2,3,field,Core Skills,2
SCIU3FS,Fieldskills for Sustainable Solutions,Eileen Tisdall,2,3,field,Drone Observations,1
SCIU3FS,Fieldskills for Sustainable Solutions,Eileen Tisdall,2,3,field,Environmental Impact Assessment,0
SCIU3FS,Fieldskills for Sustainable Solutions,Eileen Tisdall,2,3,field,GPS Usage,2
SCIU3FS,Fieldskills for Sustainable Solutions,Eileen Tisdall,2,3,field,Health and Safety Competency,1
SCIU3FS,Fieldskills for Sustainable Solutions,Eileen Tisdall,2,3,field,Mapping Skills,2
SCIU3FS,Fieldskills for Sustainable Solutions,Eileen Tisdall,2,3,field,Sampling: In-situ Monitoring,1
SCIU3FS,Fieldskills for Sustainable Solutions,Eileen Tisdall,2,3,field,Sampling: Physical Collection,2
SCIU3FS,Fieldskills for Sustainable Solutions,Eileen Tisdall,2,3,field,Species Monitoring,1
SCIU3FS,Fieldskills for Sustainable Solutions,Eileen Tisdall,2,3,lab,Accurate Result Reporting,2
SCIU3FS,Fieldskills for Sustainable Solutions,Eileen Tisdall,2,3,lab,Air Quality Analysis,0
SCIU3FS,Fieldskills for Sustainable Solutions,Eileen Tisdall,2,3,lab,Chemical Handling,0
SCIU3FS,Fieldskills for Sustainable Solutions,Eileen Tisdall,2,3,lab,Developing and Implementing SOPs,0
SCIU3FS,Fieldskills for Sustainable Solutions,Eileen Tisdall,2,3,lab,Good Laboratory Practices (GLP),0
SCIU3FS,Fieldskills for Sustainable Solutions,Eileen Tisdall,2,3,lab,Maintaining Lab Notebooks,2
SCIU3FS,Fieldskills for Sustainable Solutions,Eileen Tisdall,2,3,lab,Microscopy,0
SCIU3FS,Fieldskills for Sustainable Solutions,Eileen Tisdall,2,3,lab,Operating Lab Equipment,0
SCIU3FS,Fieldskills for Sustainable Solutions,Eileen Tisdall,2,3,lab,Physical Chemical Analysis,0
SCIU3FS,Fieldskills for Sustainable Solutions,Eileen Tisdall,2,3,lab,Pipetting,0
SCIU3FS,Fieldskills for Sustainable Solutions,Eileen Tisdall,2,3,lab,Risk Assessments,1
SCIU3FS,Fieldskills for Sustainable Solutions,Eileen Tisdall,2,3,lab,Sample Preparation and Handling,0
SCIU3FS,Fieldskills for Sustainable Solutions,Eileen Tisdall,2,3,lab,Soil Quality Assessment,1
SCIU3FS,Fieldskills for Sustainable Solutions,Eileen Tisdall,2,3,lab,Water Quality Assessment,0
SCIU3FS,Fieldskills for Sustainable Solutions,Eileen Tisdall,2,3,personal,Adaptability,2
SCIU3FS,Fieldskills for Sustainable Solutions,Eileen Tisdall,2,3,personal,Verbal Communication,3
SCIU3FS,Fieldskills for Sustainable Solutions,Eileen Tisdall,2,3,personal,Written Communication,2
SCIU3FS,Fieldskills for Sustainable Solutions,Eileen Tisdall,2,3,personal,Conflict Resolution,2
SCIU3FS,Fieldskills for Sustainable Solutions,Eileen Tisdall,2,3,personal,Critical Thinking,2
SCIU3FS,Fieldskills for Sustainable Solutions,Eileen Tisdall,2,3,personal,Detail-Orientated Skills,2
SCIU3FS,Fieldskills for Sustainable Solutions,Eileen Tisdall,2,3,personal,Innovation,2
SCIU3FS,Fieldskills for Sustainable Solutions,Eileen Tisdall,2,3,personal,Integrated Problem-solving,3
SCIU3FS,Fieldskills for Sustainable Solutions,Eileen Tisdall,2,3,personal,Interpersonal Skills,3
SCIU3FS,Fieldskills for Sustainable Solutions,Eileen Tisdall,2,3,personal,Leadership,2
SCIU3FS,Fieldskills for Sustainable Solutions,Eileen Tisdall,2,3,personal,Reliability,2
SCIU3FS,Fieldskills for Sustainable Solutions,Eileen Tisdall,2,3,personal,Resourcefulness,2
SCIU3FS,Fieldskills for Sustainable Solutions,Eileen Tisdall,2,3,personal,Self-awareness,2
SCIU3FS,Fieldskills for Sustainable Solutions,Eileen Tisdall,2,3,personal,Self-motivation,2
SCIU3FS,Fieldskills for Sustainable Solutions,Eileen Tisdall,2,3,personal,Teamwork & Collaboration,3
SCIU3FS,Fieldskills for Sustainable Solutions,Eileen Tisdall,2,3,personal,Time Management,2
EOEU2OE,Development and Application of Outdoor Education,Sarah Greenwood,1,2,computational,AI (generative) Competency,0
EOEU2OE,Development and Application of Outdoor Education,Sarah Greenwood,1,2,computational,Computer Programming,0
EOEU2OE,Development and Application of Outdoor Education,Sarah Greenwood,1,2,computational,Data Management,1
EOEU2OE,Development and Application of Outdoor Education,Sarah Greenwood,1,2,computational,Effective Email Communication,3
EOEU2OE,Development and Application of Outdoor Education,Sarah Greenwood,1,2,computational,Geographical Information Systems (GIS),0
EOEU2OE,Development and Application of Outdoor Education,Sarah Greenwood,1,2,computational,Graphic Design,0
EOEU2OE,Development and Application of Outdoor Education,Sarah Greenwood,1,2,computational,Modelling,0
EOEU2OE,Development and Application of Outdoor Education,Sarah Greenwood,1,2,computational,Presentation Software,2
EOEU2OE,Development and Application of Outdoor Education,Sarah Greenwood,1,2,computational,Remote Meeting/Collaborative Software,1
EOEU2OE,Development and Application of Outdoor Education,Sarah Greenwood,1,2,computational,Remote Sensing (data collection and analysis),0
EOEU2OE,Development and Application of Outdoor Education,Sarah Greenwood,1,2,computational,Social Media,0
EOEU2OE,Development and Application of Outdoor Education,Sarah Greenwood,1,2,computational,Spreadsheet Creation and Management,1
EOEU2OE,Development and Application of Outdoor Education,Sarah Greenwood,1,2,computational,Statistical Programmes,0
EOEU2OE,Development and Application of Outdoor Education,Sarah Greenwood,1,2,computational,Word Processing,2
EOEU2OE,Development and Application of Outdoor Education,Sarah Greenwood,1,2,field,Application of Remote Observations,0
EOEU2OE,Development and Application of Outdoor Education,Sarah Greenwood,1,2,field,Conducting Transects,0
EOEU2OE,Development and Application of Outdoor Education,Sarah Greenwood,1,2,field,Core Skills,3
EOEU2OE,Development and Application of Outdoor Education,Sarah Greenwood,1,2,field,Drone Observations,0
EOEU2OE,Development and Application of Outdoor Education,Sarah Greenwood,1,2,field,Environmental Impact Assessment,0
EOEU2OE,Development and Application of Outdoor Education,Sarah Greenwood,1,2,field,GPS Usage,2
EOEU2OE,Development and Application of Outdoor Education,Sarah Greenwood,1,2,field,Health and Safety Competency,2
EOEU2OE,Development and Application of Outdoor Education,Sarah Greenwood,1,2,field,Mapping Skills,2
EOEU2OE,Development and Application of Outdoor Education,Sarah Greenwood,1,2,field,Sampling: In-situ Monitoring,0
EOEU2OE,Development and Application of Outdoor Education,Sarah Greenwood,1,2,field,Sampling: Physical Collection,0
EOEU2OE,Development and Application of Outdoor Education,Sarah Greenwood,1,2,field,Species Monitoring,0
EOEU2OE,Development and Application of Outdoor Education,Sarah Greenwood,1,2,lab,Accurate Result Reporting,0
EOEU2OE,Development and Application of Outdoor Education,Sarah Greenwood,1,2,lab,Air Quality Analysis,0
EOEU2OE,Development and Application of Outdoor Education,Sarah Greenwood,1,2,lab,Chemical Handling,0
EOEU2OE,Development and Application of Outdoor Education,Sarah Greenwood,1,2,lab,Developing and Implementing SOPs,0
EOEU2OE,Development and Application of Outdoor Education,Sarah Greenwood,1,2,lab,Good Laboratory Practices (GLP),0
EOEU2OE,Development and Application of Outdoor Education,Sarah Greenwood,1,2,lab,Maintaining Lab Notebooks,0
EOEU2OE,Development and Application of Outdoor Education,Sarah Greenwood,1,2,lab,Microscopy,0
EOEU2OE,Development and Application of Outdoor Education,Sarah Greenwood,1,2,lab,Operating Lab Equipment,0
EOEU2OE,Development and Application of Outdoor Education,Sarah Greenwood,1,2,lab,Physical Chemical Analysis,0
EOEU2OE,Development and Application of Outdoor Education,Sarah Greenwood,1,2,lab,Pipetting,0
EOEU2OE,Development and Application of Outdoor Education,Sarah Greenwood,1,2,lab,Risk Assessments,2
EOEU2OE,Development and Application of Outdoor Education,Sarah Greenwood,1,2,lab,Sample Preparation and Handling,0
EOEU2OE,Development and Application of Outdoor Education,Sarah Greenwood,1,2,lab,Soil Quality Assessment,0
EOEU2OE,Development and Application of Outdoor Education,Sarah Greenwood,1,2,lab,Water Quality Assessment,0
EOEU2OE,Development and Application of Outdoor Education,Sarah Greenwood,1,2,personal,Adaptability,3
EOEU2OE,Development and Application of Outdoor Education,Sarah Greenwood,1,2,personal,Verbal Communication,2
EOEU2OE,Development and Application of Outdoor Education,Sarah Greenwood,1,2,personal,Written Communication,2
EOEU2OE,Development and Application of Outdoor Education,Sarah Greenwood,1,2,personal,Conflict Resolution,2
EOEU2OE,Development and Application of Outdoor Education,Sarah Greenwood,1,2,personal,Critical Thinking,2
EOEU2OE,Development and Application of Outdoor Education,Sarah Greenwood,1,2,personal,Detail-Orientated Skills,2
EOEU2OE,Development and Application of Outdoor Education,Sarah Greenwood,1,2,personal,Innovation,2
EOEU2OE,Development and Application of Outdoor Education,Sarah Greenwood,1,2,personal,Integrated Problem-solving,2
EOEU2OE,Development and Application of Outdoor Education,Sarah Greenwood,1,2,personal,Interpersonal Skills,3
EOEU2OE,Development and Application of Outdoor Education,Sarah Greenwood,1,2,personal,Leadership,3
EOEU2OE,Development and Application of Outdoor Education,Sarah Greenwood,1,2,personal,Reliability,3
EOEU2OE,Development and Application of Outdoor Education,Sarah Greenwood,1,2,personal,Resourcefulness,3
EOEU2OE,Development and Application of Outdoor Education,Sarah Greenwood,1,2,personal,Self-awareness,2
EOEU2OE,Development and Application of Outdoor Education,Sarah Greenwood,1,2,personal,Self-motivation,3
EOEU2OE,Development and Application of Outdoor Education,Sarah Greenwood,1,2,personal,Teamwork & Collaboration,3
EOEU2OE,Development and Application of Outdoor Education,Sarah Greenwood,1,2,personal,Time Management,2
BIOU3GE,Evolution and Genetics,Brad Duthie,2,3,computational,AI (generative) Competency,0
BIOU3GE,Evolution and Genetics,Brad Duthie,2,3,computational,Computer Programming,0
BIOU3GE,Evolution and Genetics,Brad Duthie,2,3,computational,Data Management,2
BIOU3GE,Evolution and Genetics,Brad Duthie,2,3,computational,Effective Email Communication,0
BIOU3GE,Evolution and Genetics,Brad Duthie,2,3,computational,Geographical Information Systems (GIS),0
BIOU3GE,Evolution and Genetics,Brad Duthie,2,3,computational,Graphic Design,0
BIOU3GE,Evolution and Genetics,Brad Duthie,2,3,computational,Modelling,1
BIOU3GE,Evolution and Genetics,Brad Duthie,2,3,computational,Presentation Software,0
BIOU3GE,Evolution and Genetics,Brad Duthie,2,3,computational,Remote Meeting/Collaborative Software,0
BIOU3GE,Evolution and Genetics,Brad Duthie,2,3,computational,Remote Sensing (data collection and analysis),0
BIOU3GE,Evolution and Genetics,Brad Duthie,2,3,computational,Social Media,0
BIOU3GE,Evolution and Genetics,Brad Duthie,2,3,computational,Spreadsheet Creation and Management,2
BIOU3GE,Evolution and Genetics,Brad Duthie,2,3,computational,Statistical Programmes,0
BIOU3GE,Evolution and Genetics,Brad Duthie,2,3,computational,Word Processing,2
BIOU3GE,Evolution and Genetics,Brad Duthie,2,3,field,Application of Remote Observations,0
BIOU3GE,Evolution and Genetics,Brad Duthie,2,3,field,Conducting Transects,0
BIOU3GE,Evolution and Genetics,Brad Duthie,2,3,field,Core Skills,0
BIOU3GE,Evolution and Genetics,Brad Duthie,2,3,field,Drone Observations,0
BIOU3GE,Evolution and Genetics,Brad Duthie,2,3,field,Environmental Impact Assessment,0
BIOU3GE,Evolution and Genetics,Brad Duthie,2,3,field,GPS Usage,0
BIOU3GE,Evolution and Genetics,Brad Duthie,2,3,field,Health and Safety Competency,0
BIOU3GE,Evolution and Genetics,Brad Duthie,2,3,field,Mapping Skills,0
BIOU3GE,Evolution and Genetics,Brad Duthie,2,3,field,Sampling: In-situ Monitoring,0
BIOU3GE,Evolution and Genetics,Brad Duthie,2,3,field,Sampling: Physical Collection,0
BIOU3GE,Evolution and Genetics,Brad Duthie,2,3,field,Species Monitoring,0
BIOU3GE,Evolution and Genetics,Brad Duthie,2,3,lab,Accurate Result Reporting,2
BIOU3GE,Evolution and Genetics,Brad Duthie,2,3,lab,Air Quality Analysis,0
BIOU3GE,Evolution and Genetics,Brad Duthie,2,3,lab,Chemical Handling,2
BIOU3GE,Evolution and Genetics,Brad Duthie,2,3,lab,Developing and Implementing SOPs,2
BIOU3GE,Evolution and Genetics,Brad Duthie,2,3,lab,Good Laboratory Practices (GLP),2
BIOU3GE,Evolution and Genetics,Brad Duthie,2,3,lab,Maintaining Lab Notebooks,0
BIOU3GE,Evolution and Genetics,Brad Duthie,2,3,lab,Microscopy,0
BIOU3GE,Evolution and Genetics,Brad Duthie,2,3,lab,Operating Lab Equipment,2
BIOU3GE,Evolution and Genetics,Brad Duthie,2,3,lab,Physical Chemical Analysis,0
BIOU3GE,Evolution and Genetics,Brad Duthie,2,3,lab,Pipetting,2
BIOU3GE,Evolution and Genetics,Brad Duthie,2,3,lab,Risk Assessments,2
BIOU3GE,Evolution and Genetics,Brad Duthie,2,3,lab,Sample Preparation and Handling,2
BIOU3GE,Evolution and Genetics,Brad Duthie,2,3,lab,Soil Quality Assessment,0
BIOU3GE,Evolution and Genetics,Brad Duthie,2,3,lab,Water Quality Assessment,0
BIOU3GE,Evolution and Genetics,Brad Duthie,2,3,personal,Adaptability,0
BIOU3GE,Evolution and Genetics,Brad Duthie,2,3,personal,Verbal Communication,0
BIOU3GE,Evolution and Genetics,Brad Duthie,2,3,personal,Written Communication,3
BIOU3GE,Evolution and Genetics,Brad Duthie,2,3,personal,Conflict Resolution,0
BIOU3GE,Evolution and Genetics,Brad Duthie,2,3,personal,Critical Thinking,2
BIOU3GE,Evolution and Genetics,Brad Duthie,2,3,personal,Detail-Orientated Skills,2
BIOU3GE,Evolution and Genetics,Brad Duthie,2,3,personal,Innovation,0
BIOU3GE,Evolution and Genetics,Brad Duthie,2,3,personal,Integrated Problem-solving,2
BIOU3GE,Evolution and Genetics,Brad Duthie,2,3,personal,Interpersonal Skills,0
BIOU3GE,Evolution and Genetics,Brad Duthie,2,3,personal,Leadership,0
BIOU3GE,Evolution and Genetics,Brad Duthie,2,3,personal,Reliability,2
BIOU3GE,Evolution and Genetics,Brad Duthie,2,3,personal,Resourcefulness,1
BIOU3GE,Evolution and Genetics,Brad Duthie,2,3,personal,Self-awareness,1
BIOU3GE,Evolution and Genetics,Brad Duthie,2,3,personal,Self-motivation,3
BIOU3GE,Evolution and Genetics,Brad Duthie,2,3,personal,Teamwork & Collaboration,0
BIOU3GE,Evolution and Genetics,Brad Duthie,2,3,personal,Time Management,3
EOEU4R4,Responsibilities and Safety in Outdoor Education,Sarah Greenwood,2,4,computational,AI (generative) Competency,0
EOEU4R4,Responsibilities and Safety in Outdoor Education,Sarah Greenwood,2,4,computational,Computer Programming,0
EOEU4R4,Responsibilities and Safety in Outdoor Education,Sarah Greenwood,2,4,computational,Data Management,2
EOEU4R4,Responsibilities and Safety in Outdoor Education,Sarah Greenwood,2,4,computational,Effective Email Communication,3
EOEU4R4,Responsibilities and Safety in Outdoor Education,Sarah Greenwood,2,4,computational,Geographical Information Systems (GIS),0
EOEU4R4,Responsibilities and Safety in Outdoor Education,Sarah Greenwood,2,4,computational,Graphic Design,0
EOEU4R4,Responsibilities and Safety in Outdoor Education,Sarah Greenwood,2,4,computational,Modelling,0
EOEU4R4,Responsibilities and Safety in Outdoor Education,Sarah Greenwood,2,4,computational,Presentation Software,2
EOEU4R4,Responsibilities and Safety in Outdoor Education,Sarah Greenwood,2,4,computational,Remote Meeting/Collaborative Software,2
EOEU4R4,Responsibilities and Safety in Outdoor Education,Sarah Greenwood,2,4,computational,Remote Sensing (data collection and analysis),0
EOEU4R4,Responsibilities and Safety in Outdoor Education,Sarah Greenwood,2,4,computational,Social Media,0
EOEU4R4,Responsibilities and Safety in Outdoor Education,Sarah Greenwood,2,4,computational,Spreadsheet Creation and Management,0
EOEU4R4,Responsibilities and Safety in Outdoor Education,Sarah Greenwood,2,4,computational,Statistical Programmes,0
EOEU4R4,Responsibilities and Safety in Outdoor Education,Sarah Greenwood,2,4,computational,Word Processing,2
EOEU4R4,Responsibilities and Safety in Outdoor Education,Sarah Greenwood,2,4,field,Application of Remote Observations,0
EOEU4R4,Responsibilities and Safety in Outdoor Education,Sarah Greenwood,2,4,field,Conducting Transects,0
EOEU4R4,Responsibilities and Safety in Outdoor Education,Sarah Greenwood,2,4,field,Core Skills,3
EOEU4R4,Responsibilities and Safety in Outdoor Education,Sarah Greenwood,2,4,field,Drone Observations,0
EOEU4R4,Responsibilities and Safety in Outdoor Education,Sarah Greenwood,2,4,field,Environmental Impact Assessment,0
EOEU4R4,Responsibilities and Safety in Outdoor Education,Sarah Greenwood,2,4,field,GPS Usage,2
EOEU4R4,Responsibilities and Safety in Outdoor Education,Sarah Greenwood,2,4,field,Health and Safety Competency,3
EOEU4R4,Responsibilities and Safety in Outdoor Education,Sarah Greenwood,2,4,field,Mapping Skills,0
EOEU4R4,Responsibilities and Safety in Outdoor Education,Sarah Greenwood,2,4,field,Sampling: In-situ Monitoring,0
EOEU4R4,Responsibilities and Safety in Outdoor Education,Sarah Greenwood,2,4,field,Sampling: Physical Collection,0
EOEU4R4,Responsibilities and Safety in Outdoor Education,Sarah Greenwood,2,4,field,Species Monitoring,0
EOEU4R4,Responsibilities and Safety in Outdoor Education,Sarah Greenwood,2,4,lab,Accurate Result Reporting,0
EOEU4R4,Responsibilities and Safety in Outdoor Education,Sarah Greenwood,2,4,lab,Air Quality Analysis,0
EOEU4R4,Responsibilities and Safety in Outdoor Education,Sarah Greenwood,2,4,lab,Chemical Handling,0
EOEU4R4,Responsibilities and Safety in Outdoor Education,Sarah Greenwood,2,4,lab,Developing and Implementing SOPs,0
EOEU4R4,Responsibilities and Safety in Outdoor Education,Sarah Greenwood,2,4,lab,Good Laboratory Practices (GLP),0
EOEU4R4,Responsibilities and Safety in Outdoor Education,Sarah Greenwood,2,4,lab,Maintaining Lab Notebooks,0
EOEU4R4,Responsibilities and Safety in Outdoor Education,Sarah Greenwood,2,4,lab,Microscopy,0
EOEU4R4,Responsibilities and Safety in Outdoor Education,Sarah Greenwood,2,4,lab,Operating Lab Equipment,0
EOEU4R4,Responsibilities and Safety in Outdoor Education,Sarah Greenwood,2,4,lab,Physical Chemical Analysis,0
EOEU4R4,Responsibilities and Safety in Outdoor Education,Sarah Greenwood,2,4,lab,Pipetting,0
EOEU4R4,Responsibilities and Safety in Outdoor Education,Sarah Greenwood,2,4,lab,Risk Assessments,3
EOEU4R4,Responsibilities and Safety in Outdoor Education,Sarah Greenwood,2,4,lab,Sample Preparation and Handling,0
EOEU4R4,Responsibilities and Safety in Outdoor Education,Sarah Greenwood,2,4,lab,Soil Quality Assessment,0
EOEU4R4,Responsibilities and Safety in Outdoor Education,Sarah Greenwood,2,4,lab,Water Quality Assessment,0
EOEU4R4,Responsibilities and Safety in Outdoor Education,Sarah Greenwood,2,4,personal,Adaptability,3
EOEU4R4,Responsibilities and Safety in Outdoor Education,Sarah Greenwood,2,4,personal,Verbal Communication,3
EOEU4R4,Responsibilities and Safety in Outdoor Education,Sarah Greenwood,2,4,personal,Written Communication,2
EOEU4R4,Responsibilities and Safety in Outdoor Education,Sarah Greenwood,2,4,personal,Conflict Resolution,2
EOEU4R4,Responsibilities and Safety in Outdoor Education,Sarah Greenwood,2,4,personal,Critical Thinking,3
EOEU4R4,Responsibilities and Safety in Outdoor Education,Sarah Greenwood,2,4,personal,Detail-Orientated Skills,3
EOEU4R4,Responsibilities and Safety in Outdoor Education,Sarah Greenwood,2,4,personal,Innovation,2
EOEU4R4,Responsibilities and Safety in Outdoor Education,Sarah Greenwood,2,4,personal,Integrated Problem-solving,3
EOEU4R4,Responsibilities and Safety in Outdoor Education,Sarah Greenwood,2,4,personal,Interpersonal Skills,3
EOEU4R4,Responsibilities and Safety in Outdoor Education,Sarah Greenwood,2,4,personal,Leadership,3
EOEU4R4,Responsibilities and Safety in Outdoor Education,Sarah Greenwood,2,4,personal,Reliability,3
EOEU4R4,Responsibilities and Safety in Outdoor Education,Sarah Greenwood,2,4,personal,Resourcefulness,3
EOEU4R4,Responsibilities and Safety in Outdoor Education,Sarah Greenwood,2,4,personal,Self-awareness,3
EOEU4R4,Responsibilities and Safety in Outdoor Education,Sarah Greenwood,2,4,personal,Self-motivation,3
EOEU4R4,Responsibilities and Safety in Outdoor Education,Sarah Greenwood,2,4,personal,Teamwork & Collaboration,3
EOEU4R4,Responsibilities and Safety in Outdoor Education,Sarah Greenwood,2,4,personal,Time Management,3
SCIU4T4,Statistical Techniques,Brad Duthie,2,4,computational,AI (generative) Competency,0
SCIU4T4,Statistical Techniques,Brad Duthie,2,4,computational,Computer Programming,1
SCIU4T4,Statistical Techniques,Brad Duthie,2,4,computational,Data Management,2
SCIU4T4,Statistical Techniques,Brad Duthie,2,4,computational,Effective Email Communication,2
SCIU4T4,Statistical Techniques,Brad Duthie,2,4,computational,Geographical Information Systems (GIS),0
SCIU4T4,Statistical Techniques,Brad Duthie,2,4,computational,Graphic Design,0
SCIU4T4,Statistical Techniques,Brad Duthie,2,4,computational,Modelling,2
SCIU4T4,Statistical Techniques,Brad Duthie,2,4,computational,Presentation Software,0
SCIU4T4,Statistical Techniques,Brad Duthie,2,4,computational,Remote Meeting/Collaborative Software,0
SCIU4T4,Statistical Techniques,Brad Duthie,2,4,computational,Remote Sensing (data collection and analysis),0
SCIU4T4,Statistical Techniques,Brad Duthie,2,4,computational,Social Media,0
SCIU4T4,Statistical Techniques,Brad Duthie,2,4,computational,Spreadsheet Creation and Management,3
SCIU4T4,Statistical Techniques,Brad Duthie,2,4,computational,Statistical Programmes,3
SCIU4T4,Statistical Techniques,Brad Duthie,2,4,computational,Word Processing,0
SCIU4T4,Statistical Techniques,Brad Duthie,2,4,field,Application of Remote Observations,0
SCIU4T4,Statistical Techniques,Brad Duthie,2,4,field,Conducting Transects,0
SCIU4T4,Statistical Techniques,Brad Duthie,2,4,field,Core Skills,0
SCIU4T4,Statistical Techniques,Brad Duthie,2,4,field,Drone Observations,0
SCIU4T4,Statistical Techniques,Brad Duthie,2,4,field,Environmental Impact Assessment,0
SCIU4T4,Statistical Techniques,Brad Duthie,2,4,field,GPS Usage,0
SCIU4T4,Statistical Techniques,Brad Duthie,2,4,field,Health and Safety Competency,0
SCIU4T4,Statistical Techniques,Brad Duthie,2,4,field,Mapping Skills,0
SCIU4T4,Statistical Techniques,Brad Duthie,2,4,field,Sampling: In-situ Monitoring,0
SCIU4T4,Statistical Techniques,Brad Duthie,2,4,field,Sampling: Physical Collection,0
SCIU4T4,Statistical Techniques,Brad Duthie,2,4,field,Species Monitoring,0
SCIU4T4,Statistical Techniques,Brad Duthie,2,4,lab,Accurate Result Reporting,0
SCIU4T4,Statistical Techniques,Brad Duthie,2,4,lab,Air Quality Analysis,0
SCIU4T4,Statistical Techniques,Brad Duthie,2,4,lab,Chemical Handling,0
SCIU4T4,Statistical Techniques,Brad Duthie,2,4,lab,Developing and Implementing SOPs,0
SCIU4T4,Statistical Techniques,Brad Duthie,2,4,lab,Good Laboratory Practices (GLP),0
SCIU4T4,Statistical Techniques,Brad Duthie,2,4,lab,Maintaining Lab Notebooks,0
SCIU4T4,Statistical Techniques,Brad Duthie,2,4,lab,Microscopy,0
SCIU4T4,Statistical Techniques,Brad Duthie,2,4,lab,Operating Lab Equipment,0
SCIU4T4,Statistical Techniques,Brad Duthie,2,4,lab,Physical Chemical Analysis,0
SCIU4T4,Statistical Techniques,Brad Duthie,2,4,lab,Pipetting,0
SCIU4T4,Statistical Techniques,Brad Duthie,2,4,lab,Risk Assessments,0
SCIU4T4,Statistical Techniques,Brad Duthie,2,4,lab,Sample Preparation and Handling,0
SCIU4T4,Statistical Techniques,Brad Duthie,2,4,lab,Soil Quality Assessment,0
SCIU4T4,Statistical Techniques,Brad Duthie,2,4,lab,Water Quality Assessment,0
SCIU4T4,Statistical Techniques,Brad Duthie,2,4,personal,Adaptability,0
SCIU4T4,Statistical Techniques,Brad Duthie,2,4,personal,Verbal Communication,0
SCIU4T4,Statistical Techniques,Brad Duthie,2,4,personal,Written Communication,0
SCIU4T4,Statistical Techniques,Brad Duthie,2,4,personal,Conflict Resolution,0
SCIU4T4,Statistical Techniques,Brad Duthie,2,4,personal,Critical Thinking,2
SCIU4T4,Statistical Techniques,Brad Duthie,2,4,personal,Detail-Orientated Skills,2
SCIU4T4,Statistical Techniques,Brad Duthie,2,4,personal,Innovation,1
SCIU4T4,Statistical Techniques,Brad Duthie,2,4,personal,Integrated Problem-solving,0
SCIU4T4,Statistical Techniques,Brad Duthie,2,4,personal,Interpersonal Skills,0
SCIU4T4,Statistical Techniques,Brad Duthie,2,4,personal,Leadership,0
SCIU4T4,Statistical Techniques,Brad Duthie,2,4,personal,Reliability,0
SCIU4T4,Statistical Techniques,Brad Duthie,2,4,personal,Resourcefulness,1
SCIU4T4,Statistical Techniques,Brad Duthie,2,4,personal,Self-awareness,1
SCIU4T4,Statistical Techniques,Brad Duthie,2,4,personal,Self-motivation,2
SCIU4T4,Statistical Techniques,Brad Duthie,2,4,personal,Teamwork & Collaboration,0
SCIU4T4,Statistical Techniques,Brad Duthie,2,4,personal,Time Management,2
GEOU9IC,Scotland Field Course,Tom Bradwell,3,5,computational,AI (generative) Competency,1
GEOU9IC,Scotland Field Course,Tom Bradwell,3,5,computational,Computer Programming,0
GEOU9IC,Scotland Field Course,Tom Bradwell,3,5,computational,Data Management,2
GEOU9IC,Scotland Field Course,Tom Bradwell,3,5,computational,Effective Email Communication,0
GEOU9IC,Scotland Field Course,Tom Bradwell,3,5,computational,Geographical Information Systems (GIS),1
GEOU9IC,Scotland Field Course,Tom Bradwell,3,5,computational,Graphic Design,1
GEOU9IC,Scotland Field Course,Tom Bradwell,3,5,computational,Modelling,0
GEOU9IC,Scotland Field Course,Tom Bradwell,3,5,computational,Presentation Software,0
GEOU9IC,Scotland Field Course,Tom Bradwell,3,5,computational,Remote Meeting/Collaborative Software,0
GEOU9IC,Scotland Field Course,Tom Bradwell,3,5,computational,Remote Sensing (data collection and analysis),1
GEOU9IC,Scotland Field Course,Tom Bradwell,3,5,computational,Social Media,0
GEOU9IC,Scotland Field Course,Tom Bradwell,3,5,computational,Spreadsheet Creation and Management,1
GEOU9IC,Scotland Field Course,Tom Bradwell,3,5,computational,Statistical Programmes,0
GEOU9IC,Scotland Field Course,Tom Bradwell,3,5,computational,Word Processing,2
GEOU9IC,Scotland Field Course,Tom Bradwell,3,5,field,Application of Remote Observations,0
GEOU9IC,Scotland Field Course,Tom Bradwell,3,5,field,Conducting Transects,2
GEOU9IC,Scotland Field Course,Tom Bradwell,3,5,field,Core Skills,2
GEOU9IC,Scotland Field Course,Tom Bradwell,3,5,field,Drone Observations,0
GEOU9IC,Scotland Field Course,Tom Bradwell,3,5,field,Environmental Impact Assessment,0
GEOU9IC,Scotland Field Course,Tom Bradwell,3,5,field,GPS Usage,2
GEOU9IC,Scotland Field Course,Tom Bradwell,3,5,field,Health and Safety Competency,2
GEOU9IC,Scotland Field Course,Tom Bradwell,3,5,field,Mapping Skills,2
GEOU9IC,Scotland Field Course,Tom Bradwell,3,5,field,Sampling: In-situ Monitoring,2
GEOU9IC,Scotland Field Course,Tom Bradwell,3,5,field,Sampling: Physical Collection,2
GEOU9IC,Scotland Field Course,Tom Bradwell,3,5,field,Species Monitoring,2
GEOU9IC,Scotland Field Course,Tom Bradwell,3,5,lab,Accurate Result Reporting,0
GEOU9IC,Scotland Field Course,Tom Bradwell,3,5,lab,Air Quality Analysis,0
GEOU9IC,Scotland Field Course,Tom Bradwell,3,5,lab,Chemical Handling,0
GEOU9IC,Scotland Field Course,Tom Bradwell,3,5,lab,Developing and Implementing SOPs,0
GEOU9IC,Scotland Field Course,Tom Bradwell,3,5,lab,Good Laboratory Practices (GLP),0
GEOU9IC,Scotland Field Course,Tom Bradwell,3,5,lab,Maintaining Lab Notebooks,0
GEOU9IC,Scotland Field Course,Tom Bradwell,3,5,lab,Microscopy,0
GEOU9IC,Scotland Field Course,Tom Bradwell,3,5,lab,Operating Lab Equipment,0
GEOU9IC,Scotland Field Course,Tom Bradwell,3,5,lab,Physical Chemical Analysis,0
GEOU9IC,Scotland Field Course,Tom Bradwell,3,5,lab,Pipetting,0
GEOU9IC,Scotland Field Course,Tom Bradwell,3,5,lab,Risk Assessments,0
GEOU9IC,Scotland Field Course,Tom Bradwell,3,5,lab,Sample Preparation and Handling,0
GEOU9IC,Scotland Field Course,Tom Bradwell,3,5,lab,Soil Quality Assessment,0
GEOU9IC,Scotland Field Course,Tom Bradwell,3,5,lab,Water Quality Assessment,0
GEOU9IC,Scotland Field Course,Tom Bradwell,3,5,personal,Adaptability,2
GEOU9IC,Scotland Field Course,Tom Bradwell,3,5,personal,Verbal Communication,2
GEOU9IC,Scotland Field Course,Tom Bradwell,3,5,personal,Written Communication,2
GEOU9IC,Scotland Field Course,Tom Bradwell,3,5,personal,Conflict Resolution,2
GEOU9IC,Scotland Field Course,Tom Bradwell,3,5,personal,Critical Thinking,2
GEOU9IC,Scotland Field Course,Tom Bradwell,3,5,personal,Detail-Orientated Skills,2
GEOU9IC,Scotland Field Course,Tom Bradwell,3,5,personal,Innovation,2
GEOU9IC,Scotland Field Course,Tom Bradwell,3,5,personal,Integrated Problem-solving,2
GEOU9IC,Scotland Field Course,Tom Bradwell,3,5,personal,Interpersonal Skills,2
GEOU9IC,Scotland Field Course,Tom Bradwell,3,5,personal,Leadership,1
GEOU9IC,Scotland Field Course,Tom Bradwell,3,5,personal,Reliability,2
GEOU9IC,Scotland Field Course,Tom Bradwell,3,5,personal,Resourcefulness,1
GEOU9IC,Scotland Field Course,Tom Bradwell,3,5,personal,Self-awareness,1
GEOU9IC,Scotland Field Course,Tom Bradwell,3,5,personal,Self-motivation,2
GEOU9IC,Scotland Field Course,Tom Bradwell,3,5,personal,Teamwork & Collaboration,2
GEOU9IC,Scotland Field Course,Tom Bradwell,3,5,personal,Time Management,2
BIOU6AC,Animal Cell,Jenson Lim,3,5,computational,AI (generative) Competency,1
BIOU6AC,Animal Cell,Jenson Lim,3,5,computational,Computer Programming,0
BIOU6AC,Animal Cell,Jenson Lim,3,5,computational,Data Management,1
BIOU6AC,Animal Cell,Jenson Lim,3,5,computational,Effective Email Communication,1
BIOU6AC,Animal Cell,Jenson Lim,3,5,computational,Geographical Information Systems (GIS),0
BIOU6AC,Animal Cell,Jenson Lim,3,5,computational,Graphic Design,2
BIOU6AC,Animal Cell,Jenson Lim,3,5,computational,Modelling,0
BIOU6AC,Animal Cell,Jenson Lim,3,5,computational,Presentation Software,2
BIOU6AC,Animal Cell,Jenson Lim,3,5,computational,Remote Meeting/Collaborative Software,2
BIOU6AC,Animal Cell,Jenson Lim,3,5,computational,Remote Sensing (data collection and analysis),0
BIOU6AC,Animal Cell,Jenson Lim,3,5,computational,Social Media,2
BIOU6AC,Animal Cell,Jenson Lim,3,5,computational,Spreadsheet Creation and Management,1
BIOU6AC,Animal Cell,Jenson Lim,3,5,computational,Statistical Programmes,1
BIOU6AC,Animal Cell,Jenson Lim,3,5,computational,Word Processing,2
BIOU6AC,Animal Cell,Jenson Lim,3,5,field,Application of Remote Observations,0
BIOU6AC,Animal Cell,Jenson Lim,3,5,field,Conducting Transects,0
BIOU6AC,Animal Cell,Jenson Lim,3,5,field,Core Skills,0
BIOU6AC,Animal Cell,Jenson Lim,3,5,field,Drone Observations,0
BIOU6AC,Animal Cell,Jenson Lim,3,5,field,Environmental Impact Assessment,0
BIOU6AC,Animal Cell,Jenson Lim,3,5,field,GPS Usage,0
BIOU6AC,Animal Cell,Jenson Lim,3,5,field,Health and Safety Competency,0
BIOU6AC,Animal Cell,Jenson Lim,3,5,field,Mapping Skills,0
BIOU6AC,Animal Cell,Jenson Lim,3,5,field,Sampling: In-situ Monitoring,0
BIOU6AC,Animal Cell,Jenson Lim,3,5,field,Sampling: Physical Collection,0
BIOU6AC,Animal Cell,Jenson Lim,3,5,field,Species Monitoring,0
BIOU6AC,Animal Cell,Jenson Lim,3,5,lab,Accurate Result Reporting,2
BIOU6AC,Animal Cell,Jenson Lim,3,5,lab,Air Quality Analysis,0
BIOU6AC,Animal Cell,Jenson Lim,3,5,lab,Chemical Handling,2
BIOU6AC,Animal Cell,Jenson Lim,3,5,lab,Developing and Implementing SOPs,2
BIOU6AC,Animal Cell,Jenson Lim,3,5,lab,Good Laboratory Practices (GLP),2
BIOU6AC,Animal Cell,Jenson Lim,3,5,lab,Maintaining Lab Notebooks,2
BIOU6AC,Animal Cell,Jenson Lim,3,5,lab,Microscopy,2
BIOU6AC,Animal Cell,Jenson Lim,3,5,lab,Operating Lab Equipment,2
BIOU6AC,Animal Cell,Jenson Lim,3,5,lab,Physical Chemical Analysis,2
BIOU6AC,Animal Cell,Jenson Lim,3,5,lab,Pipetting,2
BIOU6AC,Animal Cell,Jenson Lim,3,5,lab,Risk Assessments,2
BIOU6AC,Animal Cell,Jenson Lim,3,5,lab,Sample Preparation and Handling,2
BIOU6AC,Animal Cell,Jenson Lim,3,5,lab,Soil Quality Assessment,0
BIOU6AC,Animal Cell,Jenson Lim,3,5,lab,Water Quality Assessment,0
BIOU6AC,Animal Cell,Jenson Lim,3,5,personal,Adaptability,2
BIOU6AC,Animal Cell,Jenson Lim,3,5,personal,Verbal Communication,2
BIOU6AC,Animal Cell,Jenson Lim,3,5,personal,Written Communication,2
BIOU6AC,Animal Cell,Jenson Lim,3,5,personal,Conflict Resolution,2
BIOU6AC,Animal Cell,Jenson Lim,3,5,personal,Critical Thinking,2
BIOU6AC,Animal Cell,Jenson Lim,3,5,personal,Detail-Orientated Skills,2
BIOU6AC,Animal Cell,Jenson Lim,3,5,personal,Innovation,2
BIOU6AC,Animal Cell,Jenson Lim,3,5,personal,Integrated Problem-solving,2
BIOU6AC,Animal Cell,Jenson Lim,3,5,personal,Interpersonal Skills,2
BIOU6AC,Animal Cell,Jenson Lim,3,5,personal,Leadership,2
BIOU6AC,Animal Cell,Jenson Lim,3,5,personal,Reliability,2
BIOU6AC,Animal Cell,Jenson Lim,3,5,personal,Resourcefulness,2
BIOU6AC,Animal Cell,Jenson Lim,3,5,personal,Self-awareness,2
BIOU6AC,Animal Cell,Jenson Lim,3,5,personal,Self-motivation,2
BIOU6AC,Animal Cell,Jenson Lim,3,5,personal,Teamwork & Collaboration,2
BIOU6AC,Animal Cell,Jenson Lim,3,5,personal,Time Management,2
GEOU9SP,Geographic Information Systems,Thiago Silva,3,5,computational,AI (generative) Competency,0
GEOU9SP,Geographic Information Systems,Thiago Silva,3,5,computational,Computer Programming,0
GEOU9SP,Geographic Information Systems,Thiago Silva,3,5,computational,Data Management,3
GEOU9SP,Geographic Information Systems,Thiago Silva,3,5,computational,Effective Email Communication,0
GEOU9SP,Geographic Information Systems,Thiago Silva,3,5,computational,Geographical Information Systems (GIS),3
GEOU9SP,Geographic Information Systems,Thiago Silva,3,5,computational,Graphic Design,2
GEOU9SP,Geographic Information Systems,Thiago Silva,3,5,computational,Modelling,0
GEOU9SP,Geographic Information Systems,Thiago Silva,3,5,computational,Presentation Software,0
GEOU9SP,Geographic Information Systems,Thiago Silva,3,5,computational,Remote Meeting/Collaborative Software,0
GEOU9SP,Geographic Information Systems,Thiago Silva,3,5,computational,Remote Sensing (data collection and analysis),1
GEOU9SP,Geographic Information Systems,Thiago Silva,3,5,computational,Social Media,0
GEOU9SP,Geographic Information Systems,Thiago Silva,3,5,computational,Spreadsheet Creation and Management,0
GEOU9SP,Geographic Information Systems,Thiago Silva,3,5,computational,Statistical Programmes,0
GEOU9SP,Geographic Information Systems,Thiago Silva,3,5,computational,Word Processing,0
GEOU9SP,Geographic Information Systems,Thiago Silva,3,5,field,Application of Remote Observations,1
GEOU9SP,Geographic Information Systems,Thiago Silva,3,5,field,Conducting Transects,0
GEOU9SP,Geographic Information Systems,Thiago Silva,3,5,field,Core Skills,0
GEOU9SP,Geographic Information Systems,Thiago Silva,3,5,field,Drone Observations,0
GEOU9SP,Geographic Information Systems,Thiago Silva,3,5,field,Environmental Impact Assessment,0
GEOU9SP,Geographic Information Systems,Thiago Silva,3,5,field,GPS Usage,2
GEOU9SP,Geographic Information Systems,Thiago Silva,3,5,field,Health and Safety Competency,0
GEOU9SP,Geographic Information Systems,Thiago Silva,3,5,field,Mapping Skills,3
GEOU9SP,Geographic Information Systems,Thiago Silva,3,5,field,Sampling: In-situ Monitoring,0
GEOU9SP,Geographic Information Systems,Thiago Silva,3,5,field,Sampling: Physical Collection,0
GEOU9SP,Geographic Information Systems,Thiago Silva,3,5,field,Species Monitoring,0
GEOU9SP,Geographic Information Systems,Thiago Silva,3,5,lab,Accurate Result Reporting,3
GEOU9SP,Geographic Information Systems,Thiago Silva,3,5,lab,Air Quality Analysis,0
GEOU9SP,Geographic Information Systems,Thiago Silva,3,5,lab,Chemical Handling,0
GEOU9SP,Geographic Information Systems,Thiago Silva,3,5,lab,Developing and Implementing SOPs,0
GEOU9SP,Geographic Information Systems,Thiago Silva,3,5,lab,Good Laboratory Practices (GLP),0
GEOU9SP,Geographic Information Systems,Thiago Silva,3,5,lab,Maintaining Lab Notebooks,0
GEOU9SP,Geographic Information Systems,Thiago Silva,3,5,lab,Microscopy,0
GEOU9SP,Geographic Information Systems,Thiago Silva,3,5,lab,Operating Lab Equipment,0
GEOU9SP,Geographic Information Systems,Thiago Silva,3,5,lab,Physical Chemical Analysis,0
GEOU9SP,Geographic Information Systems,Thiago Silva,3,5,lab,Pipetting,0
GEOU9SP,Geographic Information Systems,Thiago Silva,3,5,lab,Risk Assessments,0
GEOU9SP,Geographic Information Systems,Thiago Silva,3,5,lab,Sample Preparation and Handling,0
GEOU9SP,Geographic Information Systems,Thiago Silva,3,5,lab,Soil Quality Assessment,0
GEOU9SP,Geographic Information Systems,Thiago Silva,3,5,lab,Water Quality Assessment,0
GEOU9SP,Geographic Information Systems,Thiago Silva,3,5,personal,Adaptability,1
GEOU9SP,Geographic Information Systems,Thiago Silva,3,5,personal,Verbal Communication,0
GEOU9SP,Geographic Information Systems,Thiago Silva,3,5,personal,Written Communication,2
GEOU9SP,Geographic Information Systems,Thiago Silva,3,5,personal,Conflict Resolution,0
GEOU9SP,Geographic Information Systems,Thiago Silva,3,5,personal,Critical Thinking,3
GEOU9SP,Geographic Information Systems,Thiago Silva,3,5,personal,Detail-Orientated Skills,3
GEOU9SP,Geographic Information Systems,Thiago Silva,3,5,personal,Innovation,1
GEOU9SP,Geographic Information Systems,Thiago Silva,3,5,personal,Integrated Problem-solving,3
GEOU9SP,Geographic Information Systems,Thiago Silva,3,5,personal,Interpersonal Skills,0
GEOU9SP,Geographic Information Systems,Thiago Silva,3,5,personal,Leadership,0
GEOU9SP,Geographic Information Systems,Thiago Silva,3,5,personal,Reliability,1
GEOU9SP,Geographic Information Systems,Thiago Silva,3,5,personal,Resourcefulness,3
GEOU9SP,Geographic Information Systems,Thiago Silva,3,5,personal,Self-awareness,0
GEOU9SP,Geographic Information Systems,Thiago Silva,3,5,personal,Self-motivation,2
GEOU9SP,Geographic Information Systems,Thiago Silva,3,5,personal,Teamwork & Collaboration,0
GEOU9SP,Geographic Information Systems,Thiago Silva,3,5,personal,Time Management,2
ENMPG11,Geomatics,Thiago Silva,5,10,computational,AI (generative) Competency,0
ENMPG11,Geomatics,Thiago Silva,5,10,computational,Computer Programming,0
ENMPG11,Geomatics,Thiago Silva,5,10,computational,Data Management,3
ENMPG11,Geomatics,Thiago Silva,5,10,computational,Effective Email Communication,0
ENMPG11,Geomatics,Thiago Silva,5,10,computational,Geographical Information Systems (GIS),3
ENMPG11,Geomatics,Thiago Silva,5,10,computational,Graphic Design,2
ENMPG11,Geomatics,Thiago Silva,5,10,computational,Modelling,0
ENMPG11,Geomatics,Thiago Silva,5,10,computational,Presentation Software,0
ENMPG11,Geomatics,Thiago Silva,5,10,computational,Remote Meeting/Collaborative Software,0
ENMPG11,Geomatics,Thiago Silva,5,10,computational,Remote Sensing (data collection and analysis),2
ENMPG11,Geomatics,Thiago Silva,5,10,computational,Social Media,0
ENMPG11,Geomatics,Thiago Silva,5,10,computational,Spreadsheet Creation and Management,0
ENMPG11,Geomatics,Thiago Silva,5,10,computational,Statistical Programmes,0
ENMPG11,Geomatics,Thiago Silva,5,10,computational,Word Processing,0
ENMPG11,Geomatics,Thiago Silva,5,10,field,Application of Remote Observations,0
ENMPG11,Geomatics,Thiago Silva,5,10,field,Conducting Transects,0
ENMPG11,Geomatics,Thiago Silva,5,10,field,Core Skills,0
ENMPG11,Geomatics,Thiago Silva,5,10,field,Drone Observations,0
ENMPG11,Geomatics,Thiago Silva,5,10,field,Environmental Impact Assessment,0
ENMPG11,Geomatics,Thiago Silva,5,10,field,GPS Usage,2
ENMPG11,Geomatics,Thiago Silva,5,10,field,Health and Safety Competency,0
ENMPG11,Geomatics,Thiago Silva,5,10,field,Mapping Skills,3
ENMPG11,Geomatics,Thiago Silva,5,10,field,Sampling: In-situ Monitoring,0
ENMPG11,Geomatics,Thiago Silva,5,10,field,Sampling: Physical Collection,0
ENMPG11,Geomatics,Thiago Silva,5,10,field,Species Monitoring,0
ENMPG11,Geomatics,Thiago Silva,5,10,lab,Accurate Result Reporting,3
ENMPG11,Geomatics,Thiago Silva,5,10,lab,Air Quality Analysis,0
ENMPG11,Geomatics,Thiago Silva,5,10,lab,Chemical Handling,0
ENMPG11,Geomatics,Thiago Silva,5,10,lab,Developing and Implementing SOPs,0
ENMPG11,Geomatics,Thiago Silva,5,10,lab,Good Laboratory Practices (GLP),0
ENMPG11,Geomatics,Thiago Silva,5,10,lab,Maintaining Lab Notebooks,0
ENMPG11,Geomatics,Thiago Silva,5,10,lab,Microscopy,0
ENMPG11,Geomatics,Thiago Silva,5,10,lab,Operating Lab Equipment,0
ENMPG11,Geomatics,Thiago Silva,5,10,lab,Physical Chemical Analysis,0
ENMPG11,Geomatics,Thiago Silva,5,10,lab,Pipetting,0
ENMPG11,Geomatics,Thiago Silva,5,10,lab,Risk Assessments,0
ENMPG11,Geomatics,Thiago Silva,5,10,lab,Sample Preparation and Handling,0
ENMPG11,Geomatics,Thiago Silva,5,10,lab,Soil Quality Assessment,0
ENMPG11,Geomatics,Thiago Silva,5,10,lab,Water Quality Assessment,0
ENMPG11,Geomatics,Thiago Silva,5,10,personal,Adaptability,1
ENMPG11,Geomatics,Thiago Silva,5,10,personal,Verbal Communication,0
ENMPG11,Geomatics,Thiago Silva,5,10,personal,Written Communication,2
ENMPG11,Geomatics,Thiago Silva,5,10,personal,Conflict Resolution,0
ENMPG11,Geomatics,Thiago Silva,5,10,personal,Critical Thinking,3
ENMPG11,Geomatics,Thiago Silva,5,10,personal,Detail-Orientated Skills,3
ENMPG11,Geomatics,Thiago Silva,5,10,personal,Innovation,1
ENMPG11,Geomatics,Thiago Silva,5,10,personal,Integrated Problem-solving,3
ENMPG11,Geomatics,Thiago Silva,5,10,personal,Interpersonal Skills,0
ENMPG11,Geomatics,Thiago Silva,5,10,personal,Leadership,0
ENMPG11,Geomatics,Thiago Silva,5,10,personal,Reliability,1
ENMPG11,Geomatics,Thiago Silva,5,10,personal,Resourcefulness,3
ENMPG11,Geomatics,Thiago Silva,5,10,personal,Self-awareness,0
ENMPG11,Geomatics,Thiago Silva,5,10,personal,Self-motivation,2
ENMPG11,Geomatics,Thiago Silva,5,10,personal,Teamwork & Collaboration,0
ENMPG11,Geomatics,Thiago Silva,5,10,personal,Time Management,2
BIOU7FC,Biology Field Course,Daniel Chapman,3,6,computational,AI (generative) Competency,0
BIOU7FC,Biology Field Course,Daniel Chapman,3,6,computational,Computer Programming,1
BIOU7FC,Biology Field Course,Daniel Chapman,3,6,computational,Data Management,2
BIOU7FC,Biology Field Course,Daniel Chapman,3,6,computational,Effective Email Communication,0
BIOU7FC,Biology Field Course,Daniel Chapman,3,6,computational,Geographical Information Systems (GIS),1
BIOU7FC,Biology Field Course,Daniel Chapman,3,6,computational,Graphic Design,3
BIOU7FC,Biology Field Course,Daniel Chapman,3,6,computational,Modelling,0
BIOU7FC,Biology Field Course,Daniel Chapman,3,6,computational,Presentation Software,3
BIOU7FC,Biology Field Course,Daniel Chapman,3,6,computational,Remote Meeting/Collaborative Software,0
BIOU7FC,Biology Field Course,Daniel Chapman,3,6,computational,Remote Sensing (data collection and analysis),1
BIOU7FC,Biology Field Course,Daniel Chapman,3,6,computational,Social Media,0
BIOU7FC,Biology Field Course,Daniel Chapman,3,6,computational,Spreadsheet Creation and Management,3
BIOU7FC,Biology Field Course,Daniel Chapman,3,6,computational,Statistical Programmes,3
BIOU7FC,Biology Field Course,Daniel Chapman,3,6,computational,Word Processing,3
BIOU7FC,Biology Field Course,Daniel Chapman,3,6,field,Application of Remote Observations,2
BIOU7FC,Biology Field Course,Daniel Chapman,3,6,field,Conducting Transects,2
BIOU7FC,Biology Field Course,Daniel Chapman,3,6,field,Core Skills,3
BIOU7FC,Biology Field Course,Daniel Chapman,3,6,field,Drone Observations,1
BIOU7FC,Biology Field Course,Daniel Chapman,3,6,field,Environmental Impact Assessment,0
BIOU7FC,Biology Field Course,Daniel Chapman,3,6,field,GPS Usage,3
BIOU7FC,Biology Field Course,Daniel Chapman,3,6,field,Health and Safety Competency,2
BIOU7FC,Biology Field Course,Daniel Chapman,3,6,field,Mapping Skills,2
BIOU7FC,Biology Field Course,Daniel Chapman,3,6,field,Sampling: In-situ Monitoring,3
BIOU7FC,Biology Field Course,Daniel Chapman,3,6,field,Sampling: Physical Collection,1
BIOU7FC,Biology Field Course,Daniel Chapman,3,6,field,Species Monitoring,3
BIOU7FC,Biology Field Course,Daniel Chapman,3,6,lab,Accurate Result Reporting,3
BIOU7FC,Biology Field Course,Daniel Chapman,3,6,lab,Air Quality Analysis,0
BIOU7FC,Biology Field Course,Daniel Chapman,3,6,lab,Chemical Handling,0
BIOU7FC,Biology Field Course,Daniel Chapman,3,6,lab,Developing and Implementing SOPs,0
BIOU7FC,Biology Field Course,Daniel Chapman,3,6,lab,Good Laboratory Practices (GLP),0
BIOU7FC,Biology Field Course,Daniel Chapman,3,6,lab,Maintaining Lab Notebooks,0
BIOU7FC,Biology Field Course,Daniel Chapman,3,6,lab,Microscopy,1
BIOU7FC,Biology Field Course,Daniel Chapman,3,6,lab,Operating Lab Equipment,1
BIOU7FC,Biology Field Course,Daniel Chapman,3,6,lab,Physical Chemical Analysis,0
BIOU7FC,Biology Field Course,Daniel Chapman,3,6,lab,Pipetting,0
BIOU7FC,Biology Field Course,Daniel Chapman,3,6,lab,Risk Assessments,1
BIOU7FC,Biology Field Course,Daniel Chapman,3,6,lab,Sample Preparation and Handling,0
BIOU7FC,Biology Field Course,Daniel Chapman,3,6,lab,Soil Quality Assessment,0
BIOU7FC,Biology Field Course,Daniel Chapman,3,6,lab,Water Quality Assessment,0
BIOU7FC,Biology Field Course,Daniel Chapman,3,6,personal,Adaptability,2
BIOU7FC,Biology Field Course,Daniel Chapman,3,6,personal,Verbal Communication,3
BIOU7FC,Biology Field Course,Daniel Chapman,3,6,personal,Written Communication,3
BIOU7FC,Biology Field Course,Daniel Chapman,3,6,personal,Conflict Resolution,0
BIOU7FC,Biology Field Course,Daniel Chapman,3,6,personal,Critical Thinking,3
BIOU7FC,Biology Field Course,Daniel Chapman,3,6,personal,Detail-Orientated Skills,3
BIOU7FC,Biology Field Course,Daniel Chapman,3,6,personal,Innovation,3
BIOU7FC,Biology Field Course,Daniel Chapman,3,6,personal,Integrated Problem-solving,2
BIOU7FC,Biology Field Course,Daniel Chapman,3,6,personal,Interpersonal Skills,3
BIOU7FC,Biology Field Course,Daniel Chapman,3,6,personal,Leadership,2
BIOU7FC,Biology Field Course,Daniel Chapman,3,6,personal,Reliability,2
BIOU7FC,Biology Field Course,Daniel Chapman,3,6,personal,Resourcefulness,2
BIOU7FC,Biology Field Course,Daniel Chapman,3,6,personal,Self-awareness,2
BIOU7FC,Biology Field Course,Daniel Chapman,3,6,personal,Self-motivation,3
BIOU7FC,Biology Field Course,Daniel Chapman,3,6,personal,Teamwork & Collaboration,3
BIOU7FC,Biology Field Course,Daniel Chapman,3,6,personal,Time Management,3
BIOU8FC,Biology Field Course,Daniel Chapman,3,6,computational,AI (generative) Competency,0
BIOU8FC,Biology Field Course,Daniel Chapman,3,6,computational,Computer Programming,1
BIOU8FC,Biology Field Course,Daniel Chapman,3,6,computational,Data Management,2
BIOU8FC,Biology Field Course,Daniel Chapman,3,6,computational,Effective Email Communication,0
BIOU8FC,Biology Field Course,Daniel Chapman,3,6,computational,Geographical Information Systems (GIS),1
BIOU8FC,Biology Field Course,Daniel Chapman,3,6,computational,Graphic Design,3
BIOU8FC,Biology Field Course,Daniel Chapman,3,6,computational,Modelling,0
BIOU8FC,Biology Field Course,Daniel Chapman,3,6,computational,Presentation Software,3
BIOU8FC,Biology Field Course,Daniel Chapman,3,6,computational,Remote Meeting/Collaborative Software,0
BIOU8FC,Biology Field Course,Daniel Chapman,3,6,computational,Remote Sensing (data collection and analysis),1
BIOU8FC,Biology Field Course,Daniel Chapman,3,6,computational,Social Media,0
BIOU8FC,Biology Field Course,Daniel Chapman,3,6,computational,Spreadsheet Creation and Management,3
BIOU8FC,Biology Field Course,Daniel Chapman,3,6,computational,Statistical Programmes,3
BIOU8FC,Biology Field Course,Daniel Chapman,3,6,computational,Word Processing,3
BIOU8FC,Biology Field Course,Daniel Chapman,3,6,field,Application of Remote Observations,2
BIOU8FC,Biology Field Course,Daniel Chapman,3,6,field,Conducting Transects,2
BIOU8FC,Biology Field Course,Daniel Chapman,3,6,field,Core Skills,3
BIOU8FC,Biology Field Course,Daniel Chapman,3,6,field,Drone Observations,1
BIOU8FC,Biology Field Course,Daniel Chapman,3,6,field,Environmental Impact Assessment,0
BIOU8FC,Biology Field Course,Daniel Chapman,3,6,field,GPS Usage,3
BIOU8FC,Biology Field Course,Daniel Chapman,3,6,field,Health and Safety Competency,2
BIOU8FC,Biology Field Course,Daniel Chapman,3,6,field,Mapping Skills,2
BIOU8FC,Biology Field Course,Daniel Chapman,3,6,field,Sampling: In-situ Monitoring,3
BIOU8FC,Biology Field Course,Daniel Chapman,3,6,field,Sampling: Physical Collection,1
BIOU8FC,Biology Field Course,Daniel Chapman,3,6,field,Species Monitoring,3
BIOU8FC,Biology Field Course,Daniel Chapman,3,6,lab,Accurate Result Reporting,3
BIOU8FC,Biology Field Course,Daniel Chapman,3,6,lab,Air Quality Analysis,0
BIOU8FC,Biology Field Course,Daniel Chapman,3,6,lab,Chemical Handling,0
BIOU8FC,Biology Field Course,Daniel Chapman,3,6,lab,Developing and Implementing SOPs,0
BIOU8FC,Biology Field Course,Daniel Chapman,3,6,lab,Good Laboratory Practices (GLP),0
BIOU8FC,Biology Field Course,Daniel Chapman,3,6,lab,Maintaining Lab Notebooks,0
BIOU8FC,Biology Field Course,Daniel Chapman,3,6,lab,Microscopy,1
BIOU8FC,Biology Field Course,Daniel Chapman,3,6,lab,Operating Lab Equipment,1
BIOU8FC,Biology Field Course,Daniel Chapman,3,6,lab,Physical Chemical Analysis,0
BIOU8FC,Biology Field Course,Daniel Chapman,3,6,lab,Pipetting,0
BIOU8FC,Biology Field Course,Daniel Chapman,3,6,lab,Risk Assessments,1
BIOU8FC,Biology Field Course,Daniel Chapman,3,6,lab,Sample Preparation and Handling,0
BIOU8FC,Biology Field Course,Daniel Chapman,3,6,lab,Soil Quality Assessment,0
BIOU8FC,Biology Field Course,Daniel Chapman,3,6,lab,Water Quality Assessment,0
BIOU8FC,Biology Field Course,Daniel Chapman,3,6,personal,Adaptability,2
BIOU8FC,Biology Field Course,Daniel Chapman,3,6,personal,Verbal Communication,3
BIOU8FC,Biology Field Course,Daniel Chapman,3,6,personal,Written Communication,3
BIOU8FC,Biology Field Course,Daniel Chapman,3,6,personal,Conflict Resolution,0
BIOU8FC,Biology Field Course,Daniel Chapman,3,6,personal,Critical Thinking,3
BIOU8FC,Biology Field Course,Daniel Chapman,3,6,personal,Detail-Orientated Skills,3
BIOU8FC,Biology Field Course,Daniel Chapman,3,6,personal,Innovation,3
BIOU8FC,Biology Field Course,Daniel Chapman,3,6,personal,Integrated Problem-solving,2
BIOU8FC,Biology Field Course,Daniel Chapman,3,6,personal,Interpersonal Skills,3
BIOU8FC,Biology Field Course,Daniel Chapman,3,6,personal,Leadership,2
BIOU8FC,Biology Field Course,Daniel Chapman,3,6,personal,Reliability,2
BIOU8FC,Biology Field Course,Daniel Chapman,3,6,personal,Resourcefulness,2
BIOU8FC,Biology Field Course,Daniel Chapman,3,6,personal,Self-awareness,2
BIOU8FC,Biology Field Course,Daniel Chapman,3,6,personal,Self-motivation,3
BIOU8FC,Biology Field Course,Daniel Chapman,3,6,personal,Teamwork & Collaboration,3
BIOU8FC,Biology Field Course,Daniel Chapman,3,6,personal,Time Management,3
BIOU9TM,Molecular Techniques,Sabine Matallana Surget,4,7,computational,AI (generative) Competency,0
BIOU9TM,Molecular Techniques,Sabine Matallana Surget,4,7,computational,Computer Programming,0
BIOU9TM,Molecular Techniques,Sabine Matallana Surget,4,7,computational,Data Management,0
BIOU9TM,Molecular Techniques,Sabine Matallana Surget,4,7,computational,Effective Email Communication,0
BIOU9TM,Molecular Techniques,Sabine Matallana Surget,4,7,computational,Geographical Information Systems (GIS),0
BIOU9TM,Molecular Techniques,Sabine Matallana Surget,4,7,computational,Graphic Design,1
BIOU9TM,Molecular Techniques,Sabine Matallana Surget,4,7,computational,Modelling,0
BIOU9TM,Molecular Techniques,Sabine Matallana Surget,4,7,computational,Presentation Software,1
BIOU9TM,Molecular Techniques,Sabine Matallana Surget,4,7,computational,Remote Meeting/Collaborative Software,0
BIOU9TM,Molecular Techniques,Sabine Matallana Surget,4,7,computational,Remote Sensing (data collection and analysis),0
BIOU9TM,Molecular Techniques,Sabine Matallana Surget,4,7,computational,Social Media,0
BIOU9TM,Molecular Techniques,Sabine Matallana Surget,4,7,computational,Spreadsheet Creation and Management,0
BIOU9TM,Molecular Techniques,Sabine Matallana Surget,4,7,computational,Statistical Programmes,0
BIOU9TM,Molecular Techniques,Sabine Matallana Surget,4,7,computational,Word Processing,0
BIOU9TM,Molecular Techniques,Sabine Matallana Surget,4,7,field,Application of Remote Observations,0
BIOU9TM,Molecular Techniques,Sabine Matallana Surget,4,7,field,Conducting Transects,0
BIOU9TM,Molecular Techniques,Sabine Matallana Surget,4,7,field,Core Skills,0
BIOU9TM,Molecular Techniques,Sabine Matallana Surget,4,7,field,Drone Observations,0
BIOU9TM,Molecular Techniques,Sabine Matallana Surget,4,7,field,Environmental Impact Assessment,0
BIOU9TM,Molecular Techniques,Sabine Matallana Surget,4,7,field,GPS Usage,0
BIOU9TM,Molecular Techniques,Sabine Matallana Surget,4,7,field,Health and Safety Competency,0
BIOU9TM,Molecular Techniques,Sabine Matallana Surget,4,7,field,Mapping Skills,0
BIOU9TM,Molecular Techniques,Sabine Matallana Surget,4,7,field,Sampling: In-situ Monitoring,0
BIOU9TM,Molecular Techniques,Sabine Matallana Surget,4,7,field,Sampling: Physical Collection,0
BIOU9TM,Molecular Techniques,Sabine Matallana Surget,4,7,field,Species Monitoring,0
BIOU9TM,Molecular Techniques,Sabine Matallana Surget,4,7,lab,Accurate Result Reporting,3
BIOU9TM,Molecular Techniques,Sabine Matallana Surget,4,7,lab,Air Quality Analysis,0
BIOU9TM,Molecular Techniques,Sabine Matallana Surget,4,7,lab,Chemical Handling,3
BIOU9TM,Molecular Techniques,Sabine Matallana Surget,4,7,lab,Developing and Implementing SOPs,3
BIOU9TM,Molecular Techniques,Sabine Matallana Surget,4,7,lab,Good Laboratory Practices (GLP),3
BIOU9TM,Molecular Techniques,Sabine Matallana Surget,4,7,lab,Maintaining Lab Notebooks,1
BIOU9TM,Molecular Techniques,Sabine Matallana Surget,4,7,lab,Microscopy,0
BIOU9TM,Molecular Techniques,Sabine Matallana Surget,4,7,lab,Operating Lab Equipment,3
BIOU9TM,Molecular Techniques,Sabine Matallana Surget,4,7,lab,Physical Chemical Analysis,3
BIOU9TM,Molecular Techniques,Sabine Matallana Surget,4,7,lab,Pipetting,3
BIOU9TM,Molecular Techniques,Sabine Matallana Surget,4,7,lab,Risk Assessments,2
BIOU9TM,Molecular Techniques,Sabine Matallana Surget,4,7,lab,Sample Preparation and Handling,3
BIOU9TM,Molecular Techniques,Sabine Matallana Surget,4,7,lab,Soil Quality Assessment,0
BIOU9TM,Molecular Techniques,Sabine Matallana Surget,4,7,lab,Water Quality Assessment,0
BIOU9TM,Molecular Techniques,Sabine Matallana Surget,4,7,personal,Adaptability,3
BIOU9TM,Molecular Techniques,Sabine Matallana Surget,4,7,personal,Verbal Communication,3
BIOU9TM,Molecular Techniques,Sabine Matallana Surget,4,7,personal,Written Communication,3
BIOU9TM,Molecular Techniques,Sabine Matallana Surget,4,7,personal,Conflict Resolution,3
BIOU9TM,Molecular Techniques,Sabine Matallana Surget,4,7,personal,Critical Thinking,3
BIOU9TM,Molecular Techniques,Sabine Matallana Surget,4,7,personal,Detail-Orientated Skills,3
BIOU9TM,Molecular Techniques,Sabine Matallana Surget,4,7,personal,Innovation,3
BIOU9TM,Molecular Techniques,Sabine Matallana Surget,4,7,personal,Integrated Problem-solving,3
BIOU9TM,Molecular Techniques,Sabine Matallana Surget,4,7,personal,Interpersonal Skills,3
BIOU9TM,Molecular Techniques,Sabine Matallana Surget,4,7,personal,Leadership,3
BIOU9TM,Molecular Techniques,Sabine Matallana Surget,4,7,personal,Reliability,3
BIOU9TM,Molecular Techniques,Sabine Matallana Surget,4,7,personal,Resourcefulness,3
BIOU9TM,Molecular Techniques,Sabine Matallana Surget,4,7,personal,Self-awareness,3
BIOU9TM,Molecular Techniques,Sabine Matallana Surget,4,7,personal,Self-motivation,3
BIOU9TM,Molecular Techniques,Sabine Matallana Surget,4,7,personal,Teamwork & Collaboration,3
BIOU9TM,Molecular Techniques,Sabine Matallana Surget,4,7,personal,Time Management,3
SCIU3LS,Lab Essentials for Physical & Life Sciences,Sabine Matallana Surget,2,3,computational,AI (generative) Competency,0
SCIU3LS,Lab Essentials for Physical & Life Sciences,Sabine Matallana Surget,2,3,computational,Computer Programming,0
SCIU3LS,Lab Essentials for Physical & Life Sciences,Sabine Matallana Surget,2,3,computational,Data Management,0
SCIU3LS,Lab Essentials for Physical & Life Sciences,Sabine Matallana Surget,2,3,computational,Effective Email Communication,0
SCIU3LS,Lab Essentials for Physical & Life Sciences,Sabine Matallana Surget,2,3,computational,Geographical Information Systems (GIS),0
SCIU3LS,Lab Essentials for Physical & Life Sciences,Sabine Matallana Surget,2,3,computational,Graphic Design,0
SCIU3LS,Lab Essentials for Physical & Life Sciences,Sabine Matallana Surget,2,3,computational,Modelling,0
SCIU3LS,Lab Essentials for Physical & Life Sciences,Sabine Matallana Surget,2,3,computational,Presentation Software,0
SCIU3LS,Lab Essentials for Physical & Life Sciences,Sabine Matallana Surget,2,3,computational,Remote Meeting/Collaborative Software,0
SCIU3LS,Lab Essentials for Physical & Life Sciences,Sabine Matallana Surget,2,3,computational,Remote Sensing (data collection and analysis),0
SCIU3LS,Lab Essentials for Physical & Life Sciences,Sabine Matallana Surget,2,3,computational,Social Media,0
SCIU3LS,Lab Essentials for Physical & Life Sciences,Sabine Matallana Surget,2,3,computational,Spreadsheet Creation and Management,0
SCIU3LS,Lab Essentials for Physical & Life Sciences,Sabine Matallana Surget,2,3,computational,Statistical Programmes,0
SCIU3LS,Lab Essentials for Physical & Life Sciences,Sabine Matallana Surget,2,3,computational,Word Processing,0
SCIU3LS,Lab Essentials for Physical & Life Sciences,Sabine Matallana Surget,2,3,field,Application of Remote Observations,0
SCIU3LS,Lab Essentials for Physical & Life Sciences,Sabine Matallana Surget,2,3,field,Conducting Transects,0
SCIU3LS,Lab Essentials for Physical & Life Sciences,Sabine Matallana Surget,2,3,field,Core Skills,0
SCIU3LS,Lab Essentials for Physical & Life Sciences,Sabine Matallana Surget,2,3,field,Drone Observations,0
SCIU3LS,Lab Essentials for Physical & Life Sciences,Sabine Matallana Surget,2,3,field,Environmental Impact Assessment,0
SCIU3LS,Lab Essentials for Physical & Life Sciences,Sabine Matallana Surget,2,3,field,GPS Usage,0
SCIU3LS,Lab Essentials for Physical & Life Sciences,Sabine Matallana Surget,2,3,field,Health and Safety Competency,2
SCIU3LS,Lab Essentials for Physical & Life Sciences,Sabine Matallana Surget,2,3,field,Mapping Skills,0
SCIU3LS,Lab Essentials for Physical & Life Sciences,Sabine Matallana Surget,2,3,field,Sampling: In-situ Monitoring,0
SCIU3LS,Lab Essentials for Physical & Life Sciences,Sabine Matallana Surget,2,3,field,Sampling: Physical Collection,1
SCIU3LS,Lab Essentials for Physical & Life Sciences,Sabine Matallana Surget,2,3,field,Species Monitoring,0
SCIU3LS,Lab Essentials for Physical & Life Sciences,Sabine Matallana Surget,2,3,lab,Accurate Result Reporting,1
SCIU3LS,Lab Essentials for Physical & Life Sciences,Sabine Matallana Surget,2,3,lab,Air Quality Analysis,0
SCIU3LS,Lab Essentials for Physical & Life Sciences,Sabine Matallana Surget,2,3,lab,Chemical Handling,2
SCIU3LS,Lab Essentials for Physical & Life Sciences,Sabine Matallana Surget,2,3,lab,Developing and Implementing SOPs,1
SCIU3LS,Lab Essentials for Physical & Life Sciences,Sabine Matallana Surget,2,3,lab,Good Laboratory Practices (GLP),1
SCIU3LS,Lab Essentials for Physical & Life Sciences,Sabine Matallana Surget,2,3,lab,Maintaining Lab Notebooks,0
SCIU3LS,Lab Essentials for Physical & Life Sciences,Sabine Matallana Surget,2,3,lab,Microscopy,0
SCIU3LS,Lab Essentials for Physical & Life Sciences,Sabine Matallana Surget,2,3,lab,Operating Lab Equipment,2
SCIU3LS,Lab Essentials for Physical & Life Sciences,Sabine Matallana Surget,2,3,lab,Physical Chemical Analysis,2
SCIU3LS,Lab Essentials for Physical & Life Sciences,Sabine Matallana Surget,2,3,lab,Pipetting,2
SCIU3LS,Lab Essentials for Physical & Life Sciences,Sabine Matallana Surget,2,3,lab,Risk Assessments,1
SCIU3LS,Lab Essentials for Physical & Life Sciences,Sabine Matallana Surget,2,3,lab,Sample Preparation and Handling,1
SCIU3LS,Lab Essentials for Physical & Life Sciences,Sabine Matallana Surget,2,3,lab,Soil Quality Assessment,0
SCIU3LS,Lab Essentials for Physical & Life Sciences,Sabine Matallana Surget,2,3,lab,Water Quality Assessment,0
SCIU3LS,Lab Essentials for Physical & Life Sciences,Sabine Matallana Surget,2,3,personal,Adaptability,1
SCIU3LS,Lab Essentials for Physical & Life Sciences,Sabine Matallana Surget,2,3,personal,Verbal Communication,0
SCIU3LS,Lab Essentials for Physical & Life Sciences,Sabine Matallana Surget,2,3,personal,Written Communication,1
SCIU3LS,Lab Essentials for Physical & Life Sciences,Sabine Matallana Surget,2,3,personal,Conflict Resolution,0
SCIU3LS,Lab Essentials for Physical & Life Sciences,Sabine Matallana Surget,2,3,personal,Critical Thinking,1
SCIU3LS,Lab Essentials for Physical & Life Sciences,Sabine Matallana Surget,2,3,personal,Detail-Orientated Skills,1
SCIU3LS,Lab Essentials for Physical & Life Sciences,Sabine Matallana Surget,2,3,personal,Innovation,0
SCIU3LS,Lab Essentials for Physical & Life Sciences,Sabine Matallana Surget,2,3,personal,Integrated Problem-solving,1
SCIU3LS,Lab Essentials for Physical & Life Sciences,Sabine Matallana Surget,2,3,personal,Interpersonal Skills,1
SCIU3LS,Lab Essentials for Physical & Life Sciences,Sabine Matallana Surget,2,3,personal,Leadership,0
SCIU3LS,Lab Essentials for Physical & Life Sciences,Sabine Matallana Surget,2,3,personal,Reliability,1
SCIU3LS,Lab Essentials for Physical & Life Sciences,Sabine Matallana Surget,2,3,personal,Resourcefulness,0
SCIU3LS,Lab Essentials for Physical & Life Sciences,Sabine Matallana Surget,2,3,personal,Self-awareness,1
SCIU3LS,Lab Essentials for Physical & Life Sciences,Sabine Matallana Surget,2,3,personal,Self-motivation,1
SCIU3LS,Lab Essentials for Physical & Life Sciences,Sabine Matallana Surget,2,3,personal,Teamwork & Collaboration,1
SCIU3LS,Lab Essentials for Physical & Life Sciences,Sabine Matallana Surget,2,3,personal,Time Management,1
ENVU9MR,Habitat Management and Restoration,Elisa Fuentes-Montemayor,3,5,computational,AI (generative) Competency,0
ENVU9MR,Habitat Management and Restoration,Elisa Fuentes-Montemayor,3,5,computational,Computer Programming,0
ENVU9MR,Habitat Management and Restoration,Elisa Fuentes-Montemayor,3,5,computational,Data Management,2
ENVU9MR,Habitat Management and Restoration,Elisa Fuentes-Montemayor,3,5,computational,Effective Email Communication,1
ENVU9MR,Habitat Management and Restoration,Elisa Fuentes-Montemayor,3,5,computational,Geographical Information Systems (GIS),2
ENVU9MR,Habitat Management and Restoration,Elisa Fuentes-Montemayor,3,5,computational,Graphic Design,2
ENVU9MR,Habitat Management and Restoration,Elisa Fuentes-Montemayor,3,5,computational,Modelling,0
ENVU9MR,Habitat Management and Restoration,Elisa Fuentes-Montemayor,3,5,computational,Presentation Software,2
ENVU9MR,Habitat Management and Restoration,Elisa Fuentes-Montemayor,3,5,computational,Remote Meeting/Collaborative Software,0
ENVU9MR,Habitat Management and Restoration,Elisa Fuentes-Montemayor,3,5,computational,Remote Sensing (data collection and analysis),1
ENVU9MR,Habitat Management and Restoration,Elisa Fuentes-Montemayor,3,5,computational,Social Media,0
ENVU9MR,Habitat Management and Restoration,Elisa Fuentes-Montemayor,3,5,computational,Spreadsheet Creation and Management,2
ENVU9MR,Habitat Management and Restoration,Elisa Fuentes-Montemayor,3,5,computational,Statistical Programmes,0
ENVU9MR,Habitat Management and Restoration,Elisa Fuentes-Montemayor,3,5,computational,Word Processing,2
ENVU9MR,Habitat Management and Restoration,Elisa Fuentes-Montemayor,3,5,field,Application of Remote Observations,1
ENVU9MR,Habitat Management and Restoration,Elisa Fuentes-Montemayor,3,5,field,Conducting Transects,1
ENVU9MR,Habitat Management and Restoration,Elisa Fuentes-Montemayor,3,5,field,Core Skills,2
ENVU9MR,Habitat Management and Restoration,Elisa Fuentes-Montemayor,3,5,field,Drone Observations,1
ENVU9MR,Habitat Management and Restoration,Elisa Fuentes-Montemayor,3,5,field,Environmental Impact Assessment,1
ENVU9MR,Habitat Management and Restoration,Elisa Fuentes-Montemayor,3,5,field,GPS Usage,2
ENVU9MR,Habitat Management and Restoration,Elisa Fuentes-Montemayor,3,5,field,Health and Safety Competency,1
ENVU9MR,Habitat Management and Restoration,Elisa Fuentes-Montemayor,3,5,field,Mapping Skills,2
ENVU9MR,Habitat Management and Restoration,Elisa Fuentes-Montemayor,3,5,field,Sampling: In-situ Monitoring,2
ENVU9MR,Habitat Management and Restoration,Elisa Fuentes-Montemayor,3,5,field,Sampling: Physical Collection,1
ENVU9MR,Habitat Management and Restoration,Elisa Fuentes-Montemayor,3,5,field,Species Monitoring,2
ENVU9MR,Habitat Management and Restoration,Elisa Fuentes-Montemayor,3,5,lab,Accurate Result Reporting,2
ENVU9MR,Habitat Management and Restoration,Elisa Fuentes-Montemayor,3,5,lab,Air Quality Analysis,0
ENVU9MR,Habitat Management and Restoration,Elisa Fuentes-Montemayor,3,5,lab,Chemical Handling,0
ENVU9MR,Habitat Management and Restoration,Elisa Fuentes-Montemayor,3,5,lab,Developing and Implementing SOPs,2
ENVU9MR,Habitat Management and Restoration,Elisa Fuentes-Montemayor,3,5,lab,Good Laboratory Practices (GLP),0
ENVU9MR,Habitat Management and Restoration,Elisa Fuentes-Montemayor,3,5,lab,Maintaining Lab Notebooks,0
ENVU9MR,Habitat Management and Restoration,Elisa Fuentes-Montemayor,3,5,lab,Microscopy,1
ENVU9MR,Habitat Management and Restoration,Elisa Fuentes-Montemayor,3,5,lab,Operating Lab Equipment,0
ENVU9MR,Habitat Management and Restoration,Elisa Fuentes-Montemayor,3,5,lab,Physical Chemical Analysis,0
ENVU9MR,Habitat Management and Restoration,Elisa Fuentes-Montemayor,3,5,lab,Pipetting,0
ENVU9MR,Habitat Management and Restoration,Elisa Fuentes-Montemayor,3,5,lab,Risk Assessments,1
ENVU9MR,Habitat Management and Restoration,Elisa Fuentes-Montemayor,3,5,lab,Sample Preparation and Handling,0
ENVU9MR,Habitat Management and Restoration,Elisa Fuentes-Montemayor,3,5,lab,Soil Quality Assessment,0
ENVU9MR,Habitat Management and Restoration,Elisa Fuentes-Montemayor,3,5,lab,Water Quality Assessment,0
ENVU9MR,Habitat Management and Restoration,Elisa Fuentes-Montemayor,3,5,personal,Adaptability,1
ENVU9MR,Habitat Management and Restoration,Elisa Fuentes-Montemayor,3,5,personal,Verbal Communication,2
ENVU9MR,Habitat Management and Restoration,Elisa Fuentes-Montemayor,3,5,personal,Written Communication,2
ENVU9MR,Habitat Management and Restoration,Elisa Fuentes-Montemayor,3,5,personal,Conflict Resolution,2
ENVU9MR,Habitat Management and Restoration,Elisa Fuentes-Montemayor,3,5,personal,Critical Thinking,2
ENVU9MR,Habitat Management and Restoration,Elisa Fuentes-Montemayor,3,5,personal,Detail-Orientated Skills,1
ENVU9MR,Habitat Management and Restoration,Elisa Fuentes-Montemayor,3,5,personal,Innovation,1
ENVU9MR,Habitat Management and Restoration,Elisa Fuentes-Montemayor,3,5,personal,Integrated Problem-solving,2
ENVU9MR,Habitat Management and Restoration,Elisa Fuentes-Montemayor,3,5,personal,Interpersonal Skills,2
ENVU9MR,Habitat Management and Restoration,Elisa Fuentes-Montemayor,3,5,personal,Leadership,2
ENVU9MR,Habitat Management and Restoration,Elisa Fuentes-Montemayor,3,5,personal,Reliability,2
ENVU9MR,Habitat Management and Restoration,Elisa Fuentes-Montemayor,3,5,personal,Resourcefulness,1
ENVU9MR,Habitat Management and Restoration,Elisa Fuentes-Montemayor,3,5,personal,Self-awareness,2
ENVU9MR,Habitat Management and Restoration,Elisa Fuentes-Montemayor,3,5,personal,Self-motivation,2
ENVU9MR,Habitat Management and Restoration,Elisa Fuentes-Montemayor,3,5,personal,Teamwork & Collaboration,2
ENVU9MR,Habitat Management and Restoration,Elisa Fuentes-Montemayor,3,5,personal,Time Management,2
ENVU2LV,Landscape Evolution,Neil McDonald,1,2,computational,AI (generative) Competency,0
ENVU2LV,Landscape Evolution,Neil McDonald,1,2,computational,Computer Programming,0
ENVU2LV,Landscape Evolution,Neil McDonald,1,2,computational,Data Management,2
ENVU2LV,Landscape Evolution,Neil McDonald,1,2,computational,Effective Email Communication,0
ENVU2LV,Landscape Evolution,Neil McDonald,1,2,computational,Geographical Information Systems (GIS),0
ENVU2LV,Landscape Evolution,Neil McDonald,1,2,computational,Graphic Design,2
ENVU2LV,Landscape Evolution,Neil McDonald,1,2,computational,Modelling,0
ENVU2LV,Landscape Evolution,Neil McDonald,1,2,computational,Presentation Software,0
ENVU2LV,Landscape Evolution,Neil McDonald,1,2,computational,Remote Meeting/Collaborative Software,0
ENVU2LV,Landscape Evolution,Neil McDonald,1,2,computational,Remote Sensing (data collection and analysis),2
ENVU2LV,Landscape Evolution,Neil McDonald,1,2,computational,Social Media,0
ENVU2LV,Landscape Evolution,Neil McDonald,1,2,computational,Spreadsheet Creation and Management,2
ENVU2LV,Landscape Evolution,Neil McDonald,1,2,computational,Statistical Programmes,0
ENVU2LV,Landscape Evolution,Neil McDonald,1,2,computational,Word Processing,2
ENVU2LV,Landscape Evolution,Neil McDonald,1,2,field,Application of Remote Observations,0
ENVU2LV,Landscape Evolution,Neil McDonald,1,2,field,Conducting Transects,0
ENVU2LV,Landscape Evolution,Neil McDonald,1,2,field,Core Skills,2
ENVU2LV,Landscape Evolution,Neil McDonald,1,2,field,Drone Observations,1
ENVU2LV,Landscape Evolution,Neil McDonald,1,2,field,Environmental Impact Assessment,0
ENVU2LV,Landscape Evolution,Neil McDonald,1,2,field,GPS Usage,1
ENVU2LV,Landscape Evolution,Neil McDonald,1,2,field,Health and Safety Competency,1
ENVU2LV,Landscape Evolution,Neil McDonald,1,2,field,Mapping Skills,2
ENVU2LV,Landscape Evolution,Neil McDonald,1,2,field,Sampling: In-situ Monitoring,1
ENVU2LV,Landscape Evolution,Neil McDonald,1,2,field,Sampling: Physical Collection,0
ENVU2LV,Landscape Evolution,Neil McDonald,1,2,field,Species Monitoring,0
ENVU2LV,Landscape Evolution,Neil McDonald,1,2,lab,Accurate Result Reporting,2
ENVU2LV,Landscape Evolution,Neil McDonald,1,2,lab,Air Quality Analysis,0
ENVU2LV,Landscape Evolution,Neil McDonald,1,2,lab,Chemical Handling,0
ENVU2LV,Landscape Evolution,Neil McDonald,1,2,lab,Developing and Implementing SOPs,2
ENVU2LV,Landscape Evolution,Neil McDonald,1,2,lab,Good Laboratory Practices (GLP),0
ENVU2LV,Landscape Evolution,Neil McDonald,1,2,lab,Maintaining Lab Notebooks,0
ENVU2LV,Landscape Evolution,Neil McDonald,1,2,lab,Microscopy,0
ENVU2LV,Landscape Evolution,Neil McDonald,1,2,lab,Operating Lab Equipment,0
ENVU2LV,Landscape Evolution,Neil McDonald,1,2,lab,Physical Chemical Analysis,1
ENVU2LV,Landscape Evolution,Neil McDonald,1,2,lab,Pipetting,0
ENVU2LV,Landscape Evolution,Neil McDonald,1,2,lab,Risk Assessments,1
ENVU2LV,Landscape Evolution,Neil McDonald,1,2,lab,Sample Preparation and Handling,0
ENVU2LV,Landscape Evolution,Neil McDonald,1,2,lab,Soil Quality Assessment,0
ENVU2LV,Landscape Evolution,Neil McDonald,1,2,lab,Water Quality Assessment,0
ENVU2LV,Landscape Evolution,Neil McDonald,1,2,personal,Adaptability,2
ENVU2LV,Landscape Evolution,Neil McDonald,1,2,personal,Verbal Communication,2
ENVU2LV,Landscape Evolution,Neil McDonald,1,2,personal,Written Communication,2
ENVU2LV,Landscape Evolution,Neil McDonald,1,2,personal,Conflict Resolution,1
ENVU2LV,Landscape Evolution,Neil McDonald,1,2,personal,Critical Thinking,2
ENVU2LV,Landscape Evolution,Neil McDonald,1,2,personal,Detail-Orientated Skills,1
ENVU2LV,Landscape Evolution,Neil McDonald,1,2,personal,Innovation,1
ENVU2LV,Landscape Evolution,Neil McDonald,1,2,personal,Integrated Problem-solving,1
ENVU2LV,Landscape Evolution,Neil McDonald,1,2,personal,Interpersonal Skills,2
ENVU2LV,Landscape Evolution,Neil McDonald,1,2,personal,Leadership,1
ENVU2LV,Landscape Evolution,Neil McDonald,1,2,personal,Reliability,2
ENVU2LV,Landscape Evolution,Neil McDonald,1,2,personal,Resourcefulness,2
ENVU2LV,Landscape Evolution,Neil McDonald,1,2,personal,Self-awareness,2
ENVU2LV,Landscape Evolution,Neil McDonald,1,2,personal,Self-motivation,2
ENVU2LV,Landscape Evolution,Neil McDonald,1,2,personal,Teamwork & Collaboration,2
ENVU2LV,Landscape Evolution,Neil McDonald,1,2,personal,Time Management,2
GEOU9SE,Energy and Society,David Copplestone,3,6,computational,AI (generative) Competency,1
GEOU9SE,Energy and Society,David Copplestone,3,6,computational,Computer Programming,0
GEOU9SE,Energy and Society,David Copplestone,3,6,computational,Data Management,2
GEOU9SE,Energy and Society,David Copplestone,3,6,computational,Effective Email Communication,3
GEOU9SE,Energy and Society,David Copplestone,3,6,computational,Geographical Information Systems (GIS),0
GEOU9SE,Energy and Society,David Copplestone,3,6,computational,Graphic Design,3
GEOU9SE,Energy and Society,David Copplestone,3,6,computational,Modelling,2
GEOU9SE,Energy and Society,David Copplestone,3,6,computational,Presentation Software,3
GEOU9SE,Energy and Society,David Copplestone,3,6,computational,Remote Meeting/Collaborative Software,3
GEOU9SE,Energy and Society,David Copplestone,3,6,computational,Remote Sensing (data collection and analysis),0
GEOU9SE,Energy and Society,David Copplestone,3,6,computational,Social Media,2
GEOU9SE,Energy and Society,David Copplestone,3,6,computational,Spreadsheet Creation and Management,1
GEOU9SE,Energy and Society,David Copplestone,3,6,computational,Statistical Programmes,0
GEOU9SE,Energy and Society,David Copplestone,3,6,computational,Word Processing,3
GEOU9SE,Energy and Society,David Copplestone,3,6,field,Application of Remote Observations,0
GEOU9SE,Energy and Society,David Copplestone,3,6,field,Conducting Transects,0
GEOU9SE,Energy and Society,David Copplestone,3,6,field,Core Skills,0
GEOU9SE,Energy and Society,David Copplestone,3,6,field,Drone Observations,0
GEOU9SE,Energy and Society,David Copplestone,3,6,field,Environmental Impact Assessment,2
GEOU9SE,Energy and Society,David Copplestone,3,6,field,GPS Usage,0
GEOU9SE,Energy and Society,David Copplestone,3,6,field,Health and Safety Competency,1
GEOU9SE,Energy and Society,David Copplestone,3,6,field,Mapping Skills,0
GEOU9SE,Energy and Society,David Copplestone,3,6,field,Sampling: In-situ Monitoring,0
GEOU9SE,Energy and Society,David Copplestone,3,6,field,Sampling: Physical Collection,0
GEOU9SE,Energy and Society,David Copplestone,3,6,field,Species Monitoring,0
GEOU9SE,Energy and Society,David Copplestone,3,6,lab,Accurate Result Reporting,0
GEOU9SE,Energy and Society,David Copplestone,3,6,lab,Air Quality Analysis,0
GEOU9SE,Energy and Society,David Copplestone,3,6,lab,Chemical Handling,0
GEOU9SE,Energy and Society,David Copplestone,3,6,lab,Developing and Implementing SOPs,0
GEOU9SE,Energy and Society,David Copplestone,3,6,lab,Good Laboratory Practices (GLP),0
GEOU9SE,Energy and Society,David Copplestone,3,6,lab,Maintaining Lab Notebooks,0
GEOU9SE,Energy and Society,David Copplestone,3,6,lab,Microscopy,0
GEOU9SE,Energy and Society,David Copplestone,3,6,lab,Operating Lab Equipment,0
GEOU9SE,Energy and Society,David Copplestone,3,6,lab,Physical Chemical Analysis,0
GEOU9SE,Energy and Society,David Copplestone,3,6,lab,Pipetting,0
GEOU9SE,Energy and Society,David Copplestone,3,6,lab,Risk Assessments,1
GEOU9SE,Energy and Society,David Copplestone,3,6,lab,Sample Preparation and Handling,0
GEOU9SE,Energy and Society,David Copplestone,3,6,lab,Soil Quality Assessment,0
GEOU9SE,Energy and Society,David Copplestone,3,6,lab,Water Quality Assessment,0
GEOU9SE,Energy and Society,David Copplestone,3,6,personal,Adaptability,3
GEOU9SE,Energy and Society,David Copplestone,3,6,personal,Verbal Communication,3
GEOU9SE,Energy and Society,David Copplestone,3,6,personal,Written Communication,3
GEOU9SE,Energy and Society,David Copplestone,3,6,personal,Conflict Resolution,3
GEOU9SE,Energy and Society,David Copplestone,3,6,personal,Critical Thinking,3
GEOU9SE,Energy and Society,David Copplestone,3,6,personal,Detail-Orientated Skills,3
GEOU9SE,Energy and Society,David Copplestone,3,6,personal,Innovation,3
GEOU9SE,Energy and Society,David Copplestone,3,6,personal,Integrated Problem-solving,3
GEOU9SE,Energy and Society,David Copplestone,3,6,personal,Interpersonal Skills,3
GEOU9SE,Energy and Society,David Copplestone,3,6,personal,Leadership,3
GEOU9SE,Energy and Society,David Copplestone,3,6,personal,Reliability,3
GEOU9SE,Energy and Society,David Copplestone,3,6,personal,Resourcefulness,3
GEOU9SE,Energy and Society,David Copplestone,3,6,personal,Self-awareness,3
GEOU9SE,Energy and Society,David Copplestone,3,6,personal,Self-motivation,3
GEOU9SE,Energy and Society,David Copplestone,3,6,personal,Teamwork & Collaboration,3
GEOU9SE,Energy and Society,David Copplestone,3,6,personal,Time Management,3
ENMPG22,Environmental Impact Assessment,David Copplestone,5,10,computational,AI (generative) Competency,1
ENMPG22,Environmental Impact Assessment,David Copplestone,5,10,computational,Computer Programming,0
ENMPG22,Environmental Impact Assessment,David Copplestone,5,10,computational,Data Management,1
ENMPG22,Environmental Impact Assessment,David Copplestone,5,10,computational,Effective Email Communication,3
ENMPG22,Environmental Impact Assessment,David Copplestone,5,10,computational,Geographical Information Systems (GIS),1
ENMPG22,Environmental Impact Assessment,David Copplestone,5,10,computational,Graphic Design,2
ENMPG22,Environmental Impact Assessment,David Copplestone,5,10,computational,Modelling,2
ENMPG22,Environmental Impact Assessment,David Copplestone,5,10,computational,Presentation Software,2
ENMPG22,Environmental Impact Assessment,David Copplestone,5,10,computational,Remote Meeting/Collaborative Software,3
ENMPG22,Environmental Impact Assessment,David Copplestone,5,10,computational,Remote Sensing (data collection and analysis),0
ENMPG22,Environmental Impact Assessment,David Copplestone,5,10,computational,Social Media,1
ENMPG22,Environmental Impact Assessment,David Copplestone,5,10,computational,Spreadsheet Creation and Management,2
ENMPG22,Environmental Impact Assessment,David Copplestone,5,10,computational,Statistical Programmes,1
ENMPG22,Environmental Impact Assessment,David Copplestone,5,10,computational,Word Processing,3
ENMPG22,Environmental Impact Assessment,David Copplestone,5,10,field,Application of Remote Observations,2
ENMPG22,Environmental Impact Assessment,David Copplestone,5,10,field,Conducting Transects,2
ENMPG22,Environmental Impact Assessment,David Copplestone,5,10,field,Core Skills,2
ENMPG22,Environmental Impact Assessment,David Copplestone,5,10,field,Drone Observations,0
ENMPG22,Environmental Impact Assessment,David Copplestone,5,10,field,Environmental Impact Assessment,3
ENMPG22,Environmental Impact Assessment,David Copplestone,5,10,field,GPS Usage,2
ENMPG22,Environmental Impact Assessment,David Copplestone,5,10,field,Health and Safety Competency,2
ENMPG22,Environmental Impact Assessment,David Copplestone,5,10,field,Mapping Skills,2
ENMPG22,Environmental Impact Assessment,David Copplestone,5,10,field,Sampling: In-situ Monitoring,2
ENMPG22,Environmental Impact Assessment,David Copplestone,5,10,field,Sampling: Physical Collection,2
ENMPG22,Environmental Impact Assessment,David Copplestone,5,10,field,Species Monitoring,2
ENMPG22,Environmental Impact Assessment,David Copplestone,5,10,lab,Accurate Result Reporting,1
ENMPG22,Environmental Impact Assessment,David Copplestone,5,10,lab,Air Quality Analysis,2
ENMPG22,Environmental Impact Assessment,David Copplestone,5,10,lab,Chemical Handling,1
ENMPG22,Environmental Impact Assessment,David Copplestone,5,10,lab,Developing and Implementing SOPs,0
ENMPG22,Environmental Impact Assessment,David Copplestone,5,10,lab,Good Laboratory Practices (GLP),0
ENMPG22,Environmental Impact Assessment,David Copplestone,5,10,lab,Maintaining Lab Notebooks,0
ENMPG22,Environmental Impact Assessment,David Copplestone,5,10,lab,Microscopy,0
ENMPG22,Environmental Impact Assessment,David Copplestone,5,10,lab,Operating Lab Equipment,1
ENMPG22,Environmental Impact Assessment,David Copplestone,5,10,lab,Physical Chemical Analysis,1
ENMPG22,Environmental Impact Assessment,David Copplestone,5,10,lab,Pipetting,0
ENMPG22,Environmental Impact Assessment,David Copplestone,5,10,lab,Risk Assessments,1
ENMPG22,Environmental Impact Assessment,David Copplestone,5,10,lab,Sample Preparation and Handling,1
ENMPG22,Environmental Impact Assessment,David Copplestone,5,10,lab,Soil Quality Assessment,1
ENMPG22,Environmental Impact Assessment,David Copplestone,5,10,lab,Water Quality Assessment,1
ENMPG22,Environmental Impact Assessment,David Copplestone,5,10,personal,Adaptability,2
ENMPG22,Environmental Impact Assessment,David Copplestone,5,10,personal,Verbal Communication,3
ENMPG22,Environmental Impact Assessment,David Copplestone,5,10,personal,Written Communication,3
ENMPG22,Environmental Impact Assessment,David Copplestone,5,10,personal,Conflict Resolution,3
ENMPG22,Environmental Impact Assessment,David Copplestone,5,10,personal,Critical Thinking,3
ENMPG22,Environmental Impact Assessment,David Copplestone,5,10,personal,Detail-Orientated Skills,3
ENMPG22,Environmental Impact Assessment,David Copplestone,5,10,personal,Innovation,3
ENMPG22,Environmental Impact Assessment,David Copplestone,5,10,personal,Integrated Problem-solving,3
ENMPG22,Environmental Impact Assessment,David Copplestone,5,10,personal,Interpersonal Skills,3
ENMPG22,Environmental Impact Assessment,David Copplestone,5,10,personal,Leadership,3
ENMPG22,Environmental Impact Assessment,David Copplestone,5,10,personal,Reliability,3
ENMPG22,Environmental Impact Assessment,David Copplestone,5,10,personal,Resourcefulness,3
ENMPG22,Environmental Impact Assessment,David Copplestone,5,10,personal,Self-awareness,3
ENMPG22,Environmental Impact Assessment,David Copplestone,5,10,personal,Self-motivation,3
ENMPG22,Environmental Impact Assessment,David Copplestone,5,10,personal,Teamwork & Collaboration,3
ENMPG22,Environmental Impact Assessment,David Copplestone,5,10,personal,Time Management,3
ENMPG17,Field Techniques,Elisa Fuentes-Montemayor,5,9,computational,AI (generative) Competency,0
ENMPG17,Field Techniques,Elisa Fuentes-Montemayor,5,9,computational,Computer Programming,0
ENMPG17,Field Techniques,Elisa Fuentes-Montemayor,5,9,computational,Data Management,2
ENMPG17,Field Techniques,Elisa Fuentes-Montemayor,5,9,computational,Effective Email Communication,0
ENMPG17,Field Techniques,Elisa Fuentes-Montemayor,5,9,computational,Geographical Information Systems (GIS),1
ENMPG17,Field Techniques,Elisa Fuentes-Montemayor,5,9,computational,Graphic Design,2
ENMPG17,Field Techniques,Elisa Fuentes-Montemayor,5,9,computational,Modelling,0
ENMPG17,Field Techniques,Elisa Fuentes-Montemayor,5,9,computational,Presentation Software,2
ENMPG17,Field Techniques,Elisa Fuentes-Montemayor,5,9,computational,Remote Meeting/Collaborative Software,0
ENMPG17,Field Techniques,Elisa Fuentes-Montemayor,5,9,computational,Remote Sensing (data collection and analysis),1
ENMPG17,Field Techniques,Elisa Fuentes-Montemayor,5,9,computational,Social Media,0
ENMPG17,Field Techniques,Elisa Fuentes-Montemayor,5,9,computational,Spreadsheet Creation and Management,2
ENMPG17,Field Techniques,Elisa Fuentes-Montemayor,5,9,computational,Statistical Programmes,0
ENMPG17,Field Techniques,Elisa Fuentes-Montemayor,5,9,computational,Word Processing,2
ENMPG17,Field Techniques,Elisa Fuentes-Montemayor,5,9,field,Application of Remote Observations,2
ENMPG17,Field Techniques,Elisa Fuentes-Montemayor,5,9,field,Conducting Transects,2
ENMPG17,Field Techniques,Elisa Fuentes-Montemayor,5,9,field,Core Skills,2
ENMPG17,Field Techniques,Elisa Fuentes-Montemayor,5,9,field,Drone Observations,1
ENMPG17,Field Techniques,Elisa Fuentes-Montemayor,5,9,field,Environmental Impact Assessment,1
ENMPG17,Field Techniques,Elisa Fuentes-Montemayor,5,9,field,GPS Usage,2
ENMPG17,Field Techniques,Elisa Fuentes-Montemayor,5,9,field,Health and Safety Competency,1
ENMPG17,Field Techniques,Elisa Fuentes-Montemayor,5,9,field,Mapping Skills,2
ENMPG17,Field Techniques,Elisa Fuentes-Montemayor,5,9,field,Sampling: In-situ Monitoring,2
ENMPG17,Field Techniques,Elisa Fuentes-Montemayor,5,9,field,Sampling: Physical Collection,2
ENMPG17,Field Techniques,Elisa Fuentes-Montemayor,5,9,field,Species Monitoring,2
ENMPG17,Field Techniques,Elisa Fuentes-Montemayor,5,9,lab,Accurate Result Reporting,2
ENMPG17,Field Techniques,Elisa Fuentes-Montemayor,5,9,lab,Air Quality Analysis,0
ENMPG17,Field Techniques,Elisa Fuentes-Montemayor,5,9,lab,Chemical Handling,0
ENMPG17,Field Techniques,Elisa Fuentes-Montemayor,5,9,lab,Developing and Implementing SOPs,2
ENMPG17,Field Techniques,Elisa Fuentes-Montemayor,5,9,lab,Good Laboratory Practices (GLP),0
ENMPG17,Field Techniques,Elisa Fuentes-Montemayor,5,9,lab,Maintaining Lab Notebooks,1
ENMPG17,Field Techniques,Elisa Fuentes-Montemayor,5,9,lab,Microscopy,0
ENMPG17,Field Techniques,Elisa Fuentes-Montemayor,5,9,lab,Operating Lab Equipment,0
ENMPG17,Field Techniques,Elisa Fuentes-Montemayor,5,9,lab,Physical Chemical Analysis,0
ENMPG17,Field Techniques,Elisa Fuentes-Montemayor,5,9,lab,Pipetting,0
ENMPG17,Field Techniques,Elisa Fuentes-Montemayor,5,9,lab,Risk Assessments,1
ENMPG17,Field Techniques,Elisa Fuentes-Montemayor,5,9,lab,Sample Preparation and Handling,1
ENMPG17,Field Techniques,Elisa Fuentes-Montemayor,5,9,lab,Soil Quality Assessment,0
ENMPG17,Field Techniques,Elisa Fuentes-Montemayor,5,9,lab,Water Quality Assessment,2
ENMPG17,Field Techniques,Elisa Fuentes-Montemayor,5,9,personal,Adaptability,2
ENMPG17,Field Techniques,Elisa Fuentes-Montemayor,5,9,personal,Verbal Communication,2
ENMPG17,Field Techniques,Elisa Fuentes-Montemayor,5,9,personal,Written Communication,2
ENMPG17,Field Techniques,Elisa Fuentes-Montemayor,5,9,personal,Conflict Resolution,2
ENMPG17,Field Techniques,Elisa Fuentes-Montemayor,5,9,personal,Critical Thinking,1
ENMPG17,Field Techniques,Elisa Fuentes-Montemayor,5,9,personal,Detail-Orientated Skills,2
ENMPG17,Field Techniques,Elisa Fuentes-Montemayor,5,9,personal,Innovation,2
ENMPG17,Field Techniques,Elisa Fuentes-Montemayor,5,9,personal,Integrated Problem-solving,2
ENMPG17,Field Techniques,Elisa Fuentes-Montemayor,5,9,personal,Interpersonal Skills,2
ENMPG17,Field Techniques,Elisa Fuentes-Montemayor,5,9,personal,Leadership,2
ENMPG17,Field Techniques,Elisa Fuentes-Montemayor,5,9,personal,Reliability,2
ENMPG17,Field Techniques,Elisa Fuentes-Montemayor,5,9,personal,Resourcefulness,2
ENMPG17,Field Techniques,Elisa Fuentes-Montemayor,5,9,personal,Self-awareness,1
ENMPG17,Field Techniques,Elisa Fuentes-Montemayor,5,9,personal,Self-motivation,2
ENMPG17,Field Techniques,Elisa Fuentes-Montemayor,5,9,personal,Teamwork & Collaboration,2
ENMPG17,Field Techniques,Elisa Fuentes-Montemayor,5,9,personal,Time Management,2
BIOU9SX,Evolutionary Consequences of Sexual Reproduction,Reuben Nowell,4,7,computational,AI (generative) Competency,3
BIOU9SX,Evolutionary Consequences of Sexual Reproduction,Reuben Nowell,4,7,computational,Computer Programming,0
BIOU9SX,Evolutionary Consequences of Sexual Reproduction,Reuben Nowell,4,7,computational,Data Management,0
BIOU9SX,Evolutionary Consequences of Sexual Reproduction,Reuben Nowell,4,7,computational,Effective Email Communication,0
BIOU9SX,Evolutionary Consequences of Sexual Reproduction,Reuben Nowell,4,7,computational,Geographical Information Systems (GIS),0
BIOU9SX,Evolutionary Consequences of Sexual Reproduction,Reuben Nowell,4,7,computational,Graphic Design,0
BIOU9SX,Evolutionary Consequences of Sexual Reproduction,Reuben Nowell,4,7,computational,Modelling,0
BIOU9SX,Evolutionary Consequences of Sexual Reproduction,Reuben Nowell,4,7,computational,Presentation Software,0
BIOU9SX,Evolutionary Consequences of Sexual Reproduction,Reuben Nowell,4,7,computational,Remote Meeting/Collaborative Software,0
BIOU9SX,Evolutionary Consequences of Sexual Reproduction,Reuben Nowell,4,7,computational,Remote Sensing (data collection and analysis),0
BIOU9SX,Evolutionary Consequences of Sexual Reproduction,Reuben Nowell,4,7,computational,Social Media,0
BIOU9SX,Evolutionary Consequences of Sexual Reproduction,Reuben Nowell,4,7,computational,Spreadsheet Creation and Management,0
BIOU9SX,Evolutionary Consequences of Sexual Reproduction,Reuben Nowell,4,7,computational,Statistical Programmes,0
BIOU9SX,Evolutionary Consequences of Sexual Reproduction,Reuben Nowell,4,7,computational,Word Processing,3
BIOU9SX,Evolutionary Consequences of Sexual Reproduction,Reuben Nowell,4,7,field,Application of Remote Observations,0
BIOU9SX,Evolutionary Consequences of Sexual Reproduction,Reuben Nowell,4,7,field,Conducting Transects,0
BIOU9SX,Evolutionary Consequences of Sexual Reproduction,Reuben Nowell,4,7,field,Core Skills,0
BIOU9SX,Evolutionary Consequences of Sexual Reproduction,Reuben Nowell,4,7,field,Drone Observations,0
BIOU9SX,Evolutionary Consequences of Sexual Reproduction,Reuben Nowell,4,7,field,Environmental Impact Assessment,0
BIOU9SX,Evolutionary Consequences of Sexual Reproduction,Reuben Nowell,4,7,field,GPS Usage,0
BIOU9SX,Evolutionary Consequences of Sexual Reproduction,Reuben Nowell,4,7,field,Health and Safety Competency,0
BIOU9SX,Evolutionary Consequences of Sexual Reproduction,Reuben Nowell,4,7,field,Mapping Skills,0
BIOU9SX,Evolutionary Consequences of Sexual Reproduction,Reuben Nowell,4,7,field,Sampling: In-situ Monitoring,0
BIOU9SX,Evolutionary Consequences of Sexual Reproduction,Reuben Nowell,4,7,field,Sampling: Physical Collection,0
BIOU9SX,Evolutionary Consequences of Sexual Reproduction,Reuben Nowell,4,7,field,Species Monitoring,0
BIOU9SX,Evolutionary Consequences of Sexual Reproduction,Reuben Nowell,4,7,lab,Accurate Result Reporting,0
BIOU9SX,Evolutionary Consequences of Sexual Reproduction,Reuben Nowell,4,7,lab,Air Quality Analysis,0
BIOU9SX,Evolutionary Consequences of Sexual Reproduction,Reuben Nowell,4,7,lab,Chemical Handling,0
BIOU9SX,Evolutionary Consequences of Sexual Reproduction,Reuben Nowell,4,7,lab,Developing and Implementing SOPs,0
BIOU9SX,Evolutionary Consequences of Sexual Reproduction,Reuben Nowell,4,7,lab,Good Laboratory Practices (GLP),0
BIOU9SX,Evolutionary Consequences of Sexual Reproduction,Reuben Nowell,4,7,lab,Maintaining Lab Notebooks,0
BIOU9SX,Evolutionary Consequences of Sexual Reproduction,Reuben Nowell,4,7,lab,Microscopy,0
BIOU9SX,Evolutionary Consequences of Sexual Reproduction,Reuben Nowell,4,7,lab,Operating Lab Equipment,0
BIOU9SX,Evolutionary Consequences of Sexual Reproduction,Reuben Nowell,4,7,lab,Physical Chemical Analysis,0
BIOU9SX,Evolutionary Consequences of Sexual Reproduction,Reuben Nowell,4,7,lab,Pipetting,0
BIOU9SX,Evolutionary Consequences of Sexual Reproduction,Reuben Nowell,4,7,lab,Risk Assessments,0
BIOU9SX,Evolutionary Consequences of Sexual Reproduction,Reuben Nowell,4,7,lab,Sample Preparation and Handling,0
BIOU9SX,Evolutionary Consequences of Sexual Reproduction,Reuben Nowell,4,7,lab,Soil Quality Assessment,0
BIOU9SX,Evolutionary Consequences of Sexual Reproduction,Reuben Nowell,4,7,lab,Water Quality Assessment,0
BIOU9SX,Evolutionary Consequences of Sexual Reproduction,Reuben Nowell,4,7,personal,Adaptability,0
BIOU9SX,Evolutionary Consequences of Sexual Reproduction,Reuben Nowell,4,7,personal,Verbal Communication,2
BIOU9SX,Evolutionary Consequences of Sexual Reproduction,Reuben Nowell,4,7,personal,Written Communication,3
BIOU9SX,Evolutionary Consequences of Sexual Reproduction,Reuben Nowell,4,7,personal,Conflict Resolution,0
BIOU9SX,Evolutionary Consequences of Sexual Reproduction,Reuben Nowell,4,7,personal,Critical Thinking,2
BIOU9SX,Evolutionary Consequences of Sexual Reproduction,Reuben Nowell,4,7,personal,Detail-Orientated Skills,1
BIOU9SX,Evolutionary Consequences of Sexual Reproduction,Reuben Nowell,4,7,personal,Innovation,0
BIOU9SX,Evolutionary Consequences of Sexual Reproduction,Reuben Nowell,4,7,personal,Integrated Problem-solving,2
BIOU9SX,Evolutionary Consequences of Sexual Reproduction,Reuben Nowell,4,7,personal,Interpersonal Skills,2
BIOU9SX,Evolutionary Consequences of Sexual Reproduction,Reuben Nowell,4,7,personal,Leadership,0
BIOU9SX,Evolutionary Consequences of Sexual Reproduction,Reuben Nowell,4,7,personal,Reliability,0
BIOU9SX,Evolutionary Consequences of Sexual Reproduction,Reuben Nowell,4,7,personal,Resourcefulness,0
BIOU9SX,Evolutionary Consequences of Sexual Reproduction,Reuben Nowell,4,7,personal,Self-awareness,0
BIOU9SX,Evolutionary Consequences of Sexual Reproduction,Reuben Nowell,4,7,personal,Self-motivation,2
BIOU9SX,Evolutionary Consequences of Sexual Reproduction,Reuben Nowell,4,7,personal,Teamwork & Collaboration,2
BIOU9SX,Evolutionary Consequences of Sexual Reproduction,Reuben Nowell,4,7,personal,Time Management,2
SCIU3FB,Practical Field Biology,Martina Quaggiotto,2,3,computational,AI (generative) Competency,1
SCIU3FB,Practical Field Biology,Martina Quaggiotto,2,3,computational,Computer Programming,0
SCIU3FB,Practical Field Biology,Martina Quaggiotto,2,3,computational,Data Management,0
SCIU3FB,Practical Field Biology,Martina Quaggiotto,2,3,computational,Effective Email Communication,0
SCIU3FB,Practical Field Biology,Martina Quaggiotto,2,3,computational,Geographical Information Systems (GIS),2
SCIU3FB,Practical Field Biology,Martina Quaggiotto,2,3,computational,Graphic Design,2
SCIU3FB,Practical Field Biology,Martina Quaggiotto,2,3,computational,Modelling,0
SCIU3FB,Practical Field Biology,Martina Quaggiotto,2,3,computational,Presentation Software,2
SCIU3FB,Practical Field Biology,Martina Quaggiotto,2,3,computational,Remote Meeting/Collaborative Software,0
SCIU3FB,Practical Field Biology,Martina Quaggiotto,2,3,computational,Remote Sensing (data collection and analysis),0
SCIU3FB,Practical Field Biology,Martina Quaggiotto,2,3,computational,Social Media,0
SCIU3FB,Practical Field Biology,Martina Quaggiotto,2,3,computational,Spreadsheet Creation and Management,1
SCIU3FB,Practical Field Biology,Martina Quaggiotto,2,3,computational,Statistical Programmes,0
SCIU3FB,Practical Field Biology,Martina Quaggiotto,2,3,computational,Word Processing,2
SCIU3FB,Practical Field Biology,Martina Quaggiotto,2,3,field,Application of Remote Observations,2
SCIU3FB,Practical Field Biology,Martina Quaggiotto,2,3,field,Conducting Transects,2
SCIU3FB,Practical Field Biology,Martina Quaggiotto,2,3,field,Core Skills,2
SCIU3FB,Practical Field Biology,Martina Quaggiotto,2,3,field,Drone Observations,0
SCIU3FB,Practical Field Biology,Martina Quaggiotto,2,3,field,Environmental Impact Assessment,0
SCIU3FB,Practical Field Biology,Martina Quaggiotto,2,3,field,GPS Usage,2
SCIU3FB,Practical Field Biology,Martina Quaggiotto,2,3,field,Health and Safety Competency,1
SCIU3FB,Practical Field Biology,Martina Quaggiotto,2,3,field,Mapping Skills,2
SCIU3FB,Practical Field Biology,Martina Quaggiotto,2,3,field,Sampling: In-situ Monitoring,2
SCIU3FB,Practical Field Biology,Martina Quaggiotto,2,3,field,Sampling: Physical Collection,2
SCIU3FB,Practical Field Biology,Martina Quaggiotto,2,3,field,Species Monitoring,2
SCIU3FB,Practical Field Biology,Martina Quaggiotto,2,3,lab,Accurate Result Reporting,0
SCIU3FB,Practical Field Biology,Martina Quaggiotto,2,3,lab,Air Quality Analysis,0
SCIU3FB,Practical Field Biology,Martina Quaggiotto,2,3,lab,Chemical Handling,0
SCIU3FB,Practical Field Biology,Martina Quaggiotto,2,3,lab,Developing and Implementing SOPs,0
SCIU3FB,Practical Field Biology,Martina Quaggiotto,2,3,lab,Good Laboratory Practices (GLP),0
SCIU3FB,Practical Field Biology,Martina Quaggiotto,2,3,lab,Maintaining Lab Notebooks,0
SCIU3FB,Practical Field Biology,Martina Quaggiotto,2,3,lab,Microscopy,0
SCIU3FB,Practical Field Biology,Martina Quaggiotto,2,3,lab,Operating Lab Equipment,0
SCIU3FB,Practical Field Biology,Martina Quaggiotto,2,3,lab,Physical Chemical Analysis,0
SCIU3FB,Practical Field Biology,Martina Quaggiotto,2,3,lab,Pipetting,0
SCIU3FB,Practical Field Biology,Martina Quaggiotto,2,3,lab,Risk Assessments,0
SCIU3FB,Practical Field Biology,Martina Quaggiotto,2,3,lab,Sample Preparation and Handling,0
SCIU3FB,Practical Field Biology,Martina Quaggiotto,2,3,lab,Soil Quality Assessment,0
SCIU3FB,Practical Field Biology,Martina Quaggiotto,2,3,lab,Water Quality Assessment,0
SCIU3FB,Practical Field Biology,Martina Quaggiotto,2,3,personal,Adaptability,1
SCIU3FB,Practical Field Biology,Martina Quaggiotto,2,3,personal,Verbal Communication,2
SCIU3FB,Practical Field Biology,Martina Quaggiotto,2,3,personal,Written Communication,2
SCIU3FB,Practical Field Biology,Martina Quaggiotto,2,3,personal,Conflict Resolution,0
SCIU3FB,Practical Field Biology,Martina Quaggiotto,2,3,personal,Critical Thinking,1
SCIU3FB,Practical Field Biology,Martina Quaggiotto,2,3,personal,Detail-Orientated Skills,2
SCIU3FB,Practical Field Biology,Martina Quaggiotto,2,3,personal,Innovation,1
SCIU3FB,Practical Field Biology,Martina Quaggiotto,2,3,personal,Integrated Problem-solving,0
SCIU3FB,Practical Field Biology,Martina Quaggiotto,2,3,personal,Interpersonal Skills,1
SCIU3FB,Practical Field Biology,Martina Quaggiotto,2,3,personal,Leadership,0
SCIU3FB,Practical Field Biology,Martina Quaggiotto,2,3,personal,Reliability,1
SCIU3FB,Practical Field Biology,Martina Quaggiotto,2,3,personal,Resourcefulness,1
SCIU3FB,Practical Field Biology,Martina Quaggiotto,2,3,personal,Self-awareness,0
SCIU3FB,Practical Field Biology,Martina Quaggiotto,2,3,personal,Self-motivation,1
SCIU3FB,Practical Field Biology,Martina Quaggiotto,2,3,personal,Teamwork & Collaboration,1
SCIU3FB,Practical Field Biology,Martina Quaggiotto,2,3,personal,Time Management,2
GEOU9EH,Environmental Hazards,Heather Price,3,6,computational,AI (generative) Competency,0
GEOU9EH,Environmental Hazards,Heather Price,3,6,computational,Computer Programming,0
GEOU9EH,Environmental Hazards,Heather Price,3,6,computational,Data Management,0
GEOU9EH,Environmental Hazards,Heather Price,3,6,computational,Effective Email Communication,0
GEOU9EH,Environmental Hazards,Heather Price,3,6,computational,Geographical Information Systems (GIS),0
GEOU9EH,Environmental Hazards,Heather Price,3,6,computational,Graphic Design,1
GEOU9EH,Environmental Hazards,Heather Price,3,6,computational,Modelling,0
GEOU9EH,Environmental Hazards,Heather Price,3,6,computational,Presentation Software,1
GEOU9EH,Environmental Hazards,Heather Price,3,6,computational,Remote Meeting/Collaborative Software,0
GEOU9EH,Environmental Hazards,Heather Price,3,6,computational,Remote Sensing (data collection and analysis),0
GEOU9EH,Environmental Hazards,Heather Price,3,6,computational,Social Media,0
GEOU9EH,Environmental Hazards,Heather Price,3,6,computational,Spreadsheet Creation and Management,0
GEOU9EH,Environmental Hazards,Heather Price,3,6,computational,Statistical Programmes,0
GEOU9EH,Environmental Hazards,Heather Price,3,6,computational,Word Processing,2
GEOU9EH,Environmental Hazards,Heather Price,3,6,field,Application of Remote Observations,0
GEOU9EH,Environmental Hazards,Heather Price,3,6,field,Conducting Transects,0
GEOU9EH,Environmental Hazards,Heather Price,3,6,field,Core Skills,0
GEOU9EH,Environmental Hazards,Heather Price,3,6,field,Drone Observations,0
GEOU9EH,Environmental Hazards,Heather Price,3,6,field,Environmental Impact Assessment,0
GEOU9EH,Environmental Hazards,Heather Price,3,6,field,GPS Usage,0
GEOU9EH,Environmental Hazards,Heather Price,3,6,field,Health and Safety Competency,0
GEOU9EH,Environmental Hazards,Heather Price,3,6,field,Mapping Skills,0
GEOU9EH,Environmental Hazards,Heather Price,3,6,field,Sampling: In-situ Monitoring,0
GEOU9EH,Environmental Hazards,Heather Price,3,6,field,Sampling: Physical Collection,0
GEOU9EH,Environmental Hazards,Heather Price,3,6,field,Species Monitoring,0
GEOU9EH,Environmental Hazards,Heather Price,3,6,lab,Accurate Result Reporting,0
GEOU9EH,Environmental Hazards,Heather Price,3,6,lab,Air Quality Analysis,0
GEOU9EH,Environmental Hazards,Heather Price,3,6,lab,Chemical Handling,0
GEOU9EH,Environmental Hazards,Heather Price,3,6,lab,Developing and Implementing SOPs,0
GEOU9EH,Environmental Hazards,Heather Price,3,6,lab,Good Laboratory Practices (GLP),0
GEOU9EH,Environmental Hazards,Heather Price,3,6,lab,Maintaining Lab Notebooks,0
GEOU9EH,Environmental Hazards,Heather Price,3,6,lab,Microscopy,0
GEOU9EH,Environmental Hazards,Heather Price,3,6,lab,Operating Lab Equipment,0
GEOU9EH,Environmental Hazards,Heather Price,3,6,lab,Physical Chemical Analysis,0
GEOU9EH,Environmental Hazards,Heather Price,3,6,lab,Pipetting,0
GEOU9EH,Environmental Hazards,Heather Price,3,6,lab,Risk Assessments,0
GEOU9EH,Environmental Hazards,Heather Price,3,6,lab,Sample Preparation and Handling,0
GEOU9EH,Environmental Hazards,Heather Price,3,6,lab,Soil Quality Assessment,0
GEOU9EH,Environmental Hazards,Heather Price,3,6,lab,Water Quality Assessment,0
GEOU9EH,Environmental Hazards,Heather Price,3,6,personal,Adaptability,2
GEOU9EH,Environmental Hazards,Heather Price,3,6,personal,Verbal Communication,3
GEOU9EH,Environmental Hazards,Heather Price,3,6,personal,Written Communication,3
GEOU9EH,Environmental Hazards,Heather Price,3,6,personal,Conflict Resolution,2
GEOU9EH,Environmental Hazards,Heather Price,3,6,personal,Critical Thinking,3
GEOU9EH,Environmental Hazards,Heather Price,3,6,personal,Detail-Orientated Skills,2
GEOU9EH,Environmental Hazards,Heather Price,3,6,personal,Innovation,2
GEOU9EH,Environmental Hazards,Heather Price,3,6,personal,Integrated Problem-solving,2
GEOU9EH,Environmental Hazards,Heather Price,3,6,personal,Interpersonal Skills,2
GEOU9EH,Environmental Hazards,Heather Price,3,6,personal,Leadership,2
GEOU9EH,Environmental Hazards,Heather Price,3,6,personal,Reliability,2
GEOU9EH,Environmental Hazards,Heather Price,3,6,personal,Resourcefulness,2
GEOU9EH,Environmental Hazards,Heather Price,3,6,personal,Self-awareness,2
GEOU9EH,Environmental Hazards,Heather Price,3,6,personal,Self-motivation,2
GEOU9EH,Environmental Hazards,Heather Price,3,6,personal,Teamwork & Collaboration,3
GEOU9EH,Environmental Hazards,Heather Price,3,6,personal,Time Management,2
ENMPG04,Environmental Policy,Heather Price,5,9,computational,AI (generative) Competency,0
ENMPG04,Environmental Policy,Heather Price,5,9,computational,Computer Programming,0
ENMPG04,Environmental Policy,Heather Price,5,9,computational,Data Management,0
ENMPG04,Environmental Policy,Heather Price,5,9,computational,Effective Email Communication,0
ENMPG04,Environmental Policy,Heather Price,5,9,computational,Geographical Information Systems (GIS),0
ENMPG04,Environmental Policy,Heather Price,5,9,computational,Graphic Design,2
ENMPG04,Environmental Policy,Heather Price,5,9,computational,Modelling,0
ENMPG04,Environmental Policy,Heather Price,5,9,computational,Presentation Software,2
ENMPG04,Environmental Policy,Heather Price,5,9,computational,Remote Meeting/Collaborative Software,0
ENMPG04,Environmental Policy,Heather Price,5,9,computational,Remote Sensing (data collection and analysis),0
ENMPG04,Environmental Policy,Heather Price,5,9,computational,Social Media,0
ENMPG04,Environmental Policy,Heather Price,5,9,computational,Spreadsheet Creation and Management,0
ENMPG04,Environmental Policy,Heather Price,5,9,computational,Statistical Programmes,0
ENMPG04,Environmental Policy,Heather Price,5,9,computational,Word Processing,3
ENMPG04,Environmental Policy,Heather Price,5,9,field,Application of Remote Observations,0
ENMPG04,Environmental Policy,Heather Price,5,9,field,Conducting Transects,0
ENMPG04,Environmental Policy,Heather Price,5,9,field,Core Skills,0
ENMPG04,Environmental Policy,Heather Price,5,9,field,Drone Observations,0
ENMPG04,Environmental Policy,Heather Price,5,9,field,Environmental Impact Assessment,0
ENMPG04,Environmental Policy,Heather Price,5,9,field,GPS Usage,0
ENMPG04,Environmental Policy,Heather Price,5,9,field,Health and Safety Competency,0
ENMPG04,Environmental Policy,Heather Price,5,9,field,Mapping Skills,0
ENMPG04,Environmental Policy,Heather Price,5,9,field,Sampling: In-situ Monitoring,0
ENMPG04,Environmental Policy,Heather Price,5,9,field,Sampling: Physical Collection,0
ENMPG04,Environmental Policy,Heather Price,5,9,field,Species Monitoring,0
ENMPG04,Environmental Policy,Heather Price,5,9,lab,Accurate Result Reporting,0
ENMPG04,Environmental Policy,Heather Price,5,9,lab,Air Quality Analysis,0
ENMPG04,Environmental Policy,Heather Price,5,9,lab,Chemical Handling,0
ENMPG04,Environmental Policy,Heather Price,5,9,lab,Developing and Implementing SOPs,0
ENMPG04,Environmental Policy,Heather Price,5,9,lab,Good Laboratory Practices (GLP),0
ENMPG04,Environmental Policy,Heather Price,5,9,lab,Maintaining Lab Notebooks,0
ENMPG04,Environmental Policy,Heather Price,5,9,lab,Microscopy,0
ENMPG04,Environmental Policy,Heather Price,5,9,lab,Operating Lab Equipment,0
ENMPG04,Environmental Policy,Heather Price,5,9,lab,Physical Chemical Analysis,0
ENMPG04,Environmental Policy,Heather Price,5,9,lab,Pipetting,0
ENMPG04,Environmental Policy,Heather Price,5,9,lab,Risk Assessments,0
ENMPG04,Environmental Policy,Heather Price,5,9,lab,Sample Preparation and Handling,0
ENMPG04,Environmental Policy,Heather Price,5,9,lab,Soil Quality Assessment,0
ENMPG04,Environmental Policy,Heather Price,5,9,lab,Water Quality Assessment,0
ENMPG04,Environmental Policy,Heather Price,5,9,personal,Adaptability,2
ENMPG04,Environmental Policy,Heather Price,5,9,personal,Verbal Communication,3
ENMPG04,Environmental Policy,Heather Price,5,9,personal,Written Communication,3
ENMPG04,Environmental Policy,Heather Price,5,9,personal,Conflict Resolution,2
ENMPG04,Environmental Policy,Heather Price,5,9,personal,Critical Thinking,3
ENMPG04,Environmental Policy,Heather Price,5,9,personal,Detail-Orientated Skills,2
ENMPG04,Environmental Policy,Heather Price,5,9,personal,Innovation,2
ENMPG04,Environmental Policy,Heather Price,5,9,personal,Integrated Problem-solving,2
ENMPG04,Environmental Policy,Heather Price,5,9,personal,Interpersonal Skills,3
ENMPG04,Environmental Policy,Heather Price,5,9,personal,Leadership,2
ENMPG04,Environmental Policy,Heather Price,5,9,personal,Reliability,2
ENMPG04,Environmental Policy,Heather Price,5,9,personal,Resourcefulness,2
ENMPG04,Environmental Policy,Heather Price,5,9,personal,Self-awareness,2
ENMPG04,Environmental Policy,Heather Price,5,9,personal,Self-motivation,2
ENMPG04,Environmental Policy,Heather Price,5,9,personal,Teamwork & Collaboration,3
ENMPG04,Environmental Policy,Heather Price,5,9,personal,Time Management,2
BIOU9BC,Biodiversity Conservation and Management,Martina Quaggiotto,3,6,computational,AI (generative) Competency,3
BIOU9BC,Biodiversity Conservation and Management,Martina Quaggiotto,3,6,computational,Computer Programming,0
BIOU9BC,Biodiversity Conservation and Management,Martina Quaggiotto,3,6,computational,Data Management,0
BIOU9BC,Biodiversity Conservation and Management,Martina Quaggiotto,3,6,computational,Effective Email Communication,0
BIOU9BC,Biodiversity Conservation and Management,Martina Quaggiotto,3,6,computational,Geographical Information Systems (GIS),0
BIOU9BC,Biodiversity Conservation and Management,Martina Quaggiotto,3,6,computational,Graphic Design,3
BIOU9BC,Biodiversity Conservation and Management,Martina Quaggiotto,3,6,computational,Modelling,0
BIOU9BC,Biodiversity Conservation and Management,Martina Quaggiotto,3,6,computational,Presentation Software,3
BIOU9BC,Biodiversity Conservation and Management,Martina Quaggiotto,3,6,computational,Remote Meeting/Collaborative Software,0
BIOU9BC,Biodiversity Conservation and Management,Martina Quaggiotto,3,6,computational,Remote Sensing (data collection and analysis),0
BIOU9BC,Biodiversity Conservation and Management,Martina Quaggiotto,3,6,computational,Social Media,3
BIOU9BC,Biodiversity Conservation and Management,Martina Quaggiotto,3,6,computational,Spreadsheet Creation and Management,0
BIOU9BC,Biodiversity Conservation and Management,Martina Quaggiotto,3,6,computational,Statistical Programmes,0
BIOU9BC,Biodiversity Conservation and Management,Martina Quaggiotto,3,6,computational,Word Processing,3
BIOU9BC,Biodiversity Conservation and Management,Martina Quaggiotto,3,6,field,Application of Remote Observations,0
BIOU9BC,Biodiversity Conservation and Management,Martina Quaggiotto,3,6,field,Conducting Transects,0
BIOU9BC,Biodiversity Conservation and Management,Martina Quaggiotto,3,6,field,Core Skills,0
BIOU9BC,Biodiversity Conservation and Management,Martina Quaggiotto,3,6,field,Drone Observations,0
BIOU9BC,Biodiversity Conservation and Management,Martina Quaggiotto,3,6,field,Environmental Impact Assessment,0
BIOU9BC,Biodiversity Conservation and Management,Martina Quaggiotto,3,6,field,GPS Usage,0
BIOU9BC,Biodiversity Conservation and Management,Martina Quaggiotto,3,6,field,Health and Safety Competency,0
BIOU9BC,Biodiversity Conservation and Management,Martina Quaggiotto,3,6,field,Mapping Skills,0
BIOU9BC,Biodiversity Conservation and Management,Martina Quaggiotto,3,6,field,Sampling: In-situ Monitoring,0
BIOU9BC,Biodiversity Conservation and Management,Martina Quaggiotto,3,6,field,Sampling: Physical Collection,0
BIOU9BC,Biodiversity Conservation and Management,Martina Quaggiotto,3,6,field,Species Monitoring,0
BIOU9BC,Biodiversity Conservation and Management,Martina Quaggiotto,3,6,lab,Accurate Result Reporting,0
BIOU9BC,Biodiversity Conservation and Management,Martina Quaggiotto,3,6,lab,Air Quality Analysis,0
BIOU9BC,Biodiversity Conservation and Management,Martina Quaggiotto,3,6,lab,Chemical Handling,0
BIOU9BC,Biodiversity Conservation and Management,Martina Quaggiotto,3,6,lab,Developing and Implementing SOPs,0
BIOU9BC,Biodiversity Conservation and Management,Martina Quaggiotto,3,6,lab,Good Laboratory Practices (GLP),0
BIOU9BC,Biodiversity Conservation and Management,Martina Quaggiotto,3,6,lab,Maintaining Lab Notebooks,0
BIOU9BC,Biodiversity Conservation and Management,Martina Quaggiotto,3,6,lab,Microscopy,0
BIOU9BC,Biodiversity Conservation and Management,Martina Quaggiotto,3,6,lab,Operating Lab Equipment,0
BIOU9BC,Biodiversity Conservation and Management,Martina Quaggiotto,3,6,lab,Physical Chemical Analysis,0
BIOU9BC,Biodiversity Conservation and Management,Martina Quaggiotto,3,6,lab,Pipetting,0
BIOU9BC,Biodiversity Conservation and Management,Martina Quaggiotto,3,6,lab,Risk Assessments,0
BIOU9BC,Biodiversity Conservation and Management,Martina Quaggiotto,3,6,lab,Sample Preparation and Handling,0
BIOU9BC,Biodiversity Conservation and Management,Martina Quaggiotto,3,6,lab,Soil Quality Assessment,0
BIOU9BC,Biodiversity Conservation and Management,Martina Quaggiotto,3,6,lab,Water Quality Assessment,0
BIOU9BC,Biodiversity Conservation and Management,Martina Quaggiotto,3,6,personal,Adaptability,3
BIOU9BC,Biodiversity Conservation and Management,Martina Quaggiotto,3,6,personal,Verbal Communication,3
BIOU9BC,Biodiversity Conservation and Management,Martina Quaggiotto,3,6,personal,Written Communication,3
BIOU9BC,Biodiversity Conservation and Management,Martina Quaggiotto,3,6,personal,Conflict Resolution,3
BIOU9BC,Biodiversity Conservation and Management,Martina Quaggiotto,3,6,personal,Critical Thinking,3
BIOU9BC,Biodiversity Conservation and Management,Martina Quaggiotto,3,6,personal,Detail-Orientated Skills,3
BIOU9BC,Biodiversity Conservation and Management,Martina Quaggiotto,3,6,personal,Innovation,3
BIOU9BC,Biodiversity Conservation and Management,Martina Quaggiotto,3,6,personal,Integrated Problem-solving,3
BIOU9BC,Biodiversity Conservation and Management,Martina Quaggiotto,3,6,personal,Interpersonal Skills,3
BIOU9BC,Biodiversity Conservation and Management,Martina Quaggiotto,3,6,personal,Leadership,3
BIOU9BC,Biodiversity Conservation and Management,Martina Quaggiotto,3,6,personal,Reliability,3
BIOU9BC,Biodiversity Conservation and Management,Martina Quaggiotto,3,6,personal,Resourcefulness,3
BIOU9BC,Biodiversity Conservation and Management,Martina Quaggiotto,3,6,personal,Self-awareness,3
BIOU9BC,Biodiversity Conservation and Management,Martina Quaggiotto,3,6,personal,Self-motivation,3
BIOU9BC,Biodiversity Conservation and Management,Martina Quaggiotto,3,6,personal,Teamwork & Collaboration,3
BIOU9BC,Biodiversity Conservation and Management,Martina Quaggiotto,3,6,personal,Time Management,3
GEOU9GL,Glaciers & Landscape,Tom Bradwell,3,5,computational,AI (generative) Competency,1
GEOU9GL,Glaciers & Landscape,Tom Bradwell,3,5,computational,Computer Programming,0
GEOU9GL,Glaciers & Landscape,Tom Bradwell,3,5,computational,Data Management,1
GEOU9GL,Glaciers & Landscape,Tom Bradwell,3,5,computational,Effective Email Communication,1
GEOU9GL,Glaciers & Landscape,Tom Bradwell,3,5,computational,Geographical Information Systems (GIS),1
GEOU9GL,Glaciers & Landscape,Tom Bradwell,3,5,computational,Graphic Design,1
GEOU9GL,Glaciers & Landscape,Tom Bradwell,3,5,computational,Modelling,1
GEOU9GL,Glaciers & Landscape,Tom Bradwell,3,5,computational,Presentation Software,1
GEOU9GL,Glaciers & Landscape,Tom Bradwell,3,5,computational,Remote Meeting/Collaborative Software,0
GEOU9GL,Glaciers & Landscape,Tom Bradwell,3,5,computational,Remote Sensing (data collection and analysis),0
GEOU9GL,Glaciers & Landscape,Tom Bradwell,3,5,computational,Social Media,0
GEOU9GL,Glaciers & Landscape,Tom Bradwell,3,5,computational,Spreadsheet Creation and Management,3
GEOU9GL,Glaciers & Landscape,Tom Bradwell,3,5,computational,Statistical Programmes,3
GEOU9GL,Glaciers & Landscape,Tom Bradwell,3,5,computational,Word Processing,2
GEOU9GL,Glaciers & Landscape,Tom Bradwell,3,5,field,Application of Remote Observations,0
GEOU9GL,Glaciers & Landscape,Tom Bradwell,3,5,field,Conducting Transects,0
GEOU9GL,Glaciers & Landscape,Tom Bradwell,3,5,field,Core Skills,2
GEOU9GL,Glaciers & Landscape,Tom Bradwell,3,5,field,Drone Observations,0
GEOU9GL,Glaciers & Landscape,Tom Bradwell,3,5,field,Environmental Impact Assessment,0
GEOU9GL,Glaciers & Landscape,Tom Bradwell,3,5,field,GPS Usage,1
GEOU9GL,Glaciers & Landscape,Tom Bradwell,3,5,field,Health and Safety Competency,1
GEOU9GL,Glaciers & Landscape,Tom Bradwell,3,5,field,Mapping Skills,2
GEOU9GL,Glaciers & Landscape,Tom Bradwell,3,5,field,Sampling: In-situ Monitoring,2
GEOU9GL,Glaciers & Landscape,Tom Bradwell,3,5,field,Sampling: Physical Collection,0
GEOU9GL,Glaciers & Landscape,Tom Bradwell,3,5,field,Species Monitoring,0
GEOU9GL,Glaciers & Landscape,Tom Bradwell,3,5,lab,Accurate Result Reporting,0
GEOU9GL,Glaciers & Landscape,Tom Bradwell,3,5,lab,Air Quality Analysis,0
GEOU9GL,Glaciers & Landscape,Tom Bradwell,3,5,lab,Chemical Handling,0
GEOU9GL,Glaciers & Landscape,Tom Bradwell,3,5,lab,Developing and Implementing SOPs,0
GEOU9GL,Glaciers & Landscape,Tom Bradwell,3,5,lab,Good Laboratory Practices (GLP),0
GEOU9GL,Glaciers & Landscape,Tom Bradwell,3,5,lab,Maintaining Lab Notebooks,0
GEOU9GL,Glaciers & Landscape,Tom Bradwell,3,5,lab,Microscopy,0
GEOU9GL,Glaciers & Landscape,Tom Bradwell,3,5,lab,Operating Lab Equipment,0
GEOU9GL,Glaciers & Landscape,Tom Bradwell,3,5,lab,Physical Chemical Analysis,0
GEOU9GL,Glaciers & Landscape,Tom Bradwell,3,5,lab,Pipetting,0
GEOU9GL,Glaciers & Landscape,Tom Bradwell,3,5,lab,Risk Assessments,0
GEOU9GL,Glaciers & Landscape,Tom Bradwell,3,5,lab,Sample Preparation and Handling,0
GEOU9GL,Glaciers & Landscape,Tom Bradwell,3,5,lab,Soil Quality Assessment,0
GEOU9GL,Glaciers & Landscape,Tom Bradwell,3,5,lab,Water Quality Assessment,0
GEOU9GL,Glaciers & Landscape,Tom Bradwell,3,5,personal,Adaptability,2
GEOU9GL,Glaciers & Landscape,Tom Bradwell,3,5,personal,Verbal Communication,2
GEOU9GL,Glaciers & Landscape,Tom Bradwell,3,5,personal,Written Communication,3
GEOU9GL,Glaciers & Landscape,Tom Bradwell,3,5,personal,Conflict Resolution,2
GEOU9GL,Glaciers & Landscape,Tom Bradwell,3,5,personal,Critical Thinking,3
GEOU9GL,Glaciers & Landscape,Tom Bradwell,3,5,personal,Detail-Orientated Skills,2
GEOU9GL,Glaciers & Landscape,Tom Bradwell,3,5,personal,Innovation,2
GEOU9GL,Glaciers & Landscape,Tom Bradwell,3,5,personal,Integrated Problem-solving,2
GEOU9GL,Glaciers & Landscape,Tom Bradwell,3,5,personal,Interpersonal Skills,2
GEOU9GL,Glaciers & Landscape,Tom Bradwell,3,5,personal,Leadership,2
GEOU9GL,Glaciers & Landscape,Tom Bradwell,3,5,personal,Reliability,2
GEOU9GL,Glaciers & Landscape,Tom Bradwell,3,5,personal,Resourcefulness,2
GEOU9GL,Glaciers & Landscape,Tom Bradwell,3,5,personal,Self-awareness,2
GEOU9GL,Glaciers & Landscape,Tom Bradwell,3,5,personal,Self-motivation,2
GEOU9GL,Glaciers & Landscape,Tom Bradwell,3,5,personal,Teamwork & Collaboration,2
GEOU9GL,Glaciers & Landscape,Tom Bradwell,3,5,personal,Time Management,2
ENVU6EA,Methods and Applications in Environmental Sciences,Clare Wilson,3,6,computational,AI (generative) Competency,2
ENVU6EA,Methods and Applications in Environmental Sciences,Clare Wilson,3,6,computational,Computer Programming,1
ENVU6EA,Methods and Applications in Environmental Sciences,Clare Wilson,3,6,computational,Data Management,2
ENVU6EA,Methods and Applications in Environmental Sciences,Clare Wilson,3,6,computational,Effective Email Communication,0
ENVU6EA,Methods and Applications in Environmental Sciences,Clare Wilson,3,6,computational,Geographical Information Systems (GIS),0
ENVU6EA,Methods and Applications in Environmental Sciences,Clare Wilson,3,6,computational,Graphic Design,1
ENVU6EA,Methods and Applications in Environmental Sciences,Clare Wilson,3,6,computational,Modelling,0
ENVU6EA,Methods and Applications in Environmental Sciences,Clare Wilson,3,6,computational,Presentation Software,2
ENVU6EA,Methods and Applications in Environmental Sciences,Clare Wilson,3,6,computational,Remote Meeting/Collaborative Software,3
ENVU6EA,Methods and Applications in Environmental Sciences,Clare Wilson,3,6,computational,Remote Sensing (data collection and analysis),0
ENVU6EA,Methods and Applications in Environmental Sciences,Clare Wilson,3,6,computational,Social Media,0
ENVU6EA,Methods and Applications in Environmental Sciences,Clare Wilson,3,6,computational,Spreadsheet Creation and Management,3
ENVU6EA,Methods and Applications in Environmental Sciences,Clare Wilson,3,6,computational,Statistical Programmes,3
ENVU6EA,Methods and Applications in Environmental Sciences,Clare Wilson,3,6,computational,Word Processing,3
ENVU6EA,Methods and Applications in Environmental Sciences,Clare Wilson,3,6,field,Application of Remote Observations,1
ENVU6EA,Methods and Applications in Environmental Sciences,Clare Wilson,3,6,field,Conducting Transects,0
ENVU6EA,Methods and Applications in Environmental Sciences,Clare Wilson,3,6,field,Core Skills,1
ENVU6EA,Methods and Applications in Environmental Sciences,Clare Wilson,3,6,field,Drone Observations,0
ENVU6EA,Methods and Applications in Environmental Sciences,Clare Wilson,3,6,field,Environmental Impact Assessment,0
ENVU6EA,Methods and Applications in Environmental Sciences,Clare Wilson,3,6,field,GPS Usage,1
ENVU6EA,Methods and Applications in Environmental Sciences,Clare Wilson,3,6,field,Health and Safety Competency,1
ENVU6EA,Methods and Applications in Environmental Sciences,Clare Wilson,3,6,field,Mapping Skills,1
ENVU6EA,Methods and Applications in Environmental Sciences,Clare Wilson,3,6,field,Sampling: In-situ Monitoring,2
ENVU6EA,Methods and Applications in Environmental Sciences,Clare Wilson,3,6,field,Sampling: Physical Collection,3
ENVU6EA,Methods and Applications in Environmental Sciences,Clare Wilson,3,6,field,Species Monitoring,0
ENVU6EA,Methods and Applications in Environmental Sciences,Clare Wilson,3,6,lab,Accurate Result Reporting,2
ENVU6EA,Methods and Applications in Environmental Sciences,Clare Wilson,3,6,lab,Air Quality Analysis,0
ENVU6EA,Methods and Applications in Environmental Sciences,Clare Wilson,3,6,lab,Chemical Handling,1
ENVU6EA,Methods and Applications in Environmental Sciences,Clare Wilson,3,6,lab,Developing and Implementing SOPs,3
ENVU6EA,Methods and Applications in Environmental Sciences,Clare Wilson,3,6,lab,Good Laboratory Practices (GLP),2
ENVU6EA,Methods and Applications in Environmental Sciences,Clare Wilson,3,6,lab,Maintaining Lab Notebooks,1
ENVU6EA,Methods and Applications in Environmental Sciences,Clare Wilson,3,6,lab,Microscopy,0
ENVU6EA,Methods and Applications in Environmental Sciences,Clare Wilson,3,6,lab,Operating Lab Equipment,3
ENVU6EA,Methods and Applications in Environmental Sciences,Clare Wilson,3,6,lab,Physical Chemical Analysis,3
ENVU6EA,Methods and Applications in Environmental Sciences,Clare Wilson,3,6,lab,Pipetting,2
ENVU6EA,Methods and Applications in Environmental Sciences,Clare Wilson,3,6,lab,Risk Assessments,2
ENVU6EA,Methods and Applications in Environmental Sciences,Clare Wilson,3,6,lab,Sample Preparation and Handling,2
ENVU6EA,Methods and Applications in Environmental Sciences,Clare Wilson,3,6,lab,Soil Quality Assessment,0
ENVU6EA,Methods and Applications in Environmental Sciences,Clare Wilson,3,6,lab,Water Quality Assessment,3
ENVU6EA,Methods and Applications in Environmental Sciences,Clare Wilson,3,6,personal,Adaptability,2
ENVU6EA,Methods and Applications in Environmental Sciences,Clare Wilson,3,6,personal,Verbal Communication,2
ENVU6EA,Methods and Applications in Environmental Sciences,Clare Wilson,3,6,personal,Written Communication,3
ENVU6EA,Methods and Applications in Environmental Sciences,Clare Wilson,3,6,personal,Conflict Resolution,2
ENVU6EA,Methods and Applications in Environmental Sciences,Clare Wilson,3,6,personal,Critical Thinking,3
ENVU6EA,Methods and Applications in Environmental Sciences,Clare Wilson,3,6,personal,Detail-Orientated Skills,2
ENVU6EA,Methods and Applications in Environmental Sciences,Clare Wilson,3,6,personal,Innovation,0
ENVU6EA,Methods and Applications in Environmental Sciences,Clare Wilson,3,6,personal,Integrated Problem-solving,3
ENVU6EA,Methods and Applications in Environmental Sciences,Clare Wilson,3,6,personal,Interpersonal Skills,2
ENVU6EA,Methods and Applications in Environmental Sciences,Clare Wilson,3,6,personal,Leadership,1
ENVU6EA,Methods and Applications in Environmental Sciences,Clare Wilson,3,6,personal,Reliability,3
ENVU6EA,Methods and Applications in Environmental Sciences,Clare Wilson,3,6,personal,Resourcefulness,2
ENVU6EA,Methods and Applications in Environmental Sciences,Clare Wilson,3,6,personal,Self-awareness,2
ENVU6EA,Methods and Applications in Environmental Sciences,Clare Wilson,3,6,personal,Self-motivation,2
ENVU6EA,Methods and Applications in Environmental Sciences,Clare Wilson,3,6,personal,Teamwork & Collaboration,2
ENVU6EA,Methods and Applications in Environmental Sciences,Clare Wilson,3,6,personal,Time Management,2
SCIU9PS,Dissertation module start,Armando Marino,4,7,computational,AI (generative) Competency,0
SCIU9PS,Dissertation module start,Armando Marino,4,7,computational,Computer Programming,0
SCIU9PS,Dissertation module start,Armando Marino,4,7,computational,Data Management,0
SCIU9PS,Dissertation module start,Armando Marino,4,7,computational,Effective Email Communication,3
SCIU9PS,Dissertation module start,Armando Marino,4,7,computational,Geographical Information Systems (GIS),0
SCIU9PS,Dissertation module start,Armando Marino,4,7,computational,Graphic Design,0
SCIU9PS,Dissertation module start,Armando Marino,4,7,computational,Modelling,0
SCIU9PS,Dissertation module start,Armando Marino,4,7,computational,Presentation Software,3
SCIU9PS,Dissertation module start,Armando Marino,4,7,computational,Remote Meeting/Collaborative Software,0
SCIU9PS,Dissertation module start,Armando Marino,4,7,computational,Remote Sensing (data collection and analysis),0
SCIU9PS,Dissertation module start,Armando Marino,4,7,computational,Social Media,0
SCIU9PS,Dissertation module start,Armando Marino,4,7,computational,Spreadsheet Creation and Management,3
SCIU9PS,Dissertation module start,Armando Marino,4,7,computational,Statistical Programmes,0
SCIU9PS,Dissertation module start,Armando Marino,4,7,computational,Word Processing,3
SCIU9PS,Dissertation module start,Armando Marino,4,7,field,Application of Remote Observations,0
SCIU9PS,Dissertation module start,Armando Marino,4,7,field,Conducting Transects,0
SCIU9PS,Dissertation module start,Armando Marino,4,7,field,Core Skills,3
SCIU9PS,Dissertation module start,Armando Marino,4,7,field,Drone Observations,0
SCIU9PS,Dissertation module start,Armando Marino,4,7,field,Environmental Impact Assessment,0
SCIU9PS,Dissertation module start,Armando Marino,4,7,field,GPS Usage,0
SCIU9PS,Dissertation module start,Armando Marino,4,7,field,Health and Safety Competency,3
SCIU9PS,Dissertation module start,Armando Marino,4,7,field,Mapping Skills,0
SCIU9PS,Dissertation module start,Armando Marino,4,7,field,Sampling: In-situ Monitoring,0
SCIU9PS,Dissertation module start,Armando Marino,4,7,field,Sampling: Physical Collection,0
SCIU9PS,Dissertation module start,Armando Marino,4,7,field,Species Monitoring,0
SCIU9PS,Dissertation module start,Armando Marino,4,7,lab,Accurate Result Reporting,3
SCIU9PS,Dissertation module start,Armando Marino,4,7,lab,Air Quality Analysis,0
SCIU9PS,Dissertation module start,Armando Marino,4,7,lab,Chemical Handling,0
SCIU9PS,Dissertation module start,Armando Marino,4,7,lab,Developing and Implementing SOPs,0
SCIU9PS,Dissertation module start,Armando Marino,4,7,lab,Good Laboratory Practices (GLP),0
SCIU9PS,Dissertation module start,Armando Marino,4,7,lab,Maintaining Lab Notebooks,3
SCIU9PS,Dissertation module start,Armando Marino,4,7,lab,Microscopy,0
SCIU9PS,Dissertation module start,Armando Marino,4,7,lab,Operating Lab Equipment,0
SCIU9PS,Dissertation module start,Armando Marino,4,7,lab,Physical Chemical Analysis,0
SCIU9PS,Dissertation module start,Armando Marino,4,7,lab,Pipetting,0
SCIU9PS,Dissertation module start,Armando Marino,4,7,lab,Risk Assessments,3
SCIU9PS,Dissertation module start,Armando Marino,4,7,lab,Sample Preparation and Handling,0
SCIU9PS,Dissertation module start,Armando Marino,4,7,lab,Soil Quality Assessment,0
SCIU9PS,Dissertation module start,Armando Marino,4,7,lab,Water Quality Assessment,0
SCIU9PS,Dissertation module start,Armando Marino,4,7,personal,Adaptability,3
SCIU9PS,Dissertation module start,Armando Marino,4,7,personal,Verbal Communication,3
SCIU9PS,Dissertation module start,Armando Marino,4,7,personal,Written Communication,3
SCIU9PS,Dissertation module start,Armando Marino,4,7,personal,Conflict Resolution,3
SCIU9PS,Dissertation module start,Armando Marino,4,7,personal,Critical Thinking,3
SCIU9PS,Dissertation module start,Armando Marino,4,7,personal,Detail-Orientated Skills,3
SCIU9PS,Dissertation module start,Armando Marino,4,7,personal,Innovation,3
SCIU9PS,Dissertation module start,Armando Marino,4,7,personal,Integrated Problem-solving,3
SCIU9PS,Dissertation module start,Armando Marino,4,7,personal,Interpersonal Skills,3
SCIU9PS,Dissertation module start,Armando Marino,4,7,personal,Leadership,3
SCIU9PS,Dissertation module start,Armando Marino,4,7,personal,Reliability,3
SCIU9PS,Dissertation module start,Armando Marino,4,7,personal,Resourcefulness,3
SCIU9PS,Dissertation module start,Armando Marino,4,7,personal,Self-awareness,3
SCIU9PS,Dissertation module start,Armando Marino,4,7,personal,Self-motivation,3
SCIU9PS,Dissertation module start,Armando Marino,4,7,personal,Teamwork & Collaboration,3
SCIU9PS,Dissertation module start,Armando Marino,4,7,personal,Time Management,3
SCIU9PR,Dissertation project,Armando Marino,4,8,computational,AI (generative) Competency,0
SCIU9PR,Dissertation project,Armando Marino,4,8,computational,Computer Programming,0
SCIU9PR,Dissertation project,Armando Marino,4,8,computational,Data Management,0
SCIU9PR,Dissertation project,Armando Marino,4,8,computational,Effective Email Communication,3
SCIU9PR,Dissertation project,Armando Marino,4,8,computational,Geographical Information Systems (GIS),0
SCIU9PR,Dissertation project,Armando Marino,4,8,computational,Graphic Design,0
SCIU9PR,Dissertation project,Armando Marino,4,8,computational,Modelling,0
SCIU9PR,Dissertation project,Armando Marino,4,8,computational,Presentation Software,3
SCIU9PR,Dissertation project,Armando Marino,4,8,computational,Remote Meeting/Collaborative Software,0
SCIU9PR,Dissertation project,Armando Marino,4,8,computational,Remote Sensing (data collection and analysis),0
SCIU9PR,Dissertation project,Armando Marino,4,8,computational,Social Media,0
SCIU9PR,Dissertation project,Armando Marino,4,8,computational,Spreadsheet Creation and Management,3
SCIU9PR,Dissertation project,Armando Marino,4,8,computational,Statistical Programmes,0
SCIU9PR,Dissertation project,Armando Marino,4,8,computational,Word Processing,3
SCIU9PR,Dissertation project,Armando Marino,4,8,field,Application of Remote Observations,0
SCIU9PR,Dissertation project,Armando Marino,4,8,field,Conducting Transects,0
SCIU9PR,Dissertation project,Armando Marino,4,8,field,Core Skills,3
SCIU9PR,Dissertation project,Armando Marino,4,8,field,Drone Observations,0
SCIU9PR,Dissertation project,Armando Marino,4,8,field,Environmental Impact Assessment,0
SCIU9PR,Dissertation project,Armando Marino,4,8,field,GPS Usage,0
SCIU9PR,Dissertation project,Armando Marino,4,8,field,Health and Safety Competency,3
SCIU9PR,Dissertation project,Armando Marino,4,8,field,Mapping Skills,0
SCIU9PR,Dissertation project,Armando Marino,4,8,field,Sampling: In-situ Monitoring,0
SCIU9PR,Dissertation project,Armando Marino,4,8,field,Sampling: Physical Collection,0
SCIU9PR,Dissertation project,Armando Marino,4,8,field,Species Monitoring,0
SCIU9PR,Dissertation project,Armando Marino,4,8,lab,Accurate Result Reporting,3
SCIU9PR,Dissertation project,Armando Marino,4,8,lab,Air Quality Analysis,0
SCIU9PR,Dissertation project,Armando Marino,4,8,lab,Chemical Handling,0
SCIU9PR,Dissertation project,Armando Marino,4,8,lab,Developing and Implementing SOPs,0
SCIU9PR,Dissertation project,Armando Marino,4,8,lab,Good Laboratory Practices (GLP),0
SCIU9PR,Dissertation project,Armando Marino,4,8,lab,Maintaining Lab Notebooks,3
SCIU9PR,Dissertation project,Armando Marino,4,8,lab,Microscopy,0
SCIU9PR,Dissertation project,Armando Marino,4,8,lab,Operating Lab Equipment,0
SCIU9PR,Dissertation project,Armando Marino,4,8,lab,Physical Chemical Analysis,0
SCIU9PR,Dissertation project,Armando Marino,4,8,lab,Pipetting,0
SCIU9PR,Dissertation project,Armando Marino,4,8,lab,Risk Assessments,3
SCIU9PR,Dissertation project,Armando Marino,4,8,lab,Sample Preparation and Handling,0
SCIU9PR,Dissertation project,Armando Marino,4,8,lab,Soil Quality Assessment,0
SCIU9PR,Dissertation project,Armando Marino,4,8,lab,Water Quality Assessment,0
SCIU9PR,Dissertation project,Armando Marino,4,8,personal,Adaptability,3
SCIU9PR,Dissertation project,Armando Marino,4,8,personal,Verbal Communication,3
SCIU9PR,Dissertation project,Armando Marino,4,8,personal,Written Communication,3
SCIU9PR,Dissertation project,Armando Marino,4,8,personal,Conflict Resolution,3
SCIU9PR,Dissertation project,Armando Marino,4,8,personal,Critical Thinking,3
SCIU9PR,Dissertation project,Armando Marino,4,8,personal,Detail-Orientated Skills,3
SCIU9PR,Dissertation project,Armando Marino,4,8,personal,Innovation,3
SCIU9PR,Dissertation project,Armando Marino,4,8,personal,Integrated Problem-solving,3
SCIU9PR,Dissertation project,Armando Marino,4,8,personal,Interpersonal Skills,3
SCIU9PR,Dissertation project,Armando Marino,4,8,personal,Leadership,3
SCIU9PR,Dissertation project,Armando Marino,4,8,personal,Reliability,3
SCIU9PR,Dissertation project,Armando Marino,4,8,personal,Resourcefulness,3
SCIU9PR,Dissertation project,Armando Marino,4,8,personal,Self-awareness,3
SCIU9PR,Dissertation project,Armando Marino,4,8,personal,Self-motivation,3
SCIU9PR,Dissertation project,Armando Marino,4,8,personal,Teamwork & Collaboration,3
SCIU9PR,Dissertation project,Armando Marino,4,8,personal,Time Management,3
EPLPPG2,Applications of Earth Observation,Armando Marino,5,10,computational,AI (generative) Competency,2
EPLPPG2,Applications of Earth Observation,Armando Marino,5,10,computational,Computer Programming,3
EPLPPG2,Applications of Earth Observation,Armando Marino,5,10,computational,Data Management,3
EPLPPG2,Applications of Earth Observation,Armando Marino,5,10,computational,Effective Email Communication,3
EPLPPG2,Applications of Earth Observation,Armando Marino,5,10,computational,Geographical Information Systems (GIS),3
EPLPPG2,Applications of Earth Observation,Armando Marino,5,10,computational,Graphic Design,2
EPLPPG2,Applications of Earth Observation,Armando Marino,5,10,computational,Modelling,2
EPLPPG2,Applications of Earth Observation,Armando Marino,5,10,computational,Presentation Software,2
EPLPPG2,Applications of Earth Observation,Armando Marino,5,10,computational,Remote Meeting/Collaborative Software,2
EPLPPG2,Applications of Earth Observation,Armando Marino,5,10,computational,Remote Sensing (data collection and analysis),3
EPLPPG2,Applications of Earth Observation,Armando Marino,5,10,computational,Social Media,0
EPLPPG2,Applications of Earth Observation,Armando Marino,5,10,computational,Spreadsheet Creation and Management,2
EPLPPG2,Applications of Earth Observation,Armando Marino,5,10,computational,Statistical Programmes,0
EPLPPG2,Applications of Earth Observation,Armando Marino,5,10,computational,Word Processing,2
EPLPPG2,Applications of Earth Observation,Armando Marino,5,10,field,Application of Remote Observations,3
EPLPPG2,Applications of Earth Observation,Armando Marino,5,10,field,Conducting Transects,1
EPLPPG2,Applications of Earth Observation,Armando Marino,5,10,field,Core Skills,2
EPLPPG2,Applications of Earth Observation,Armando Marino,5,10,field,Drone Observations,3
EPLPPG2,Applications of Earth Observation,Armando Marino,5,10,field,Environmental Impact Assessment,1
EPLPPG2,Applications of Earth Observation,Armando Marino,5,10,field,GPS Usage,1
EPLPPG2,Applications of Earth Observation,Armando Marino,5,10,field,Health and Safety Competency,1
EPLPPG2,Applications of Earth Observation,Armando Marino,5,10,field,Mapping Skills,3
EPLPPG2,Applications of Earth Observation,Armando Marino,5,10,field,Sampling: In-situ Monitoring,1
EPLPPG2,Applications of Earth Observation,Armando Marino,5,10,field,Sampling: Physical Collection,1
EPLPPG2,Applications of Earth Observation,Armando Marino,5,10,field,Species Monitoring,1
EPLPPG2,Applications of Earth Observation,Armando Marino,5,10,lab,Accurate Result Reporting,2
EPLPPG2,Applications of Earth Observation,Armando Marino,5,10,lab,Air Quality Analysis,0
EPLPPG2,Applications of Earth Observation,Armando Marino,5,10,lab,Chemical Handling,0
EPLPPG2,Applications of Earth Observation,Armando Marino,5,10,lab,Developing and Implementing SOPs,0
EPLPPG2,Applications of Earth Observation,Armando Marino,5,10,lab,Good Laboratory Practices (GLP),0
EPLPPG2,Applications of Earth Observation,Armando Marino,5,10,lab,Maintaining Lab Notebooks,0
EPLPPG2,Applications of Earth Observation,Armando Marino,5,10,lab,Microscopy,0
EPLPPG2,Applications of Earth Observation,Armando Marino,5,10,lab,Operating Lab Equipment,0
EPLPPG2,Applications of Earth Observation,Armando Marino,5,10,lab,Physical Chemical Analysis,0
EPLPPG2,Applications of Earth Observation,Armando Marino,5,10,lab,Pipetting,0
EPLPPG2,Applications of Earth Observation,Armando Marino,5,10,lab,Risk Assessments,1
EPLPPG2,Applications of Earth Observation,Armando Marino,5,10,lab,Sample Preparation and Handling,0
EPLPPG2,Applications of Earth Observation,Armando Marino,5,10,lab,Soil Quality Assessment,0
EPLPPG2,Applications of Earth Observation,Armando Marino,5,10,lab,Water Quality Assessment,1
EPLPPG2,Applications of Earth Observation,Armando Marino,5,10,personal,Adaptability,2
EPLPPG2,Applications of Earth Observation,Armando Marino,5,10,personal,Verbal Communication,3
EPLPPG2,Applications of Earth Observation,Armando Marino,5,10,personal,Written Communication,3
EPLPPG2,Applications of Earth Observation,Armando Marino,5,10,personal,Conflict Resolution,3
EPLPPG2,Applications of Earth Observation,Armando Marino,5,10,personal,Critical Thinking,3
EPLPPG2,Applications of Earth Observation,Armando Marino,5,10,personal,Detail-Orientated Skills,3
EPLPPG2,Applications of Earth Observation,Armando Marino,5,10,personal,Innovation,3
EPLPPG2,Applications of Earth Observation,Armando Marino,5,10,personal,Integrated Problem-solving,3
EPLPPG2,Applications of Earth Observation,Armando Marino,5,10,personal,Interpersonal Skills,3
EPLPPG2,Applications of Earth Observation,Armando Marino,5,10,personal,Leadership,3
EPLPPG2,Applications of Earth Observation,Armando Marino,5,10,personal,Reliability,3
EPLPPG2,Applications of Earth Observation,Armando Marino,5,10,personal,Resourcefulness,3
EPLPPG2,Applications of Earth Observation,Armando Marino,5,10,personal,Self-awareness,3
EPLPPG2,Applications of Earth Observation,Armando Marino,5,10,personal,Self-motivation,3
EPLPPG2,Applications of Earth Observation,Armando Marino,5,10,personal,Teamwork & Collaboration,3
EPLPPG2,Applications of Earth Observation,Armando Marino,5,10,personal,Time Management,3
ENMPG23,Environmental Costs of Energy Production,Nigel Willby,5,10,computational,AI (generative) Competency,0
ENMPG23,Environmental Costs of Energy Production,Nigel Willby,5,10,computational,Computer Programming,0
ENMPG23,Environmental Costs of Energy Production,Nigel Willby,5,10,computational,Data Management,0
ENMPG23,Environmental Costs of Energy Production,Nigel Willby,5,10,computational,Effective Email Communication,0
ENMPG23,Environmental Costs of Energy Production,Nigel Willby,5,10,computational,Geographical Information Systems (GIS),0
ENMPG23,Environmental Costs of Energy Production,Nigel Willby,5,10,computational,Graphic Design,2
ENMPG23,Environmental Costs of Energy Production,Nigel Willby,5,10,computational,Modelling,0
ENMPG23,Environmental Costs of Energy Production,Nigel Willby,5,10,computational,Presentation Software,2
ENMPG23,Environmental Costs of Energy Production,Nigel Willby,5,10,computational,Remote Meeting/Collaborative Software,2
ENMPG23,Environmental Costs of Energy Production,Nigel Willby,5,10,computational,Remote Sensing (data collection and analysis),0
ENMPG23,Environmental Costs of Energy Production,Nigel Willby,5,10,computational,Social Media,0
ENMPG23,Environmental Costs of Energy Production,Nigel Willby,5,10,computational,Spreadsheet Creation and Management,0
ENMPG23,Environmental Costs of Energy Production,Nigel Willby,5,10,computational,Statistical Programmes,0
ENMPG23,Environmental Costs of Energy Production,Nigel Willby,5,10,computational,Word Processing,2
ENMPG23,Environmental Costs of Energy Production,Nigel Willby,5,10,field,Application of Remote Observations,0
ENMPG23,Environmental Costs of Energy Production,Nigel Willby,5,10,field,Conducting Transects,0
ENMPG23,Environmental Costs of Energy Production,Nigel Willby,5,10,field,Core Skills,0
ENMPG23,Environmental Costs of Energy Production,Nigel Willby,5,10,field,Drone Observations,0
ENMPG23,Environmental Costs of Energy Production,Nigel Willby,5,10,field,Environmental Impact Assessment,1
ENMPG23,Environmental Costs of Energy Production,Nigel Willby,5,10,field,GPS Usage,0
ENMPG23,Environmental Costs of Energy Production,Nigel Willby,5,10,field,Health and Safety Competency,0
ENMPG23,Environmental Costs of Energy Production,Nigel Willby,5,10,field,Mapping Skills,0
ENMPG23,Environmental Costs of Energy Production,Nigel Willby,5,10,field,Sampling: In-situ Monitoring,0
ENMPG23,Environmental Costs of Energy Production,Nigel Willby,5,10,field,Sampling: Physical Collection,0
ENMPG23,Environmental Costs of Energy Production,Nigel Willby,5,10,field,Species Monitoring,0
ENMPG23,Environmental Costs of Energy Production,Nigel Willby,5,10,lab,Accurate Result Reporting,0
ENMPG23,Environmental Costs of Energy Production,Nigel Willby,5,10,lab,Air Quality Analysis,1
ENMPG23,Environmental Costs of Energy Production,Nigel Willby,5,10,lab,Chemical Handling,0
ENMPG23,Environmental Costs of Energy Production,Nigel Willby,5,10,lab,Developing and Implementing SOPs,0
ENMPG23,Environmental Costs of Energy Production,Nigel Willby,5,10,lab,Good Laboratory Practices (GLP),0
ENMPG23,Environmental Costs of Energy Production,Nigel Willby,5,10,lab,Maintaining Lab Notebooks,0
ENMPG23,Environmental Costs of Energy Production,Nigel Willby,5,10,lab,Microscopy,0
ENMPG23,Environmental Costs of Energy Production,Nigel Willby,5,10,lab,Operating Lab Equipment,0
ENMPG23,Environmental Costs of Energy Production,Nigel Willby,5,10,lab,Physical Chemical Analysis,0
ENMPG23,Environmental Costs of Energy Production,Nigel Willby,5,10,lab,Pipetting,0
ENMPG23,Environmental Costs of Energy Production,Nigel Willby,5,10,lab,Risk Assessments,0
ENMPG23,Environmental Costs of Energy Production,Nigel Willby,5,10,lab,Sample Preparation and Handling,0
ENMPG23,Environmental Costs of Energy Production,Nigel Willby,5,10,lab,Soil Quality Assessment,0
ENMPG23,Environmental Costs of Energy Production,Nigel Willby,5,10,lab,Water Quality Assessment,0
ENMPG23,Environmental Costs of Energy Production,Nigel Willby,5,10,personal,Adaptability,2
ENMPG23,Environmental Costs of Energy Production,Nigel Willby,5,10,personal,Verbal Communication,3
ENMPG23,Environmental Costs of Energy Production,Nigel Willby,5,10,personal,Written Communication,3
ENMPG23,Environmental Costs of Energy Production,Nigel Willby,5,10,personal,Conflict Resolution,3
ENMPG23,Environmental Costs of Energy Production,Nigel Willby,5,10,personal,Critical Thinking,3
ENMPG23,Environmental Costs of Energy Production,Nigel Willby,5,10,personal,Detail-Orientated Skills,3
ENMPG23,Environmental Costs of Energy Production,Nigel Willby,5,10,personal,Innovation,2
ENMPG23,Environmental Costs of Energy Production,Nigel Willby,5,10,personal,Integrated Problem-solving,2
ENMPG23,Environmental Costs of Energy Production,Nigel Willby,5,10,personal,Interpersonal Skills,2
ENMPG23,Environmental Costs of Energy Production,Nigel Willby,5,10,personal,Leadership,2
ENMPG23,Environmental Costs of Energy Production,Nigel Willby,5,10,personal,Reliability,2
ENMPG23,Environmental Costs of Energy Production,Nigel Willby,5,10,personal,Resourcefulness,2
ENMPG23,Environmental Costs of Energy Production,Nigel Willby,5,10,personal,Self-awareness,2
ENMPG23,Environmental Costs of Energy Production,Nigel Willby,5,10,personal,Self-motivation,2
ENMPG23,Environmental Costs of Energy Production,Nigel Willby,5,10,personal,Teamwork & Collaboration,3
ENMPG23,Environmental Costs of Energy Production,Nigel Willby,5,10,personal,Time Management,3
GEOU1PP,People and the environment,Alan Law,1,1,computational,AI (generative) Competency,1
GEOU1PP,People and the environment,Alan Law,1,1,computational,Computer Programming,0
GEOU1PP,People and the environment,Alan Law,1,1,computational,Data Management,2
GEOU1PP,People and the environment,Alan Law,1,1,computational,Effective Email Communication,1
GEOU1PP,People and the environment,Alan Law,1,1,computational,Geographical Information Systems (GIS),0
GEOU1PP,People and the environment,Alan Law,1,1,computational,Graphic Design,0
GEOU1PP,People and the environment,Alan Law,1,1,computational,Modelling,0
GEOU1PP,People and the environment,Alan Law,1,1,computational,Presentation Software,0
GEOU1PP,People and the environment,Alan Law,1,1,computational,Remote Meeting/Collaborative Software,0
GEOU1PP,People and the environment,Alan Law,1,1,computational,Remote Sensing (data collection and analysis),0
GEOU1PP,People and the environment,Alan Law,1,1,computational,Social Media,0
GEOU1PP,People and the environment,Alan Law,1,1,computational,Spreadsheet Creation and Management,2
GEOU1PP,People and the environment,Alan Law,1,1,computational,Statistical Programmes,0
GEOU1PP,People and the environment,Alan Law,1,1,computational,Word Processing,2
GEOU1PP,People and the environment,Alan Law,1,1,field,Application of Remote Observations,0
GEOU1PP,People and the environment,Alan Law,1,1,field,Conducting Transects,0
GEOU1PP,People and the environment,Alan Law,1,1,field,Core Skills,0
GEOU1PP,People and the environment,Alan Law,1,1,field,Drone Observations,0
GEOU1PP,People and the environment,Alan Law,1,1,field,Environmental Impact Assessment,0
GEOU1PP,People and the environment,Alan Law,1,1,field,GPS Usage,0
GEOU1PP,People and the environment,Alan Law,1,1,field,Health and Safety Competency,0
GEOU1PP,People and the environment,Alan Law,1,1,field,Mapping Skills,0
GEOU1PP,People and the environment,Alan Law,1,1,field,Sampling: In-situ Monitoring,0
GEOU1PP,People and the environment,Alan Law,1,1,field,Sampling: Physical Collection,0
GEOU1PP,People and the environment,Alan Law,1,1,field,Species Monitoring,0
GEOU1PP,People and the environment,Alan Law,1,1,lab,Accurate Result Reporting,0
GEOU1PP,People and the environment,Alan Law,1,1,lab,Air Quality Analysis,0
GEOU1PP,People and the environment,Alan Law,1,1,lab,Chemical Handling,0
GEOU1PP,People and the environment,Alan Law,1,1,lab,Developing and Implementing SOPs,0
GEOU1PP,People and the environment,Alan Law,1,1,lab,Good Laboratory Practices (GLP),0
GEOU1PP,People and the environment,Alan Law,1,1,lab,Maintaining Lab Notebooks,0
GEOU1PP,People and the environment,Alan Law,1,1,lab,Microscopy,0
GEOU1PP,People and the environment,Alan Law,1,1,lab,Operating Lab Equipment,0
GEOU1PP,People and the environment,Alan Law,1,1,lab,Physical Chemical Analysis,0
GEOU1PP,People and the environment,Alan Law,1,1,lab,Pipetting,0
GEOU1PP,People and the environment,Alan Law,1,1,lab,Risk Assessments,0
GEOU1PP,People and the environment,Alan Law,1,1,lab,Sample Preparation and Handling,0
GEOU1PP,People and the environment,Alan Law,1,1,lab,Soil Quality Assessment,0
GEOU1PP,People and the environment,Alan Law,1,1,lab,Water Quality Assessment,0
GEOU1PP,People and the environment,Alan Law,1,1,personal,Adaptability,2
GEOU1PP,People and the environment,Alan Law,1,1,personal,Verbal Communication,2
GEOU1PP,People and the environment,Alan Law,1,1,personal,Written Communication,1
GEOU1PP,People and the environment,Alan Law,1,1,personal,Conflict Resolution,2
GEOU1PP,People and the environment,Alan Law,1,1,personal,Critical Thinking,2
GEOU1PP,People and the environment,Alan Law,1,1,personal,Detail-Orientated Skills,2
GEOU1PP,People and the environment,Alan Law,1,1,personal,Innovation,0
GEOU1PP,People and the environment,Alan Law,1,1,personal,Integrated Problem-solving,1
GEOU1PP,People and the environment,Alan Law,1,1,personal,Interpersonal Skills,2
GEOU1PP,People and the environment,Alan Law,1,1,personal,Leadership,0
GEOU1PP,People and the environment,Alan Law,1,1,personal,Reliability,0
GEOU1PP,People and the environment,Alan Law,1,1,personal,Resourcefulness,1
GEOU1PP,People and the environment,Alan Law,1,1,personal,Self-awareness,1
GEOU1PP,People and the environment,Alan Law,1,1,personal,Self-motivation,1
GEOU1PP,People and the environment,Alan Law,1,1,personal,Teamwork & Collaboration,0
GEOU1PP,People and the environment,Alan Law,1,1,personal,Time Management,0
EOEU1OE,Navigation and mountain skills,Alan Law,1,1,computational,AI (generative) Competency,0
EOEU1OE,Navigation and mountain skills,Alan Law,1,1,computational,Computer Programming,0
EOEU1OE,Navigation and mountain skills,Alan Law,1,1,computational,Data Management,0
EOEU1OE,Navigation and mountain skills,Alan Law,1,1,computational,Effective Email Communication,0
EOEU1OE,Navigation and mountain skills,Alan Law,1,1,computational,Geographical Information Systems (GIS),0
EOEU1OE,Navigation and mountain skills,Alan Law,1,1,computational,Graphic Design,1
EOEU1OE,Navigation and mountain skills,Alan Law,1,1,computational,Modelling,0
EOEU1OE,Navigation and mountain skills,Alan Law,1,1,computational,Presentation Software,2
EOEU1OE,Navigation and mountain skills,Alan Law,1,1,computational,Remote Meeting/Collaborative Software,0
EOEU1OE,Navigation and mountain skills,Alan Law,1,1,computational,Remote Sensing (data collection and analysis),0
EOEU1OE,Navigation and mountain skills,Alan Law,1,1,computational,Social Media,0
EOEU1OE,Navigation and mountain skills,Alan Law,1,1,computational,Spreadsheet Creation and Management,0
EOEU1OE,Navigation and mountain skills,Alan Law,1,1,computational,Statistical Programmes,0
EOEU1OE,Navigation and mountain skills,Alan Law,1,1,computational,Word Processing,2
EOEU1OE,Navigation and mountain skills,Alan Law,1,1,field,Application of Remote Observations,0
EOEU1OE,Navigation and mountain skills,Alan Law,1,1,field,Conducting Transects,0
EOEU1OE,Navigation and mountain skills,Alan Law,1,1,field,Core Skills,3
EOEU1OE,Navigation and mountain skills,Alan Law,1,1,field,Drone Observations,0
EOEU1OE,Navigation and mountain skills,Alan Law,1,1,field,Environmental Impact Assessment,0
EOEU1OE,Navigation and mountain skills,Alan Law,1,1,field,GPS Usage,2
EOEU1OE,Navigation and mountain skills,Alan Law,1,1,field,Health and Safety Competency,2
EOEU1OE,Navigation and mountain skills,Alan Law,1,1,field,Mapping Skills,3
EOEU1OE,Navigation and mountain skills,Alan Law,1,1,field,Sampling: In-situ Monitoring,0
EOEU1OE,Navigation and mountain skills,Alan Law,1,1,field,Sampling: Physical Collection,0
EOEU1OE,Navigation and mountain skills,Alan Law,1,1,field,Species Monitoring,0
EOEU1OE,Navigation and mountain skills,Alan Law,1,1,lab,Accurate Result Reporting,0
EOEU1OE,Navigation and mountain skills,Alan Law,1,1,lab,Air Quality Analysis,0
EOEU1OE,Navigation and mountain skills,Alan Law,1,1,lab,Chemical Handling,0
EOEU1OE,Navigation and mountain skills,Alan Law,1,1,lab,Developing and Implementing SOPs,0
EOEU1OE,Navigation and mountain skills,Alan Law,1,1,lab,Good Laboratory Practices (GLP),0
EOEU1OE,Navigation and mountain skills,Alan Law,1,1,lab,Maintaining Lab Notebooks,0
EOEU1OE,Navigation and mountain skills,Alan Law,1,1,lab,Microscopy,0
EOEU1OE,Navigation and mountain skills,Alan Law,1,1,lab,Operating Lab Equipment,0
EOEU1OE,Navigation and mountain skills,Alan Law,1,1,lab,Physical Chemical Analysis,0
EOEU1OE,Navigation and mountain skills,Alan Law,1,1,lab,Pipetting,0
EOEU1OE,Navigation and mountain skills,Alan Law,1,1,lab,Risk Assessments,2
EOEU1OE,Navigation and mountain skills,Alan Law,1,1,lab,Sample Preparation and Handling,0
EOEU1OE,Navigation and mountain skills,Alan Law,1,1,lab,Soil Quality Assessment,0
EOEU1OE,Navigation and mountain skills,Alan Law,1,1,lab,Water Quality Assessment,0
EOEU1OE,Navigation and mountain skills,Alan Law,1,1,personal,Adaptability,1
EOEU1OE,Navigation and mountain skills,Alan Law,1,1,personal,Verbal Communication,1
EOEU1OE,Navigation and mountain skills,Alan Law,1,1,personal,Written Communication,2
EOEU1OE,Navigation and mountain skills,Alan Law,1,1,personal,Conflict Resolution,0
EOEU1OE,Navigation and mountain skills,Alan Law,1,1,personal,Critical Thinking,2
EOEU1OE,Navigation and mountain skills,Alan Law,1,1,personal,Detail-Orientated Skills,2
EOEU1OE,Navigation and mountain skills,Alan Law,1,1,personal,Innovation,0
EOEU1OE,Navigation and mountain skills,Alan Law,1,1,personal,Integrated Problem-solving,1
EOEU1OE,Navigation and mountain skills,Alan Law,1,1,personal,Interpersonal Skills,2
EOEU1OE,Navigation and mountain skills,Alan Law,1,1,personal,Leadership,2
EOEU1OE,Navigation and mountain skills,Alan Law,1,1,personal,Reliability,2
EOEU1OE,Navigation and mountain skills,Alan Law,1,1,personal,Resourcefulness,2
EOEU1OE,Navigation and mountain skills,Alan Law,1,1,personal,Self-awareness,1
EOEU1OE,Navigation and mountain skills,Alan Law,1,1,personal,Self-motivation,2
EOEU1OE,Navigation and mountain skills,Alan Law,1,1,personal,Teamwork & Collaboration,2
EOEU1OE,Navigation and mountain skills,Alan Law,1,1,personal,Time Management,2
EOEU3OE,Outdoor leader training,Alan Law,2,3,computational,AI (generative) Competency,0
EOEU3OE,Outdoor leader training,Alan Law,2,3,computational,Computer Programming,0
EOEU3OE,Outdoor leader training,Alan Law,2,3,computational,Data Management,0
EOEU3OE,Outdoor leader training,Alan Law,2,3,computational,Effective Email Communication,0
EOEU3OE,Outdoor leader training,Alan Law,2,3,computational,Geographical Information Systems (GIS),0
EOEU3OE,Outdoor leader training,Alan Law,2,3,computational,Graphic Design,0
EOEU3OE,Outdoor leader training,Alan Law,2,3,computational,Modelling,0
EOEU3OE,Outdoor leader training,Alan Law,2,3,computational,Presentation Software,0
EOEU3OE,Outdoor leader training,Alan Law,2,3,computational,Remote Meeting/Collaborative Software,0
EOEU3OE,Outdoor leader training,Alan Law,2,3,computational,Remote Sensing (data collection and analysis),0
EOEU3OE,Outdoor leader training,Alan Law,2,3,computational,Social Media,0
EOEU3OE,Outdoor leader training,Alan Law,2,3,computational,Spreadsheet Creation and Management,0
EOEU3OE,Outdoor leader training,Alan Law,2,3,computational,Statistical Programmes,0
EOEU3OE,Outdoor leader training,Alan Law,2,3,computational,Word Processing,0
EOEU3OE,Outdoor leader training,Alan Law,2,3,field,Application of Remote Observations,0
EOEU3OE,Outdoor leader training,Alan Law,2,3,field,Conducting Transects,0
EOEU3OE,Outdoor leader training,Alan Law,2,3,field,Core Skills,3
EOEU3OE,Outdoor leader training,Alan Law,2,3,field,Drone Observations,0
EOEU3OE,Outdoor leader training,Alan Law,2,3,field,Environmental Impact Assessment,0
EOEU3OE,Outdoor leader training,Alan Law,2,3,field,GPS Usage,3
EOEU3OE,Outdoor leader training,Alan Law,2,3,field,Health and Safety Competency,2
EOEU3OE,Outdoor leader training,Alan Law,2,3,field,Mapping Skills,3
EOEU3OE,Outdoor leader training,Alan Law,2,3,field,Sampling: In-situ Monitoring,0
EOEU3OE,Outdoor leader training,Alan Law,2,3,field,Sampling: Physical Collection,0
EOEU3OE,Outdoor leader training,Alan Law,2,3,field,Species Monitoring,0
EOEU3OE,Outdoor leader training,Alan Law,2,3,lab,Accurate Result Reporting,0
EOEU3OE,Outdoor leader training,Alan Law,2,3,lab,Air Quality Analysis,0
EOEU3OE,Outdoor leader training,Alan Law,2,3,lab,Chemical Handling,0
EOEU3OE,Outdoor leader training,Alan Law,2,3,lab,Developing and Implementing SOPs,0
EOEU3OE,Outdoor leader training,Alan Law,2,3,lab,Good Laboratory Practices (GLP),0
EOEU3OE,Outdoor leader training,Alan Law,2,3,lab,Maintaining Lab Notebooks,0
EOEU3OE,Outdoor leader training,Alan Law,2,3,lab,Microscopy,0
EOEU3OE,Outdoor leader training,Alan Law,2,3,lab,Operating Lab Equipment,0
EOEU3OE,Outdoor leader training,Alan Law,2,3,lab,Physical Chemical Analysis,0
EOEU3OE,Outdoor leader training,Alan Law,2,3,lab,Pipetting,0
EOEU3OE,Outdoor leader training,Alan Law,2,3,lab,Risk Assessments,1
EOEU3OE,Outdoor leader training,Alan Law,2,3,lab,Sample Preparation and Handling,0
EOEU3OE,Outdoor leader training,Alan Law,2,3,lab,Soil Quality Assessment,0
EOEU3OE,Outdoor leader training,Alan Law,2,3,lab,Water Quality Assessment,0
EOEU3OE,Outdoor leader training,Alan Law,2,3,personal,Adaptability,2
EOEU3OE,Outdoor leader training,Alan Law,2,3,personal,Verbal Communication,2
EOEU3OE,Outdoor leader training,Alan Law,2,3,personal,Written Communication,0
EOEU3OE,Outdoor leader training,Alan Law,2,3,personal,Conflict Resolution,2
EOEU3OE,Outdoor leader training,Alan Law,2,3,personal,Critical Thinking,2
EOEU3OE,Outdoor leader training,Alan Law,2,3,personal,Detail-Orientated Skills,2
EOEU3OE,Outdoor leader training,Alan Law,2,3,personal,Innovation,1
EOEU3OE,Outdoor leader training,Alan Law,2,3,personal,Integrated Problem-solving,2
EOEU3OE,Outdoor leader training,Alan Law,2,3,personal,Interpersonal Skills,2
EOEU3OE,Outdoor leader training,Alan Law,2,3,personal,Leadership,3
EOEU3OE,Outdoor leader training,Alan Law,2,3,personal,Reliability,3
EOEU3OE,Outdoor leader training,Alan Law,2,3,personal,Resourcefulness,2
EOEU3OE,Outdoor leader training,Alan Law,2,3,personal,Self-awareness,2
EOEU3OE,Outdoor leader training,Alan Law,2,3,personal,Self-motivation,2
EOEU3OE,Outdoor leader training,Alan Law,2,3,personal,Teamwork & Collaboration,3
EOEU3OE,Outdoor leader training,Alan Law,2,3,personal,Time Management,2
EOEU6S6,Mountain leader training,Alan Law,3,6,computational,AI (generative) Competency,0
EOEU6S6,Mountain leader training,Alan Law,3,6,computational,Computer Programming,0
EOEU6S6,Mountain leader training,Alan Law,3,6,computational,Data Management,0
EOEU6S6,Mountain leader training,Alan Law,3,6,computational,Effective Email Communication,0
EOEU6S6,Mountain leader training,Alan Law,3,6,computational,Geographical Information Systems (GIS),0
EOEU6S6,Mountain leader training,Alan Law,3,6,computational,Graphic Design,0
EOEU6S6,Mountain leader training,Alan Law,3,6,computational,Modelling,0
EOEU6S6,Mountain leader training,Alan Law,3,6,computational,Presentation Software,0
EOEU6S6,Mountain leader training,Alan Law,3,6,computational,Remote Meeting/Collaborative Software,0
EOEU6S6,Mountain leader training,Alan Law,3,6,computational,Remote Sensing (data collection and analysis),0
EOEU6S6,Mountain leader training,Alan Law,3,6,computational,Social Media,0
EOEU6S6,Mountain leader training,Alan Law,3,6,computational,Spreadsheet Creation and Management,0
EOEU6S6,Mountain leader training,Alan Law,3,6,computational,Statistical Programmes,0
EOEU6S6,Mountain leader training,Alan Law,3,6,computational,Word Processing,0
EOEU6S6,Mountain leader training,Alan Law,3,6,field,Application of Remote Observations,0
EOEU6S6,Mountain leader training,Alan Law,3,6,field,Conducting Transects,0
EOEU6S6,Mountain leader training,Alan Law,3,6,field,Core Skills,3
EOEU6S6,Mountain leader training,Alan Law,3,6,field,Drone Observations,0
EOEU6S6,Mountain leader training,Alan Law,3,6,field,Environmental Impact Assessment,0
EOEU6S6,Mountain leader training,Alan Law,3,6,field,GPS Usage,3
EOEU6S6,Mountain leader training,Alan Law,3,6,field,Health and Safety Competency,3
EOEU6S6,Mountain leader training,Alan Law,3,6,field,Mapping Skills,3
EOEU6S6,Mountain leader training,Alan Law,3,6,field,Sampling: In-situ Monitoring,0
EOEU6S6,Mountain leader training,Alan Law,3,6,field,Sampling: Physical Collection,0
EOEU6S6,Mountain leader training,Alan Law,3,6,field,Species Monitoring,0
EOEU6S6,Mountain leader training,Alan Law,3,6,lab,Accurate Result Reporting,0
EOEU6S6,Mountain leader training,Alan Law,3,6,lab,Air Quality Analysis,0
EOEU6S6,Mountain leader training,Alan Law,3,6,lab,Chemical Handling,0
EOEU6S6,Mountain leader training,Alan Law,3,6,lab,Developing and Implementing SOPs,0
EOEU6S6,Mountain leader training,Alan Law,3,6,lab,Good Laboratory Practices (GLP),0
EOEU6S6,Mountain leader training,Alan Law,3,6,lab,Maintaining Lab Notebooks,0
EOEU6S6,Mountain leader training,Alan Law,3,6,lab,Microscopy,0
EOEU6S6,Mountain leader training,Alan Law,3,6,lab,Operating Lab Equipment,0
EOEU6S6,Mountain leader training,Alan Law,3,6,lab,Physical Chemical Analysis,0
EOEU6S6,Mountain leader training,Alan Law,3,6,lab,Pipetting,0
EOEU6S6,Mountain leader training,Alan Law,3,6,lab,Risk Assessments,2
EOEU6S6,Mountain leader training,Alan Law,3,6,lab,Sample Preparation and Handling,0
EOEU6S6,Mountain leader training,Alan Law,3,6,lab,Soil Quality Assessment,0
EOEU6S6,Mountain leader training,Alan Law,3,6,lab,Water Quality Assessment,0
EOEU6S6,Mountain leader training,Alan Law,3,6,personal,Adaptability,3
EOEU6S6,Mountain leader training,Alan Law,3,6,personal,Verbal Communication,2
EOEU6S6,Mountain leader training,Alan Law,3,6,personal,Written Communication,0
EOEU6S6,Mountain leader training,Alan Law,3,6,personal,Conflict Resolution,3
EOEU6S6,Mountain leader training,Alan Law,3,6,personal,Critical Thinking,3
EOEU6S6,Mountain leader training,Alan Law,3,6,personal,Detail-Orientated Skills,3
EOEU6S6,Mountain leader training,Alan Law,3,6,personal,Innovation,2
EOEU6S6,Mountain leader training,Alan Law,3,6,personal,Integrated Problem-solving,3
EOEU6S6,Mountain leader training,Alan Law,3,6,personal,Interpersonal Skills,3
EOEU6S6,Mountain leader training,Alan Law,3,6,personal,Leadership,3
EOEU6S6,Mountain leader training,Alan Law,3,6,personal,Reliability,3
EOEU6S6,Mountain leader training,Alan Law,3,6,personal,Resourcefulness,2
EOEU6S6,Mountain leader training,Alan Law,3,6,personal,Self-awareness,3
EOEU6S6,Mountain leader training,Alan Law,3,6,personal,Self-motivation,3
EOEU6S6,Mountain leader training,Alan Law,3,6,personal,Teamwork & Collaboration,3
EOEU6S6,Mountain leader training,Alan Law,3,6,personal,Time Management,3
EPLPPG3,Planetary Exploration,Prof Evangelos Spyrakos,5,10,computational,AI (generative) Competency,0
EPLPPG3,Planetary Exploration,Prof Evangelos Spyrakos,5,10,computational,Computer Programming,2
EPLPPG3,Planetary Exploration,Prof Evangelos Spyrakos,5,10,computational,Data Management,3
EPLPPG3,Planetary Exploration,Prof Evangelos Spyrakos,5,10,computational,Effective Email Communication,3
EPLPPG3,Planetary Exploration,Prof Evangelos Spyrakos,5,10,computational,Geographical Information Systems (GIS),3
EPLPPG3,Planetary Exploration,Prof Evangelos Spyrakos,5,10,computational,Graphic Design,2
EPLPPG3,Planetary Exploration,Prof Evangelos Spyrakos,5,10,computational,Modelling,0
EPLPPG3,Planetary Exploration,Prof Evangelos Spyrakos,5,10,computational,Presentation Software,3
EPLPPG3,Planetary Exploration,Prof Evangelos Spyrakos,5,10,computational,Remote Meeting/Collaborative Software,2
EPLPPG3,Planetary Exploration,Prof Evangelos Spyrakos,5,10,computational,Remote Sensing (data collection and analysis),3
EPLPPG3,Planetary Exploration,Prof Evangelos Spyrakos,5,10,computational,Social Media,0
EPLPPG3,Planetary Exploration,Prof Evangelos Spyrakos,5,10,computational,Spreadsheet Creation and Management,2
EPLPPG3,Planetary Exploration,Prof Evangelos Spyrakos,5,10,computational,Statistical Programmes,0
EPLPPG3,Planetary Exploration,Prof Evangelos Spyrakos,5,10,computational,Word Processing,3
EPLPPG3,Planetary Exploration,Prof Evangelos Spyrakos,5,10,field,Application of Remote Observations,0
EPLPPG3,Planetary Exploration,Prof Evangelos Spyrakos,5,10,field,Conducting Transects,0
EPLPPG3,Planetary Exploration,Prof Evangelos Spyrakos,5,10,field,Core Skills,0
EPLPPG3,Planetary Exploration,Prof Evangelos Spyrakos,5,10,field,Drone Observations,3
EPLPPG3,Planetary Exploration,Prof Evangelos Spyrakos,5,10,field,Environmental Impact Assessment,2
EPLPPG3,Planetary Exploration,Prof Evangelos Spyrakos,5,10,field,GPS Usage,0
EPLPPG3,Planetary Exploration,Prof Evangelos Spyrakos,5,10,field,Health and Safety Competency,0
EPLPPG3,Planetary Exploration,Prof Evangelos Spyrakos,5,10,field,Mapping Skills,3
EPLPPG3,Planetary Exploration,Prof Evangelos Spyrakos,5,10,field,Sampling: In-situ Monitoring,2
EPLPPG3,Planetary Exploration,Prof Evangelos Spyrakos,5,10,field,Sampling: Physical Collection,0
EPLPPG3,Planetary Exploration,Prof Evangelos Spyrakos,5,10,field,Species Monitoring,0
EPLPPG3,Planetary Exploration,Prof Evangelos Spyrakos,5,10,lab,Accurate Result Reporting,2
EPLPPG3,Planetary Exploration,Prof Evangelos Spyrakos,5,10,lab,Air Quality Analysis,0
EPLPPG3,Planetary Exploration,Prof Evangelos Spyrakos,5,10,lab,Chemical Handling,0
EPLPPG3,Planetary Exploration,Prof Evangelos Spyrakos,5,10,lab,Developing and Implementing SOPs,0
EPLPPG3,Planetary Exploration,Prof Evangelos Spyrakos,5,10,lab,Good Laboratory Practices (GLP),0
EPLPPG3,Planetary Exploration,Prof Evangelos Spyrakos,5,10,lab,Maintaining Lab Notebooks,0
EPLPPG3,Planetary Exploration,Prof Evangelos Spyrakos,5,10,lab,Microscopy,0
EPLPPG3,Planetary Exploration,Prof Evangelos Spyrakos,5,10,lab,Operating Lab Equipment,0
EPLPPG3,Planetary Exploration,Prof Evangelos Spyrakos,5,10,lab,Physical Chemical Analysis,0
EPLPPG3,Planetary Exploration,Prof Evangelos Spyrakos,5,10,lab,Pipetting,0
EPLPPG3,Planetary Exploration,Prof Evangelos Spyrakos,5,10,lab,Risk Assessments,0
EPLPPG3,Planetary Exploration,Prof Evangelos Spyrakos,5,10,lab,Sample Preparation and Handling,0
EPLPPG3,Planetary Exploration,Prof Evangelos Spyrakos,5,10,lab,Soil Quality Assessment,0
EPLPPG3,Planetary Exploration,Prof Evangelos Spyrakos,5,10,lab,Water Quality Assessment,0
EPLPPG3,Planetary Exploration,Prof Evangelos Spyrakos,5,10,personal,Adaptability,2
EPLPPG3,Planetary Exploration,Prof Evangelos Spyrakos,5,10,personal,Verbal Communication,3
EPLPPG3,Planetary Exploration,Prof Evangelos Spyrakos,5,10,personal,Written Communication,3
EPLPPG3,Planetary Exploration,Prof Evangelos Spyrakos,5,10,personal,Conflict Resolution,2
EPLPPG3,Planetary Exploration,Prof Evangelos Spyrakos,5,10,personal,Critical Thinking,3
EPLPPG3,Planetary Exploration,Prof Evangelos Spyrakos,5,10,personal,Detail-Orientated Skills,2
EPLPPG3,Planetary Exploration,Prof Evangelos Spyrakos,5,10,personal,Innovation,3
EPLPPG3,Planetary Exploration,Prof Evangelos Spyrakos,5,10,personal,Integrated Problem-solving,3
EPLPPG3,Planetary Exploration,Prof Evangelos Spyrakos,5,10,personal,Interpersonal Skills,2
EPLPPG3,Planetary Exploration,Prof Evangelos Spyrakos,5,10,personal,Leadership,2
EPLPPG3,Planetary Exploration,Prof Evangelos Spyrakos,5,10,personal,Reliability,2
EPLPPG3,Planetary Exploration,Prof Evangelos Spyrakos,5,10,personal,Resourcefulness,2
EPLPPG3,Planetary Exploration,Prof Evangelos Spyrakos,5,10,personal,Self-awareness,2
EPLPPG3,Planetary Exploration,Prof Evangelos Spyrakos,5,10,personal,Self-motivation,2
EPLPPG3,Planetary Exploration,Prof Evangelos Spyrakos,5,10,personal,Teamwork & Collaboration,3
EPLPPG3,Planetary Exploration,Prof Evangelos Spyrakos,5,10,personal,Time Management,2
