"module_code","category","skill_name","level"
"ENVU9EO","computational","AI (generative) Competency","0"
"ENVU9EO","computational","Computer Programming","0"
"ENVU9EO","computational","Data Management","3"
"ENVU9EO","computational","Effective Email Communication","0"
"ENVU9EO","computational","Geographical Information Systems (GIS)","3"
"ENVU9EO","computational","Graphic Design","3"
"ENVU9EO","computational","Modelling","0"
"ENVU9EO","computational","Presentation Software","0"
"ENVU9EO","computational","Remote Meeting/Collaborative Software","0"
"ENVU9EO","computational","Remote Sensing (data collection and analysis)","3"
"ENVU9EO","computational","Social Media","0"
"ENVU9EO","computational","Spreadsheet Creation and Management","3"
"ENVU9EO","computational","Statistical Programmes","0"
"ENVU9EO","computational","Word Processing","3"
"ENVU9EO","field","Application of Remote Observations","1"
"ENVU9EO","field","Conducting Transects","0"
"ENVU9EO","field","Core Skills","3"
"ENVU9EO","field","Drone Observations","1"
"ENVU9EO","field","Environmental Impact Assessment","0"
"ENVU9EO","field","GPS Usage","0"
"ENVU9EO","field","Health and Safety Competency","0"
"ENVU9EO","field","Mapping Skills","3"
"ENVU9EO","field","Sampling: In-situ Monitoring","0"
"ENVU9EO","field","Sampling: Physical Collection","0"
"ENVU9EO","field","Species Monitoring","0"
"ENVU9EO","lab","Accurate Result Reporting","0"
"ENVU9EO","lab","Air Quality Analysis","0"
"ENVU9EO","lab","Chemical Handling","0"
"ENVU9EO","lab","Developing and Implementing SOPs","0"
"ENVU9EO","lab","Good Laboratory Practices (GLP)","0"
"ENVU9EO","lab","Maintaining Lab Notebooks","0"
"ENVU9EO","lab","Microscopy","0"
"ENVU9EO","lab","Operating Lab Equipment","0"
"ENVU9EO","lab","Physical Chemical Analysis","0"
"ENVU9EO","lab","Pipetting","0"
"ENVU9EO","lab","Risk Assessments","0"
"ENVU9EO","lab","Sample Preparation and Handling","0"
"ENVU9EO","lab","Soil Quality Assessment","0"
"ENVU9EO","lab","Water Quality Assessment","0"
"ENVU9EO","personal","Adaptability","3"
"ENVU9EO","personal","Verbal Communication","2"
"ENVU9EO","personal","Written Communication","3"
"ENVU9EO","personal","Conflict Resolution","2"
"ENVU9EO","personal","Critical Thinking","3"
"ENVU9EO","personal","Detail-Orientated Skills","3"
"ENVU9EO","personal","Innovation","2"
"ENVU9EO","personal","Integrated Problem-solving","3"
"ENVU9EO","personal","Interpersonal Skills","3"
"ENVU9EO","personal","Leadership","2"
"ENVU9EO","personal","Reliability","2"
"ENVU9EO","personal","Resourcefulness","2"
"ENVU9EO","personal","Self-awareness","0"
"ENVU9EO","personal","Self-motivation","2"
"ENVU9EO","personal","Teamwork & Collaboration","3"
"ENVU9EO","personal","Time Management","3"
"EPLPPG1","computational","AI (generative) Competency","0"
"EPLPPG1","computational","Computer Programming","1"
"EPLPPG1","computational","Data Management","3"
"EPLPPG1","computational","Effective Email Communication","0"
"EPLPPG1","computational","Geographical Information Systems (GIS)","3"
"EPLPPG1","computational","Graphic Design","3"
"EPLPPG1","computational","Modelling","1"
"EPLPPG1","computational","Presentation Software","0"
"EPLPPG1","computational","Remote Meeting/Collaborative Software","0"
"EPLPPG1","computational","Remote Sensing (data collection and analysis)","3"
"EPLPPG1","computational","Social Media","0"
"EPLPPG1","computational","Spreadsheet Creation and Management","2"
"EPLPPG1","computational","Statistical Programmes","0"
"EPLPPG1","computational","Word Processing","3"
"EPLPPG1","field","Application of Remote Observations","2"
"EPLPPG1","field","Conducting Transects","0"
"EPLPPG1","field","Core Skills","1"
"EPLPPG1","field","Drone Observations","2"
"EPLPPG1","field","Environmental Impact Assessment","0"
"EPLPPG1","field","GPS Usage","0"
"EPLPPG1","field","Health and Safety Competency","0"
"EPLPPG1","field","Mapping Skills","3"
"EPLPPG1","field","Sampling: In-situ Monitoring","0"
"EPLPPG1","field","Sampling: Physical Collection","0"
"EPLPPG1","field","Species Monitoring","0"
"EPLPPG1","lab","Accurate Result Reporting","0"
"EPLPPG1","lab","Air Quality Analysis","0"
"EPLPPG1","lab","Chemical Handling","0"
"EPLPPG1","lab","Developing and Implementing SOPs","0"
"EPLPPG1","lab","Good Laboratory Practices (GLP)","0"
"EPLPPG1","lab","Maintaining Lab Notebooks","0"
"EPLPPG1","lab","Microscopy","0"
"EPLPPG1","lab","Operating Lab Equipment","0"
"EPLPPG1","lab","Physical Chemical Analysis","0"
"EPLPPG1","lab","Pipetting","0"
"EPLPPG1","lab","Risk Assessments","0"
"EPLPPG1","lab","Sample Preparation and Handling","0"
"EPLPPG1","lab","Soil Quality Assessment","0"
"EPLPPG1","lab","Water Quality Assessment","0"
"EPLPPG1","personal","Adaptability","2"
"EPLPPG1","personal","Verbal Communication","2"
"EPLPPG1","personal","Written Communication","3"
"EPLPPG1","personal","Conflict Resolution","0"
"EPLPPG1","personal","Critical Thinking","3"
"EPLPPG1","personal","Detail-Orientated Skills","3"
"EPLPPG1","personal","Innovation","2"
"EPLPPG1","personal","Integrated Problem-solving","3"
"EPLPPG1","personal","Interpersonal Skills","0"
"EPLPPG1","personal","Leadership","0"
"EPLPPG1","personal","Reliability","2"
"EPLPPG1","personal","Resourcefulness","2"
"EPLPPG1","personal","Self-awareness","0"
"EPLPPG1","personal","Self-motivation","2"
"EPLPPG1","personal","Teamwork & Collaboration","0"
"EPLPPG1","personal","Time Management","2"
"ENVU4E4","computational","AI (generative) Competency","0"
"ENVU4E4","computational","Computer Programming","0"
"ENVU4E4","computational","Data Management","2"
"ENVU4E4","computational","Effective Email Communication","0"
"ENVU4E4","computational","Geographical Information Systems (GIS)","0"
"ENVU4E4","computational","Graphic Design","1"
"ENVU4E4","computational","Modelling","0"
"ENVU4E4","computational","Presentation Software","0"
"ENVU4E4","computational","Remote Meeting/Collaborative Software","0"
"ENVU4E4","computational","Remote Sensing (data collection and analysis)","0"
"ENVU4E4","computational","Social Media","0"
"ENVU4E4","computational","Spreadsheet Creation and Management","2"
"ENVU4E4","computational","Statistical Programmes","0"
"ENVU4E4","computational","Word Processing","2"
"ENVU4E4","field","Application of Remote Observations","0"
"ENVU4E4","field","Conducting Transects","0"
"ENVU4E4","field","Core Skills","1"
"ENVU4E4","field","Drone Observations","0"
"ENVU4E4","field","Environmental Impact Assessment","0"
"ENVU4E4","field","GPS Usage","0"
"ENVU4E4","field","Health and Safety Competency","0"
"ENVU4E4","field","Mapping Skills","0"
"ENVU4E4","field","Sampling: In-situ Monitoring","2"
"ENVU4E4","field","Sampling: Physical Collection","2"
"ENVU4E4","field","Species Monitoring","0"
"ENVU4E4","lab","Accurate Result Reporting","2"
"ENVU4E4","lab","Air Quality Analysis","0"
"ENVU4E4","lab","Chemical Handling","2"
"ENVU4E4","lab","Developing and Implementing SOPs","1"
"ENVU4E4","lab","Good Laboratory Practices (GLP)","2"
"ENVU4E4","lab","Maintaining Lab Notebooks","2"
"ENVU4E4","lab","Microscopy","0"
"ENVU4E4","lab","Operating Lab Equipment","2"
"ENVU4E4","lab","Physical Chemical Analysis","2"
"ENVU4E4","lab","Pipetting","0"
"ENVU4E4","lab","Risk Assessments","0"
"ENVU4E4","lab","Sample Preparation and Handling","2"
"ENVU4E4","lab","Soil Quality Assessment","1"
"ENVU4E4","lab","Water Quality Assessment","1"
"ENVU4E4","personal","Adaptability","1"
"ENVU4E4","personal","Verbal Communication","2"
"ENVU4E4","personal","Written Communication","3"
"ENVU4E4","personal","Conflict Resolution","1"
"ENVU4E4","personal","Critical Thinking","3"
"ENVU4E4","personal","Detail-Orientated Skills","2"
"ENVU4E4","personal","Innovation","1"
"ENVU4E4","personal","Integrated Problem-solving","2"
"ENVU4E4","personal","Interpersonal Skills","2"
"ENVU4E4","personal","Leadership","1"
"ENVU4E4","personal","Reliability","3"
"ENVU4E4","personal","Resourcefulness","1"
"ENVU4E4","personal","Self-awareness","2"
"ENVU4E4","personal","Self-motivation","2"
"ENVU4E4","personal","Teamwork & Collaboration","3"
"ENVU4E4","personal","Time Management","2"
"BIOU6PE","computational","AI (generative) Competency","0"
"BIOU6PE","computational","Computer Programming","1"
"BIOU6PE","computational","Data Management","2"
"BIOU6PE","computational","Effective Email Communication","2"
"BIOU6PE","computational","Geographical Information Systems (GIS)","0"
"BIOU6PE","computational","Graphic Design","2"
"BIOU6PE","computational","Modelling","0"
"BIOU6PE","computational","Presentation Software","2"
"BIOU6PE","computational","Remote Meeting/Collaborative Software","2"
"BIOU6PE","computational","Remote Sensing (data collection and analysis)","0"
"BIOU6PE","computational","Social Media","0"
"BIOU6PE","computational","Spreadsheet Creation and Management","3"
"BIOU6PE","computational","Statistical Programmes","3"
"BIOU6PE","computational","Word Processing","3"
"BIOU6PE","field","Application of Remote Observations","0"
"BIOU6PE","field","Conducting Transects","1"
"BIOU6PE","field","Core Skills","0"
"BIOU6PE","field","Drone Observations","0"
"BIOU6PE","field","Environmental Impact Assessment","0"
"BIOU6PE","field","GPS Usage","0"
"BIOU6PE","field","Health and Safety Competency","0"
"BIOU6PE","field","Mapping Skills","0"
"BIOU6PE","field","Sampling: In-situ Monitoring","1"
"BIOU6PE","field","Sampling: Physical Collection","1"
"BIOU6PE","field","Species Monitoring","0"
"BIOU6PE","lab","Accurate Result Reporting","1"
"BIOU6PE","lab","Air Quality Analysis","0"
"BIOU6PE","lab","Chemical Handling","0"
"BIOU6PE","lab","Developing and Implementing SOPs","0"
"BIOU6PE","lab","Good Laboratory Practices (GLP)","0"
"BIOU6PE","lab","Maintaining Lab Notebooks","0"
"BIOU6PE","lab","Microscopy","0"
"BIOU6PE","lab","Operating Lab Equipment","0"
"BIOU6PE","lab","Physical Chemical Analysis","0"
"BIOU6PE","lab","Pipetting","0"
"BIOU6PE","lab","Risk Assessments","0"
"BIOU6PE","lab","Sample Preparation and Handling","0"
"BIOU6PE","lab","Soil Quality Assessment","0"
"BIOU6PE","lab","Water Quality Assessment","0"
"BIOU6PE","personal","Adaptability","2"
"BIOU6PE","personal","Verbal Communication","3"
"BIOU6PE","personal","Written Communication","3"
"BIOU6PE","personal","Conflict Resolution","2"
"BIOU6PE","personal","Critical Thinking","3"
"BIOU6PE","personal","Detail-Orientated Skills","3"
"BIOU6PE","personal","Innovation","3"
"BIOU6PE","personal","Integrated Problem-solving","3"
"BIOU6PE","personal","Interpersonal Skills","3"
"BIOU6PE","personal","Leadership","2"
"BIOU6PE","personal","Reliability","2"
"BIOU6PE","personal","Resourcefulness","2"
"BIOU6PE","personal","Self-awareness","2"
"BIOU6PE","personal","Self-motivation","2"
"BIOU6PE","personal","Teamwork & Collaboration","2"
"BIOU6PE","personal","Time Management","2"
"ENVU9FC","computational","AI (generative) Competency","0"
"ENVU9FC","computational","Computer Programming","0"
"ENVU9FC","computational","Data Management","2"
"ENVU9FC","computational","Effective Email Communication","1"
"ENVU9FC","computational","Geographical Information Systems (GIS)","1"
"ENVU9FC","computational","Graphic Design","0"
"ENVU9FC","computational","Modelling","1"
"ENVU9FC","computational","Presentation Software","3"
"ENVU9FC","computational","Remote Meeting/Collaborative Software","1"
"ENVU9FC","computational","Remote Sensing (data collection and analysis)","0"
"ENVU9FC","computational","Social Media","1"
"ENVU9FC","computational","Spreadsheet Creation and Management","2"
"ENVU9FC","computational","Statistical Programmes","2"
"ENVU9FC","computational","Word Processing","3"
"ENVU9FC","field","Application of Remote Observations","3"
"ENVU9FC","field","Conducting Transects","3"
"ENVU9FC","field","Core Skills","2"
"ENVU9FC","field","Drone Observations","1"
"ENVU9FC","field","Environmental Impact Assessment","1"
"ENVU9FC","field","GPS Usage","2"
"ENVU9FC","field","Health and Safety Competency","3"
"ENVU9FC","field","Mapping Skills","2"
"ENVU9FC","field","Sampling: In-situ Monitoring","3"
"ENVU9FC","field","Sampling: Physical Collection","2"
"ENVU9FC","field","Species Monitoring","3"
"ENVU9FC","lab","Accurate Result Reporting","1"
"ENVU9FC","lab","Air Quality Analysis","0"
"ENVU9FC","lab","Chemical Handling","0"
"ENVU9FC","lab","Developing and Implementing SOPs","0"
"ENVU9FC","lab","Good Laboratory Practices (GLP)","0"
"ENVU9FC","lab","Maintaining Lab Notebooks","0"
"ENVU9FC","lab","Microscopy","0"
"ENVU9FC","lab","Operating Lab Equipment","0"
"ENVU9FC","lab","Physical Chemical Analysis","0"
"ENVU9FC","lab","Pipetting","0"
"ENVU9FC","lab","Risk Assessments","0"
"ENVU9FC","lab","Sample Preparation and Handling","0"
"ENVU9FC","lab","Soil Quality Assessment","0"
"ENVU9FC","lab","Water Quality Assessment","0"
"ENVU9FC","personal","Adaptability","3"
"ENVU9FC","personal","Verbal Communication","3"
"ENVU9FC","personal","Written Communication","3"
"ENVU9FC","personal","Conflict Resolution","3"
"ENVU9FC","personal","Critical Thinking","3"
"ENVU9FC","personal","Detail-Orientated Skills","3"
"ENVU9FC","personal","Innovation","3"
"ENVU9FC","personal","Integrated Problem-solving","3"
"ENVU9FC","personal","Interpersonal Skills","3"
"ENVU9FC","personal","Leadership","3"
"ENVU9FC","personal","Reliability","3"
"ENVU9FC","personal","Resourcefulness","3"
"ENVU9FC","personal","Self-awareness","3"
"ENVU9FC","personal","Self-motivation","3"
"ENVU9FC","personal","Teamwork & Collaboration","3"
"ENVU9FC","personal","Time Management","3"
"BIOU6BE","computational","AI (generative) Competency","0"
"BIOU6BE","computational","Computer Programming","0"
"BIOU6BE","computational","Data Management","2"
"BIOU6BE","computational","Effective Email Communication","0"
"BIOU6BE","computational","Geographical Information Systems (GIS)","0"
"BIOU6BE","computational","Graphic Design","0"
"BIOU6BE","computational","Modelling","0"
"BIOU6BE","computational","Presentation Software","0"
"BIOU6BE","computational","Remote Meeting/Collaborative Software","0"
"BIOU6BE","computational","Remote Sensing (data collection and analysis)","0"
"BIOU6BE","computational","Social Media","0"
"BIOU6BE","computational","Spreadsheet Creation and Management","2"
"BIOU6BE","computational","Statistical Programmes","3"
"BIOU6BE","computational","Word Processing","3"
"BIOU6BE","field","Application of Remote Observations","0"
"BIOU6BE","field","Conducting Transects","0"
"BIOU6BE","field","Core Skills","0"
"BIOU6BE","field","Drone Observations","0"
"BIOU6BE","field","Environmental Impact Assessment","0"
"BIOU6BE","field","GPS Usage","0"
"BIOU6BE","field","Health and Safety Competency","0"
"BIOU6BE","field","Mapping Skills","0"
"BIOU6BE","field","Sampling: In-situ Monitoring","3"
"BIOU6BE","field","Sampling: Physical Collection","0"
"BIOU6BE","field","Species Monitoring","0"
"BIOU6BE","lab","Accurate Result Reporting","3"
"BIOU6BE","lab","Air Quality Analysis","0"
"BIOU6BE","lab","Chemical Handling","0"
"BIOU6BE","lab","Developing and Implementing SOPs","0"
"BIOU6BE","lab","Good Laboratory Practices (GLP)","3"
"BIOU6BE","lab","Maintaining Lab Notebooks","3"
"BIOU6BE","lab","Operating Lab Equipment","0"
"BIOU6BE","lab","Physical Chemical Analysis","0"
"BIOU6BE","lab","Pipetting","0"
"BIOU6BE","lab","Risk Assessments","0"
"BIOU6BE","lab","Sample Preparation and Handling","0"
"BIOU6BE","lab","Soil Quality Assessment","0"
"BIOU6BE","lab","Water Quality Assessment","0"
"BIOU6BE","personal","Adaptability","3"
"BIOU6BE","personal","Verbal Communication","0"
"BIOU6BE","personal","Written Communication","3"
"BIOU6BE","personal","Conflict Resolution","0"
"BIOU6BE","personal","Critical Thinking","3"
"BIOU6BE","personal","Detail-Orientated Skills","0"
"BIOU6BE","personal","Innovation","3"
"BIOU6BE","personal","Integrated Problem-solving","3"
"BIOU6BE","personal","Interpersonal Skills","0"
"BIOU6BE","personal","Leadership","0"
"BIOU6BE","personal","Reliability","3"
"BIOU6BE","personal","Resourcefulness","3"
"BIOU6BE","personal","Self-awareness","0"
"BIOU6BE","personal","Self-motivation","3"
"BIOU6BE","personal","Teamwork & Collaboration","0"
"BIOU6BE","personal","Time Management","3"
"BIOU9AP","computational","AI (generative) Competency","0"
"BIOU9AP","computational","Computer Programming","0"
"BIOU9AP","computational","Data Management","0"
"BIOU9AP","computational","Effective Email Communication","0"
"BIOU9AP","computational","Geographical Information Systems (GIS)","0"
"BIOU9AP","computational","Graphic Design","2"
"BIOU9AP","computational","Modelling","0"
"BIOU9AP","computational","Presentation Software","0"
"BIOU9AP","computational","Remote Meeting/Collaborative Software","0"
"BIOU9AP","computational","Remote Sensing (data collection and analysis)","0"
"BIOU9AP","computational","Social Media","0"
"BIOU9AP","computational","Spreadsheet Creation and Management","2"
"BIOU9AP","computational","Statistical Programmes","0"
"BIOU9AP","computational","Word Processing","2"
"BIOU9AP","field","Application of Remote Observations","0"
"BIOU9AP","field","Conducting Transects","0"
"BIOU9AP","field","Core Skills","0"
"BIOU9AP","field","Drone Observations","0"
"BIOU9AP","field","Environmental Impact Assessment","0"
"BIOU9AP","field","GPS Usage","0"
"BIOU9AP","field","Health and Safety Competency","0"
"BIOU9AP","field","Mapping Skills","0"
"BIOU9AP","field","Sampling: In-situ Monitoring","0"
"BIOU9AP","field","Sampling: Physical Collection","0"
"BIOU9AP","field","Species Monitoring","0"
"BIOU9AP","lab","Accurate Result Reporting","2"
"BIOU9AP","lab","Air Quality Analysis","0"
"BIOU9AP","lab","Chemical Handling","0"
"BIOU9AP","lab","Developing and Implementing SOPs","0"
"BIOU9AP","lab","Good Laboratory Practices (GLP)","2"
"BIOU9AP","lab","Maintaining Lab Notebooks","2"
"BIOU9AP","lab","Microscopy","0"
"BIOU9AP","lab","Operating Lab Equipment","2"
"BIOU9AP","lab","Physical Chemical Analysis","0"
"BIOU9AP","lab","Pipetting","2"
"BIOU9AP","lab","Sample Preparation and Handling","0"
"BIOU9AP","lab","Soil Quality Assessment","0"
"BIOU9AP","lab","Water Quality Assessment","0"
"BIOU9AP","personal","Adaptability","0"
"BIOU9AP","personal","Verbal Communication","0"
"BIOU9AP","personal","Written Communication","2"
"BIOU9AP","personal","Conflict Resolution","0"
"BIOU9AP","personal","Critical Thinking","0"
"BIOU9AP","personal","Detail-Orientated Skills","0"
"BIOU9AP","personal","Innovation","0"
"BIOU9AP","personal","Integrated Problem-solving","0"
"BIOU9AP","personal","Interpersonal Skills","0"
"BIOU9AP","personal","Leadership","0"
"BIOU9AP","personal","Reliability","0"
"BIOU9AP","personal","Resourcefulness","0"
"BIOU9AP","personal","Self-awareness","0"
"BIOU9AP","personal","Self-motivation","0"
"BIOU9AP","personal","Teamwork & Collaboration","0"
"BIOU9AP","personal","Time Management","0"
"BIOU2PH","computational","AI (generative) Competency","0"
"BIOU2PH","computational","Computer Programming","0"
"BIOU2PH","computational","Data Management","0"
"BIOU2PH","computational","Effective Email Communication","0"
"BIOU2PH","computational","Geographical Information Systems (GIS)","0"
"BIOU2PH","computational","Graphic Design","2"
"BIOU2PH","computational","Modelling","0"
"BIOU2PH","computational","Presentation Software","1"
"BIOU2PH","computational","Remote Meeting/Collaborative Software","0"
"BIOU2PH","computational","Remote Sensing (data collection and analysis)","0"
"BIOU2PH","computational","Social Media","0"
"BIOU2PH","computational","Spreadsheet Creation and Management","0"
"BIOU2PH","computational","Statistical Programmes","0"
"BIOU2PH","computational","Word Processing","0"
"BIOU2PH","field","Application of Remote Observations","0"
"BIOU2PH","field","Conducting Transects","0"
"BIOU2PH","field","Core Skills","0"
"BIOU2PH","field","Drone Observations","0"
"BIOU2PH","field","Environmental Impact Assessment","0"
"BIOU2PH","field","GPS Usage","0"
"BIOU2PH","field","Health and Safety Competency","0"
"BIOU2PH","field","Mapping Skills","0"
"BIOU2PH","field","Sampling: In-situ Monitoring","0"
"BIOU2PH","field","Sampling: Physical Collection","0"
"BIOU2PH","field","Species Monitoring","0"
"BIOU2PH","lab","Accurate Result Reporting","0"
"BIOU2PH","lab","Air Quality Analysis","0"
"BIOU2PH","lab","Chemical Handling","0"
"BIOU2PH","lab","Developing and Implementing SOPs","0"
"BIOU2PH","lab","Good Laboratory Practices (GLP)","0"
"BIOU2PH","lab","Maintaining Lab Notebooks","0"
"BIOU2PH","lab","Microscopy","0"
"BIOU2PH","lab","Operating Lab Equipment","0"
"BIOU2PH","lab","Physical Chemical Analysis","0"
"BIOU2PH","lab","Pipetting","0"
"BIOU2PH","lab","Risk Assessments","0"
"BIOU2PH","lab","Sample Preparation and Handling","0"
"BIOU2PH","lab","Soil Quality Assessment","0"
"BIOU2PH","lab","Water Quality Assessment","0"
"BIOU2PH","personal","Adaptability","0"
"BIOU2PH","personal","Verbal Communication","0"
"BIOU2PH","personal","Written Communication","2"
"BIOU2PH","personal","Conflict Resolution","0"
"BIOU2PH","personal","Critical Thinking","2"
"BIOU2PH","personal","Detail-Orientated Skills","0"
"BIOU2PH","personal","Innovation","0"
"BIOU2PH","personal","Integrated Problem-solving","0"
"BIOU2PH","personal","Interpersonal Skills","0"
"BIOU2PH","personal","Leadership","0"
"BIOU2PH","personal","Reliability","0"
"BIOU2PH","personal","Resourcefulness","0"
"BIOU2PH","personal","Self-awareness","0"
"BIOU2PH","personal","Self-motivation","1"
"BIOU2PH","personal","Teamwork & Collaboration","0"
"BIOU2PH","personal","Time Management","1"
"ENVU5S5","computational","AI (generative) Competency","2"
"ENVU5S5","computational","Computer Programming","2"
"ENVU5S5","computational","Data Management","3"
"ENVU5S5","computational","Effective Email Communication","1"
"ENVU5S5","computational","Geographical Information Systems (GIS)","0"
"ENVU5S5","computational","Graphic Design","2"
"ENVU5S5","computational","Modelling","2"
"ENVU5S5","computational","Presentation Software","2"
"ENVU5S5","computational","Remote Meeting/Collaborative Software","2"
"ENVU5S5","computational","Remote Sensing (data collection and analysis)","0"
"ENVU5S5","computational","Social Media","0"
"ENVU5S5","computational","Spreadsheet Creation and Management","2"
"ENVU5S5","computational","Statistical Programmes","2"
"ENVU5S5","computational","Word Processing","0"
"ENVU5S5","field","Application of Remote Observations","0"
"ENVU5S5","field","Conducting Transects","3"
"ENVU5S5","field","Core Skills","0"
"ENVU5S5","field","Drone Observations","0"
"ENVU5S5","field","Environmental Impact Assessment","0"
"ENVU5S5","field","GPS Usage","0"
"ENVU5S5","field","Health and Safety Competency","1"
"ENVU5S5","field","Mapping Skills","0"
"ENVU5S5","field","Sampling: In-situ Monitoring","0"
"ENVU5S5","field","Sampling: Physical Collection","3"
"ENVU5S5","field","Species Monitoring","2"
"ENVU5S5","lab","Accurate Result Reporting","3"
"ENVU5S5","lab","Air Quality Analysis","0"
"ENVU5S5","lab","Chemical Handling","2"
"ENVU5S5","lab","Developing and Implementing SOPs","0"
"ENVU5S5","lab","Good Laboratory Practices (GLP)","1"
"ENVU5S5","lab","Maintaining Lab Notebooks","2"
"ENVU5S5","lab","Microscopy","2"
"ENVU5S5","lab","Operating Lab Equipment","2"
"ENVU5S5","lab","Physical Chemical Analysis","3"
"ENVU5S5","lab","Pipetting","0"
"ENVU5S5","lab","Risk Assessments","1"
"ENVU5S5","lab","Sample Preparation and Handling","3"
"ENVU5S5","lab","Soil Quality Assessment","3"
"ENVU5S5","lab","Water Quality Assessment","0"
"ENVU5S5","personal","Adaptability","1"
"ENVU5S5","personal","Verbal Communication","3"
"ENVU5S5","personal","Written Communication","3"
"ENVU5S5","personal","Conflict Resolution","2"
"ENVU5S5","personal","Critical Thinking","3"
"ENVU5S5","personal","Detail-Orientated Skills","2"
"ENVU5S5","personal","Innovation","2"
"ENVU5S5","personal","Integrated Problem-solving","2"
"ENVU5S5","personal","Interpersonal Skills","1"
"ENVU5S5","personal","Leadership","1"
"ENVU5S5","personal","Reliability","1"
"ENVU5S5","personal","Resourcefulness","1"
"ENVU5S5","personal","Self-awareness","1"
"ENVU5S5","personal","Self-motivation","2"
"ENVU5S5","personal","Teamwork & Collaboration","3"
"ENVU5S5","personal","Time Management","2"
"ENVU9WM","computational","AI (generative) Competency","0"
"ENVU9WM","computational","Computer Programming","0"
"ENVU9WM","computational","Data Management","0"
"ENVU9WM","computational","Effective Email Communication","0"
"ENVU9WM","computational","Geographical Information Systems (GIS)","0"
"ENVU9WM","computational","Graphic Design","1"
"ENVU9WM","computational","Modelling","1"
"ENVU9WM","computational","Presentation Software","0"
"ENVU9WM","computational","Remote Meeting/Collaborative Software","0"
"ENVU9WM","computational","Remote Sensing (data collection and analysis)","0"
"ENVU9WM","computational","Social Media","0"
"ENVU9WM","computational","Spreadsheet Creation and Management","0"
"ENVU9WM","computational","Statistical Programmes","0"
"ENVU9WM","computational","Word Processing","0"
"ENVU9WM","field","Application of Remote Observations","0"
"ENVU9WM","field","Conducting Transects","0"
"ENVU9WM","field","Core Skills","0"
"ENVU9WM","field","Drone Observations","0"
"ENVU9WM","field","Environmental Impact Assessment","0"
"ENVU9WM","field","GPS Usage","0"
"ENVU9WM","field","Health and Safety Competency","0"
"ENVU9WM","field","Mapping Skills","0"
"ENVU9WM","field","Sampling: In-situ Monitoring","1"
"ENVU9WM","field","Sampling: Physical Collection","0"
"ENVU9WM","field","Species Monitoring","0"
"ENVU9WM","lab","Accurate Result Reporting","0"
"ENVU9WM","lab","Air Quality Analysis","0"
"ENVU9WM","lab","Chemical Handling","0"
"ENVU9WM","lab","Developing and Implementing SOPs","0"
"ENVU9WM","lab","Good Laboratory Practices (GLP)","0"
"ENVU9WM","lab","Maintaining Lab Notebooks","0"
"ENVU9WM","lab","Microscopy","0"
"ENVU9WM","lab","Operating Lab Equipment","0"
"ENVU9WM","lab","Physical Chemical Analysis","0"
"ENVU9WM","lab","Pipetting","0"
"ENVU9WM","lab","Risk Assessments","0"
"ENVU9WM","lab","Sample Preparation and Handling","0"
"ENVU9WM","lab","Soil Quality Assessment","1"
"ENVU9WM","lab","Water Quality Assessment","1"
"ENVU9WM","personal","Adaptability","1"
"ENVU9WM","personal","Verbal Communication","0"
"ENVU9WM","personal","Written Communication","3"
"ENVU9WM","personal","Conflict Resolution","2"
"ENVU9WM","personal","Critical Thinking","3"
"ENVU9WM","personal","Detail-Orientated Skills","2"
"ENVU9WM","personal","Innovation","2"
"ENVU9WM","personal","Integrated Problem-solving","2"
"ENVU9WM","personal","Interpersonal Skills","2"
"ENVU9WM","personal","Leadership","0"
"ENVU9WM","personal","Reliability","2"
"ENVU9WM","personal","Resourcefulness","1"
"ENVU9WM","personal","Self-awareness","0"
"ENVU9WM","personal","Self-motivation","3"
"ENVU9WM","personal","Teamwork & Collaboration","0"
"ENVU9WM","personal","Time Management","3"
"GEOU2GE","computational","AI (generative) Competency","0"
"GEOU2GE","computational","Computer Programming","0"
"GEOU2GE","computational","Data Management","2"
"GEOU2GE","computational","Effective Email Communication","0"
"GEOU2GE","computational","Geographical Information Systems (GIS)","0"
"GEOU2GE","computational","Graphic Design","2"
"GEOU2GE","computational","Modelling","0"
"GEOU2GE","computational","Presentation Software","0"
"GEOU2GE","computational","Remote Meeting/Collaborative Software","0"
"GEOU2GE","computational","Remote Sensing (data collection and analysis)","0"
"GEOU2GE","computational","Social Media","0"
"GEOU2GE","computational","Spreadsheet Creation and Management","2"
"GEOU2GE","computational","Statistical Programmes","0"
"GEOU2GE","computational","Word Processing","2"
"GEOU2GE","field","Application of Remote Observations","0"
"GEOU2GE","field","Conducting Transects","0"
"GEOU2GE","field","Core Skills","1"
"GEOU2GE","field","Drone Observations","0"
"GEOU2GE","field","Environmental Impact Assessment","0"
"GEOU2GE","field","GPS Usage","0"
"GEOU2GE","field","Health and Safety Competency","0"
"GEOU2GE","field","Mapping Skills","0"
"GEOU2GE","field","Sampling: In-situ Monitoring","1"
"GEOU2GE","field","Sampling: Physical Collection","0"
"GEOU2GE","field","Species Monitoring","0"
"GEOU2GE","lab","Accurate Result Reporting","0"
"GEOU2GE","lab","Air Quality Analysis","1"
"GEOU2GE","lab","Chemical Handling","0"
"GEOU2GE","lab","Developing and Implementing SOPs","0"
"GEOU2GE","lab","Good Laboratory Practices (GLP)","0"
"GEOU2GE","lab","Maintaining Lab Notebooks","0"
"GEOU2GE","lab","Microscopy","0"
"GEOU2GE","lab","Operating Lab Equipment","0"
"GEOU2GE","lab","Physical Chemical Analysis","0"
"GEOU2GE","lab","Pipetting","0"
"GEOU2GE","lab","Risk Assessments","0"
"GEOU2GE","lab","Sample Preparation and Handling","0"
"GEOU2GE","lab","Soil Quality Assessment","1"
"GEOU2GE","lab","Water Quality Assessment","1"
"GEOU2GE","personal","Adaptability","0"
"GEOU2GE","personal","Verbal Communication","0"
"GEOU2GE","personal","Written Communication","2"
"GEOU2GE","personal","Conflict Resolution","0"
"GEOU2GE","personal","Critical Thinking","1"
"GEOU2GE","personal","Detail-Orientated Skills","1"
"GEOU2GE","personal","Innovation","0"
"GEOU2GE","personal","Integrated Problem-solving","0"
"GEOU2GE","personal","Interpersonal Skills","0"
"GEOU2GE","personal","Leadership","0"
"GEOU2GE","personal","Reliability","1"
"GEOU2GE","personal","Resourcefulness","0"
"GEOU2GE","personal","Self-awareness","0"
"GEOU2GE","personal","Self-motivation","1"
"GEOU2GE","personal","Teamwork & Collaboration","0"
"GEOU2GE","personal","Time Management","2"
"BIOU2CE","computational","AI (generative) Competency","0"
"BIOU2CE","computational","Computer Programming","0"
"BIOU2CE","computational","Data Management","0"
"BIOU2CE","computational","Effective Email Communication","1"
"BIOU2CE","computational","Geographical Information Systems (GIS)","0"
"BIOU2CE","computational","Graphic Design","0"
"BIOU2CE","computational","Modelling","1"
"BIOU2CE","computational","Presentation Software","0"
"BIOU2CE","computational","Remote Meeting/Collaborative Software","0"
"BIOU2CE","computational","Remote Sensing (data collection and analysis)","0"
"BIOU2CE","computational","Social Media","0"
"BIOU2CE","computational","Spreadsheet Creation and Management","1"
"BIOU2CE","computational","Statistical Programmes","0"
"BIOU2CE","computational","Word Processing","1"
"BIOU2CE","field","Application of Remote Observations","0"
"BIOU2CE","field","Conducting Transects","0"
"BIOU2CE","field","Core Skills","0"
"BIOU2CE","field","Drone Observations","0"
"BIOU2CE","field","Environmental Impact Assessment","0"
"BIOU2CE","field","GPS Usage","0"
"BIOU2CE","field","Health and Safety Competency","0"
"BIOU2CE","field","Mapping Skills","0"
"BIOU2CE","field","Sampling: In-situ Monitoring","0"
"BIOU2CE","field","Sampling: Physical Collection","0"
"BIOU2CE","field","Species Monitoring","0"
"BIOU2CE","lab","Accurate Result Reporting","2"
"BIOU2CE","lab","Air Quality Analysis","0"
"BIOU2CE","lab","Chemical Handling","2"
"BIOU2CE","lab","Developing and Implementing SOPs","2"
"BIOU2CE","lab","Good Laboratory Practices (GLP)","2"
"BIOU2CE","lab","Maintaining Lab Notebooks","0"
"BIOU2CE","lab","Microscopy","2"
"BIOU2CE","lab","Operating Lab Equipment","2"
"BIOU2CE","lab","Physical Chemical Analysis","2"
"BIOU2CE","lab","Pipetting","2"
"BIOU2CE","lab","Risk Assessments","2"
"BIOU2CE","lab","Sample Preparation and Handling","2"
"BIOU2CE","lab","Soil Quality Assessment","0"
"BIOU2CE","lab","Water Quality Assessment","0"
"BIOU2CE","personal","Adaptability","2"
"BIOU2CE","personal","Verbal Communication","2"
"BIOU2CE","personal","Written Communication","2"
"BIOU2CE","personal","Conflict Resolution","0"
"BIOU2CE","personal","Critical Thinking","2"
"BIOU2CE","personal","Detail-Orientated Skills","1"
"BIOU2CE","personal","Innovation","1"
"BIOU2CE","personal","Integrated Problem-solving","2"
"BIOU2CE","personal","Interpersonal Skills","0"
"BIOU2CE","personal","Leadership","0"
"BIOU2CE","personal","Reliability","1"
"BIOU2CE","personal","Resourcefulness","1"
"BIOU2CE","personal","Self-awareness","1"
"BIOU2CE","personal","Self-motivation","2"
"BIOU2CE","personal","Teamwork & Collaboration","0"
"BIOU2CE","personal","Time Management","1"
"BIOU7CM","computational","AI (generative) Competency","3"
"BIOU7CM","computational","Computer Programming","1"
"BIOU7CM","computational","Data Management","0"
"BIOU7CM","computational","Effective Email Communication","0"
"BIOU7CM","computational","Geographical Information Systems (GIS)","0"
"BIOU7CM","computational","Graphic Design","0"
"BIOU7CM","computational","Modelling","1"
"BIOU7CM","computational","Presentation Software","0"
"BIOU7CM","computational","Remote Meeting/Collaborative Software","0"
"BIOU7CM","computational","Remote Sensing (data collection and analysis)","0"
"BIOU7CM","computational","Social Media","0"
"BIOU7CM","computational","Spreadsheet Creation and Management","0"
"BIOU7CM","computational","Statistical Programmes","0"
"BIOU7CM","computational","Word Processing","0"
"BIOU7CM","field","Application of Remote Observations","0"
"BIOU7CM","field","Conducting Transects","0"
"BIOU7CM","field","Core Skills","0"
"BIOU7CM","field","Drone Observations","0"
"BIOU7CM","field","Environmental Impact Assessment","0"
"BIOU7CM","field","Health and Safety Competency","0"
"BIOU7CM","field","Mapping Skills","0"
"BIOU7CM","field","Sampling: Physical Collection","0"
"BIOU7CM","field","Species Monitoring","0"
"BIOU7CM","lab","Accurate Result Reporting","0"
"BIOU7CM","lab","Air Quality Analysis","0"
"BIOU7CM","lab","Chemical Handling","0"
"BIOU7CM","lab","Developing and Implementing SOPs","0"
"BIOU7CM","lab","Good Laboratory Practices (GLP)","0"
"BIOU7CM","lab","Maintaining Lab Notebooks","0"
"BIOU7CM","lab","Microscopy","0"
"BIOU7CM","lab","Operating Lab Equipment","0"
"BIOU7CM","lab","Physical Chemical Analysis","0"
"BIOU7CM","lab","Pipetting","0"
"BIOU7CM","lab","Risk Assessments","0"
"BIOU7CM","lab","Sample Preparation and Handling","0"
"BIOU7CM","lab","Soil Quality Assessment","0"
"BIOU7CM","lab","Water Quality Assessment","0"
"BIOU7CM","personal","Adaptability","3"
"BIOU7CM","personal","Verbal Communication","3"
"BIOU7CM","personal","Written Communication","3"
"BIOU7CM","personal","Conflict Resolution","0"
"BIOU7CM","personal","Critical Thinking","3"
"BIOU7CM","personal","Detail-Orientated Skills","3"
"BIOU7CM","personal","Innovation","3"
"BIOU7CM","personal","Integrated Problem-solving","3"
"BIOU7CM","personal","Interpersonal Skills","2"
"BIOU7CM","personal","Leadership","0"
"BIOU7CM","personal","Reliability","0"
"BIOU7CM","personal","Resourcefulness","3"
"BIOU7CM","personal","Self-awareness","0"
"BIOU7CM","personal","Self-motivation","0"
"BIOU7CM","personal","Teamwork & Collaboration","2"
"BIOU7CM","personal","Time Management","0"
"BIOU5MB","computational","AI (generative) Competency","0"
"BIOU5MB","computational","Computer Programming","0"
"BIOU5MB","computational","Data Management","1"
"BIOU5MB","computational","Effective Email Communication","0"
"BIOU5MB","computational","Geographical Information Systems (GIS)","0"
"BIOU5MB","computational","Graphic Design","0"
"BIOU5MB","computational","Modelling","0"
"BIOU5MB","computational","Presentation Software","0"
"BIOU5MB","computational","Remote Meeting/Collaborative Software","0"
"BIOU5MB","computational","Remote Sensing (data collection and analysis)","0"
"BIOU5MB","computational","Social Media","0"
"BIOU5MB","computational","Spreadsheet Creation and Management","1"
"BIOU5MB","computational","Statistical Programmes","0"
"BIOU5MB","computational","Word Processing","1"
"BIOU5MB","field","Application of Remote Observations","0"
"BIOU5MB","field","Conducting Transects","0"
"BIOU5MB","field","Core Skills","0"
"BIOU5MB","field","Drone Observations","0"
"BIOU5MB","field","Environmental Impact Assessment","0"
"BIOU5MB","field","GPS Usage","0"
"BIOU5MB","field","Health and Safety Competency","1"
"BIOU5MB","field","Mapping Skills","0"
"BIOU5MB","field","Sampling: In-situ Monitoring","0"
"BIOU5MB","field","Sampling: Physical Collection","0"
"BIOU5MB","field","Species Monitoring","0"
"BIOU5MB","lab","Accurate Result Reporting","2"
"BIOU5MB","lab","Air Quality Analysis","0"
"BIOU5MB","lab","Chemical Handling","1"
"BIOU5MB","lab","Developing and Implementing SOPs","1"
"BIOU5MB","lab","Good Laboratory Practices (GLP)","2"
"BIOU5MB","lab","Maintaining Lab Notebooks","2"
"BIOU5MB","lab","Microscopy","1"
"BIOU5MB","lab","Operating Lab Equipment","1"
"BIOU5MB","lab","Physical Chemical Analysis","1"
"BIOU5MB","lab","Pipetting","2"
"BIOU5MB","lab","Risk Assessments","1"
"BIOU5MB","lab","Sample Preparation and Handling","2"
"BIOU5MB","lab","Soil Quality Assessment","0"
"BIOU5MB","lab","Water Quality Assessment","0"
"BIOU5MB","personal","Adaptability","2"
"BIOU5MB","personal","Verbal Communication","0"
"BIOU5MB","personal","Written Communication","2"
"BIOU5MB","personal","Conflict Resolution","0"
"BIOU5MB","personal","Critical Thinking","2"
"BIOU5MB","personal","Detail-Orientated Skills","1"
"BIOU5MB","personal","Innovation","1"
"BIOU5MB","personal","Integrated Problem-solving","2"
"BIOU5MB","personal","Interpersonal Skills","0"
"BIOU5MB","personal","Leadership","0"
"BIOU5MB","personal","Reliability","1"
"BIOU5MB","personal","Resourcefulness","1"
"BIOU5MB","personal","Self-awareness","0"
"BIOU5MB","personal","Self-motivation","2"
"BIOU5MB","personal","Teamwork & Collaboration","0"
"BIOU5MB","personal","Time Management","2"
"GEOU6GI","computational","AI (generative) Competency","0"
"GEOU6GI","computational","Computer Programming","0"
"GEOU6GI","computational","Data Management","0"
"GEOU6GI","computational","Effective Email Communication","0"
"GEOU6GI","computational","Geographical Information Systems (GIS)","0"
"GEOU6GI","computational","Graphic Design","2"
"GEOU6GI","computational","Modelling","0"
"GEOU6GI","computational","Presentation Software","3"
"GEOU6GI","computational","Remote Meeting/Collaborative Software","0"
"GEOU6GI","computational","Remote Sensing (data collection and analysis)","0"
"GEOU6GI","computational","Social Media","3"
"GEOU6GI","computational","Spreadsheet Creation and Management","0"
"GEOU6GI","computational","Statistical Programmes","0"
"GEOU6GI","computational","Word Processing","3"
"GEOU6GI","field","Application of Remote Observations","0"
"GEOU6GI","field","Conducting Transects","0"
"GEOU6GI","field","Core Skills","0"
"GEOU6GI","field","Drone Observations","0"
"GEOU6GI","field","Environmental Impact Assessment","0"
"GEOU6GI","field","GPS Usage","0"
"GEOU6GI","field","Health and Safety Competency","0"
"GEOU6GI","field","Mapping Skills","0"
"GEOU6GI","field","Sampling: In-situ Monitoring","0"
"GEOU6GI","field","Sampling: Physical Collection","0"
"GEOU6GI","field","Species Monitoring","0"
"GEOU6GI","lab","Accurate Result Reporting","0"
"GEOU6GI","lab","Air Quality Analysis","0"
"GEOU6GI","lab","Chemical Handling","0"
"GEOU6GI","lab","Developing and Implementing SOPs","0"
"GEOU6GI","lab","Good Laboratory Practices (GLP)","0"
"GEOU6GI","lab","Maintaining Lab Notebooks","0"
"GEOU6GI","lab","Microscopy","0"
"GEOU6GI","lab","Operating Lab Equipment","0"
"GEOU6GI","lab","Physical Chemical Analysis","0"
"GEOU6GI","lab","Pipetting","0"
"GEOU6GI","lab","Risk Assessments","0"
"GEOU6GI","lab","Sample Preparation and Handling","0"
"GEOU6GI","lab","Soil Quality Assessment","0"
"GEOU6GI","lab","Water Quality Assessment","0"
"GEOU6GI","personal","Adaptability","2"
"GEOU6GI","personal","Verbal Communication","1"
"GEOU6GI","personal","Written Communication","3"
"GEOU6GI","personal","Conflict Resolution","1"
"GEOU6GI","personal","Critical Thinking","3"
"GEOU6GI","personal","Detail-Orientated Skills","3"
"GEOU6GI","personal","Innovation","3"
"GEOU6GI","personal","Integrated Problem-solving","3"
"GEOU6GI","personal","Interpersonal Skills","1"
"GEOU6GI","personal","Leadership","1"
"GEOU6GI","personal","Reliability","2"
"GEOU6GI","personal","Resourcefulness","3"
"GEOU6GI","personal","Self-awareness","3"
"GEOU6GI","personal","Self-motivation","2"
"GEOU6GI","personal","Teamwork & Collaboration","1"
"GEOU6GI","personal","Time Management","2"
"BIOU9CP","computational","AI (generative) Competency","2"
"BIOU9CP","computational","Computer Programming","0"
"BIOU9CP","computational","Data Management","0"
"BIOU9CP","computational","Effective Email Communication","0"
"BIOU9CP","computational","Geographical Information Systems (GIS)","0"
"BIOU9CP","computational","Graphic Design","0"
"BIOU9CP","computational","Modelling","0"
"BIOU9CP","computational","Presentation Software","3"
"BIOU9CP","computational","Remote Meeting/Collaborative Software","0"
"BIOU9CP","computational","Remote Sensing (data collection and analysis)","0"
"BIOU9CP","computational","Social Media","0"
"BIOU9CP","computational","Spreadsheet Creation and Management","0"
"BIOU9CP","computational","Statistical Programmes","0"
"BIOU9CP","computational","Word Processing","0"
"BIOU9CP","field","Application of Remote Observations","0"
"BIOU9CP","field","Conducting Transects","0"
"BIOU9CP","field","Core Skills","0"
"BIOU9CP","field","Drone Observations","0"
"BIOU9CP","field","Environmental Impact Assessment","0"
"BIOU9CP","field","GPS Usage","0"
"BIOU9CP","field","Mapping Skills","0"
"BIOU9CP","field","Sampling: In-situ Monitoring","0"
"BIOU9CP","field","Sampling: Physical Collection","0"
"BIOU9CP","field","Species Monitoring","0"
"BIOU9CP","lab","Accurate Result Reporting","2"
"BIOU9CP","lab","Air Quality Analysis","0"
"BIOU9CP","lab","Chemical Handling","1"
"BIOU9CP","lab","Developing and Implementing SOPs","0"
"BIOU9CP","lab","Good Laboratory Practices (GLP)","1"
"BIOU9CP","lab","Maintaining Lab Notebooks","2"
"BIOU9CP","lab","Microscopy","2"
"BIOU9CP","lab","Operating Lab Equipment","2"
"BIOU9CP","lab","Physical Chemical Analysis","0"
"BIOU9CP","lab","Pipetting","3"
"BIOU9CP","lab","Risk Assessments","0"
"BIOU9CP","lab","Sample Preparation and Handling","2"
"BIOU9CP","lab","Soil Quality Assessment","0"
"BIOU9CP","lab","Water Quality Assessment","0"
"BIOU9CP","personal","Adaptability","3"
"BIOU9CP","personal","Verbal Communication","3"
"BIOU9CP","personal","Written Communication","3"
"BIOU9CP","personal","Conflict Resolution","0"
"BIOU9CP","personal","Critical Thinking","3"
"BIOU9CP","personal","Detail-Orientated Skills","3"
"BIOU9CP","personal","Innovation","3"
"BIOU9CP","personal","Integrated Problem-solving","3"
"BIOU9CP","personal","Interpersonal Skills","2"
"BIOU9CP","personal","Leadership","0"
"BIOU9CP","personal","Reliability","3"
"BIOU9CP","personal","Resourcefulness","3"
"BIOU9CP","personal","Self-awareness","2"
"BIOU9CP","personal","Self-motivation","2"
"BIOU9CP","personal","Teamwork & Collaboration","2"
"BIOU9CP","personal","Time Management","3"
"GEOU4ER","computational","AI (generative) Competency","0"
"GEOU4ER","computational","Computer Programming","1"
"GEOU4ER","computational","Data Management","2"
"GEOU4ER","computational","Effective Email Communication","0"
"GEOU4ER","computational","Geographical Information Systems (GIS)","0"
"GEOU4ER","computational","Graphic Design","2"
"GEOU4ER","computational","Modelling","2"
"GEOU4ER","computational","Presentation Software","2"
"GEOU4ER","computational","Remote Meeting/Collaborative Software","0"
"GEOU4ER","computational","Remote Sensing (data collection and analysis)","0"
"GEOU4ER","computational","Social Media","0"
"GEOU4ER","computational","Spreadsheet Creation and Management","2"
"GEOU4ER","computational","Statistical Programmes","0"
"GEOU4ER","computational","Word Processing","2"
"GEOU4ER","field","Application of Remote Observations","0"
"GEOU4ER","field","Conducting Transects","0"
"GEOU4ER","field","Core Skills","1"
"GEOU4ER","field","Drone Observations","0"
"GEOU4ER","field","Environmental Impact Assessment","0"
"GEOU4ER","field","GPS Usage","0"
"GEOU4ER","field","Health and Safety Competency","0"
"GEOU4ER","field","Mapping Skills","1"
"GEOU4ER","field","Sampling: In-situ Monitoring","0"
"GEOU4ER","field","Sampling: Physical Collection","0"
"GEOU4ER","field","Species Monitoring","0"
"GEOU4ER","lab","Accurate Result Reporting","0"
"GEOU4ER","lab","Air Quality Analysis","0"
"GEOU4ER","lab","Chemical Handling","0"
"GEOU4ER","lab","Developing and Implementing SOPs","0"
"GEOU4ER","lab","Good Laboratory Practices (GLP)","0"
"GEOU4ER","lab","Maintaining Lab Notebooks","0"
"GEOU4ER","lab","Microscopy","0"
"GEOU4ER","lab","Operating Lab Equipment","0"
"GEOU4ER","lab","Physical Chemical Analysis","0"
"GEOU4ER","lab","Pipetting","0"
"GEOU4ER","lab","Risk Assessments","0"
"GEOU4ER","lab","Sample Preparation and Handling","0"
"GEOU4ER","lab","Soil Quality Assessment","0"
"GEOU4ER","lab","Water Quality Assessment","0"
"GEOU4ER","personal","Adaptability","2"
"GEOU4ER","personal","Verbal Communication","2"
"GEOU4ER","personal","Written Communication","2"
"GEOU4ER","personal","Conflict Resolution","0"
"GEOU4ER","personal","Critical Thinking","2"
"GEOU4ER","personal","Detail-Orientated Skills","2"
"GEOU4ER","personal","Innovation","0"
"GEOU4ER","personal","Integrated Problem-solving","0"
"GEOU4ER","personal","Interpersonal Skills","2"
"GEOU4ER","personal","Leadership","0"
"GEOU4ER","personal","Reliability","1"
"GEOU4ER","personal","Resourcefulness","2"
"GEOU4ER","personal","Self-awareness","2"
"GEOU4ER","personal","Self-motivation","2"
"GEOU4ER","personal","Teamwork & Collaboration","1"
"GEOU4ER","personal","Time Management","2"
"BIOU7SB","computational","AI (generative) Competency","2"
"BIOU7SB","computational","Computer Programming","2"
"BIOU7SB","computational","Data Management","3"
"BIOU7SB","computational","Effective Email Communication","0"
"BIOU7SB","computational","Geographical Information Systems (GIS)","0"
"BIOU7SB","computational","Graphic Design","0"
"BIOU7SB","computational","Modelling","0"
"BIOU7SB","computational","Presentation Software","0"
"BIOU7SB","computational","Remote Meeting/Collaborative Software","0"
"BIOU7SB","computational","Remote Sensing (data collection and analysis)","0"
"BIOU7SB","computational","Social Media","0"
"BIOU7SB","computational","Spreadsheet Creation and Management","2"
"BIOU7SB","computational","Statistical Programmes","2"
"BIOU7SB","computational","Word Processing","3"
"BIOU7SB","field","Application of Remote Observations","0"
"BIOU7SB","field","Conducting Transects","0"
"BIOU7SB","field","Core Skills","0"
"BIOU7SB","field","Drone Observations","0"
"BIOU7SB","field","Environmental Impact Assessment","0"
"BIOU7SB","field","GPS Usage","0"
"BIOU7SB","field","Health and Safety Competency","0"
"BIOU7SB","field","Mapping Skills","0"
"BIOU7SB","field","Sampling: In-situ Monitoring","0"
"BIOU7SB","field","Sampling: Physical Collection","0"
"BIOU7SB","field","Species Monitoring","3"
"BIOU7SB","lab","Accurate Result Reporting","2"
"BIOU7SB","lab","Air Quality Analysis","0"
"BIOU7SB","lab","Chemical Handling","0"
"BIOU7SB","lab","Developing and Implementing SOPs","0"
"BIOU7SB","lab","Good Laboratory Practices (GLP)","0"
"BIOU7SB","lab","Maintaining Lab Notebooks","2"
"BIOU7SB","lab","Microscopy","0"
"BIOU7SB","lab","Operating Lab Equipment","0"
"BIOU7SB","lab","Physical Chemical Analysis","0"
"BIOU7SB","lab","Pipetting","0"
"BIOU7SB","lab","Risk Assessments","0"
"BIOU7SB","lab","Sample Preparation and Handling","0"
"BIOU7SB","lab","Soil Quality Assessment","0"
"BIOU7SB","lab","Water Quality Assessment","0"
"BIOU7SB","personal","Adaptability","2"
"BIOU7SB","personal","Verbal Communication","2"
"BIOU7SB","personal","Written Communication","3"
"BIOU7SB","personal","Conflict Resolution","0"
"BIOU7SB","personal","Critical Thinking","3"
"BIOU7SB","personal","Detail-Orientated Skills","0"
"BIOU7SB","personal","Innovation","2"
"BIOU7SB","personal","Integrated Problem-solving","0"
"BIOU7SB","personal","Interpersonal Skills","2"
"BIOU7SB","personal","Leadership","0"
"BIOU7SB","personal","Reliability","3"
"BIOU7SB","personal","Resourcefulness","2"
"BIOU7SB","personal","Self-awareness","0"
"BIOU7SB","personal","Self-motivation","3"
"BIOU7SB","personal","Teamwork & Collaboration","0"
"BIOU7SB","personal","Time Management","3"
"BIOU9PL","computational","AI (generative) Competency","1"
"BIOU9PL","computational","Computer Programming","0"
"BIOU9PL","computational","Data Management","1"
"BIOU9PL","computational","Effective Email Communication","2"
"BIOU9PL","computational","Geographical Information Systems (GIS)","0"
"BIOU9PL","computational","Graphic Design","0"
"BIOU9PL","computational","Modelling","0"
"BIOU9PL","computational","Presentation Software","2"
"BIOU9PL","computational","Remote Meeting/Collaborative Software","1"
"BIOU9PL","computational","Remote Sensing (data collection and analysis)","0"
"BIOU9PL","computational","Social Media","1"
"BIOU9PL","computational","Spreadsheet Creation and Management","0"
"BIOU9PL","computational","Statistical Programmes","0"
"BIOU9PL","computational","Word Processing","2"
"BIOU9PL","field","Application of Remote Observations","0"
"BIOU9PL","field","Conducting Transects","0"
"BIOU9PL","field","Core Skills","0"
"BIOU9PL","field","Drone Observations","0"
"BIOU9PL","field","Environmental Impact Assessment","0"
"BIOU9PL","field","GPS Usage","0"
"BIOU9PL","field","Health and Safety Competency","2"
"BIOU9PL","field","Mapping Skills","0"
"BIOU9PL","field","Sampling: In-situ Monitoring","0"
"BIOU9PL","field","Sampling: Physical Collection","0"
"BIOU9PL","field","Species Monitoring","0"
"BIOU9PL","lab","Accurate Result Reporting","3"
"BIOU9PL","lab","Air Quality Analysis","0"
"BIOU9PL","lab","Chemical Handling","3"
"BIOU9PL","lab","Developing and Implementing SOPs","3"
"BIOU9PL","lab","Good Laboratory Practices (GLP)","2"
"BIOU9PL","lab","Maintaining Lab Notebooks","3"
"BIOU9PL","lab","Microscopy","0"
"BIOU9PL","lab","Operating Lab Equipment","3"
"BIOU9PL","lab","Physical Chemical Analysis","2"
"BIOU9PL","lab","Pipetting","3"
"BIOU9PL","lab","Risk Assessments","3"
"BIOU9PL","lab","Sample Preparation and Handling","3"
"BIOU9PL","lab","Soil Quality Assessment","0"
"BIOU9PL","lab","Water Quality Assessment","0"
"BIOU9PL","personal","Adaptability","2"
"BIOU9PL","personal","Verbal Communication","3"
"BIOU9PL","personal","Written Communication","2"
"BIOU9PL","personal","Conflict Resolution","2"
"BIOU9PL","personal","Critical Thinking","3"
"BIOU9PL","personal","Detail-Orientated Skills","3"
"BIOU9PL","personal","Innovation","2"
"BIOU9PL","personal","Integrated Problem-solving","3"
"BIOU9PL","personal","Interpersonal Skills","3"
"BIOU9PL","personal","Leadership","2"
"BIOU9PL","personal","Reliability","3"
"BIOU9PL","personal","Resourcefulness","3"
"BIOU9PL","personal","Self-awareness","3"
"BIOU9PL","personal","Self-motivation","3"
"BIOU9PL","personal","Teamwork & Collaboration","3"
"BIOU9PL","personal","Time Management","3"
"BIOU9PC","computational","AI (generative) Competency","0"
"BIOU9PC","computational","Computer Programming","0"
"BIOU9PC","computational","Data Management","1"
"BIOU9PC","computational","Effective Email Communication","1"
"BIOU9PC","computational","Geographical Information Systems (GIS)","0"
"BIOU9PC","computational","Graphic Design","0"
"BIOU9PC","computational","Modelling","2"
"BIOU9PC","computational","Presentation Software","0"
"BIOU9PC","computational","Remote Meeting/Collaborative Software","1"
"BIOU9PC","computational","Remote Sensing (data collection and analysis)","0"
"BIOU9PC","computational","Social Media","0"
"BIOU9PC","computational","Spreadsheet Creation and Management","2"
"BIOU9PC","computational","Statistical Programmes","0"
"BIOU9PC","computational","Word Processing","3"
"BIOU9PC","field","Application of Remote Observations","1"
"BIOU9PC","field","Conducting Transects","1"
"BIOU9PC","field","Core Skills","0"
"BIOU9PC","field","Drone Observations","0"
"BIOU9PC","field","Environmental Impact Assessment","0"
"BIOU9PC","field","GPS Usage","0"
"BIOU9PC","field","Health and Safety Competency","0"
"BIOU9PC","field","Mapping Skills","0"
"BIOU9PC","field","Sampling: In-situ Monitoring","1"
"BIOU9PC","field","Sampling: Physical Collection","0"
"BIOU9PC","field","Species Monitoring","0"
"BIOU9PC","lab","Accurate Result Reporting","2"
"BIOU9PC","lab","Air Quality Analysis","0"
"BIOU9PC","lab","Chemical Handling","0"
"BIOU9PC","lab","Developing and Implementing SOPs","0"
"BIOU9PC","lab","Good Laboratory Practices (GLP)","0"
"BIOU9PC","lab","Maintaining Lab Notebooks","0"
"BIOU9PC","lab","Microscopy","0"
"BIOU9PC","lab","Operating Lab Equipment","0"
"BIOU9PC","lab","Physical Chemical Analysis","0"
"BIOU9PC","lab","Pipetting","0"
"BIOU9PC","lab","Risk Assessments","0"
"BIOU9PC","lab","Sample Preparation and Handling","0"
"BIOU9PC","lab","Soil Quality Assessment","0"
"BIOU9PC","lab","Water Quality Assessment","0"
"BIOU9PC","personal","Adaptability","2"
"BIOU9PC","personal","Verbal Communication","2"
"BIOU9PC","personal","Written Communication","3"
"BIOU9PC","personal","Conflict Resolution","0"
"BIOU9PC","personal","Critical Thinking","3"
"BIOU9PC","personal","Detail-Orientated Skills","2"
"BIOU9PC","personal","Innovation","0"
"BIOU9PC","personal","Integrated Problem-solving","2"
"BIOU9PC","personal","Interpersonal Skills","2"
"BIOU9PC","personal","Leadership","0"
"BIOU9PC","personal","Reliability","2"
"BIOU9PC","personal","Resourcefulness","2"
"BIOU9PC","personal","Self-awareness","1"
"BIOU9PC","personal","Self-motivation","2"
"BIOU9PC","personal","Teamwork & Collaboration","2"
"BIOU9PC","personal","Time Management","2"
"ENVU6SP","computational","AI (generative) Competency","0"
"ENVU6SP","computational","Computer Programming","0"
"ENVU6SP","computational","Data Management","0"
"ENVU6SP","computational","Effective Email Communication","2"
"ENVU6SP","computational","Geographical Information Systems (GIS)","2"
"ENVU6SP","computational","Graphic Design","2"
"ENVU6SP","computational","Modelling","0"
"ENVU6SP","computational","Presentation Software","3"
"ENVU6SP","computational","Remote Meeting/Collaborative Software","1"
"ENVU6SP","computational","Remote Sensing (data collection and analysis)","0"
"ENVU6SP","computational","Social Media","0"
"ENVU6SP","computational","Spreadsheet Creation and Management","0"
"ENVU6SP","computational","Statistical Programmes","0"
"ENVU6SP","computational","Word Processing","3"
"ENVU6SP","field","Application of Remote Observations","2"
"ENVU6SP","field","Conducting Transects","0"
"ENVU6SP","field","Core Skills","1"
"ENVU6SP","field","Drone Observations","0"
"ENVU6SP","field","Environmental Impact Assessment","3"
"ENVU6SP","field","GPS Usage","0"
"ENVU6SP","field","Health and Safety Competency","1"
"ENVU6SP","field","Mapping Skills","1"
"ENVU6SP","field","Sampling: In-situ Monitoring","2"
"ENVU6SP","field","Sampling: Physical Collection","1"
"ENVU6SP","field","Species Monitoring","0"
"ENVU6SP","lab","Accurate Result Reporting","0"
"ENVU6SP","lab","Air Quality Analysis","0"
"ENVU6SP","lab","Chemical Handling","0"
"ENVU6SP","lab","Developing and Implementing SOPs","0"
"ENVU6SP","lab","Good Laboratory Practices (GLP)","0"
"ENVU6SP","lab","Maintaining Lab Notebooks","0"
"ENVU6SP","lab","Microscopy","0"
"ENVU6SP","lab","Operating Lab Equipment","0"
"ENVU6SP","lab","Physical Chemical Analysis","0"
"ENVU6SP","lab","Pipetting","0"
"ENVU6SP","lab","Risk Assessments","1"
"ENVU6SP","lab","Sample Preparation and Handling","0"
"ENVU6SP","lab","Soil Quality Assessment","0"
"ENVU6SP","lab","Water Quality Assessment","0"
"ENVU6SP","personal","Adaptability","1"
"ENVU6SP","personal","Verbal Communication","3"
"ENVU6SP","personal","Written Communication","3"
"ENVU6SP","personal","Conflict Resolution","3"
"ENVU6SP","personal","Critical Thinking","3"
"ENVU6SP","personal","Detail-Orientated Skills","2"
"ENVU6SP","personal","Innovation","2"
"ENVU6SP","personal","Integrated Problem-solving","2"
"ENVU6SP","personal","Interpersonal Skills","3"
"ENVU6SP","personal","Leadership","2"
"ENVU6SP","personal","Reliability","3"
"ENVU6SP","personal","Resourcefulness","2"
"ENVU6SP","personal","Self-awareness","3"
"ENVU6SP","personal","Self-motivation","3"
"ENVU6SP","personal","Teamwork & Collaboration","3"
"ENVU6SP","personal","Time Management","3"
"ENVU7CP","computational","AI (generative) Competency","0"
"ENVU7CP","computational","Computer Programming","0"
"ENVU7CP","computational","Data Management","0"
"ENVU7CP","computational","Effective Email Communication","1"
"ENVU7CP","computational","Geographical Information Systems (GIS)","0"
"ENVU7CP","computational","Graphic Design","0"
"ENVU7CP","computational","Modelling","0"
"ENVU7CP","computational","Presentation Software","0"
"ENVU7CP","computational","Remote Meeting/Collaborative Software","0"
"ENVU7CP","computational","Remote Sensing (data collection and analysis)","0"
"ENVU7CP","computational","Social Media","2"
"ENVU7CP","computational","Spreadsheet Creation and Management","0"
"ENVU7CP","computational","Statistical Programmes","0"
"ENVU7CP","computational","Word Processing","2"
"ENVU7CP","field","Application of Remote Observations","0"
"ENVU7CP","field","Conducting Transects","0"
"ENVU7CP","field","Core Skills","0"
"ENVU7CP","field","Drone Observations","0"
"ENVU7CP","field","Environmental Impact Assessment","0"
"ENVU7CP","field","GPS Usage","0"
"ENVU7CP","field","Health and Safety Competency","0"
"ENVU7CP","field","Mapping Skills","0"
"ENVU7CP","field","Sampling: In-situ Monitoring","0"
"ENVU7CP","field","Sampling: Physical Collection","0"
"ENVU7CP","field","Species Monitoring","0"
"ENVU7CP","lab","Accurate Result Reporting","0"
"ENVU7CP","lab","Air Quality Analysis","0"
"ENVU7CP","lab","Chemical Handling","0"
"ENVU7CP","lab","Developing and Implementing SOPs","0"
"ENVU7CP","lab","Good Laboratory Practices (GLP)","0"
"ENVU7CP","lab","Maintaining Lab Notebooks","0"
"ENVU7CP","lab","Microscopy","0"
"ENVU7CP","lab","Operating Lab Equipment","0"
"ENVU7CP","lab","Physical Chemical Analysis","0"
"ENVU7CP","lab","Pipetting","0"
"ENVU7CP","lab","Risk Assessments","0"
"ENVU7CP","lab","Sample Preparation and Handling","0"
"ENVU7CP","lab","Soil Quality Assessment","0"
"ENVU7CP","lab","Water Quality Assessment","0"
"ENVU7CP","personal","Adaptability","2"
"ENVU7CP","personal","Verbal Communication","2"
"ENVU7CP","personal","Written Communication","3"
"ENVU7CP","personal","Conflict Resolution","2"
"ENVU7CP","personal","Critical Thinking","3"
"ENVU7CP","personal","Detail-Orientated Skills","3"
"ENVU7CP","personal","Innovation","2"
"ENVU7CP","personal","Integrated Problem-solving","2"
"ENVU7CP","personal","Interpersonal Skills","3"
"ENVU7CP","personal","Leadership","2"
"ENVU7CP","personal","Reliability","2"
"ENVU7CP","personal","Resourcefulness","2"
"ENVU7CP","personal","Self-awareness","2"
"ENVU7CP","personal","Self-motivation","3"
"ENVU7CP","personal","Teamwork & Collaboration","3"
"ENVU7CP","personal","Time Management","3"
"SCIU7SR","computational","AI (generative) Competency","2"
"SCIU7SR","computational","Computer Programming","3"
"SCIU7SR","computational","Data Management","2"
"SCIU7SR","computational","Effective Email Communication","0"
"SCIU7SR","computational","Geographical Information Systems (GIS)","0"
"SCIU7SR","computational","Graphic Design","3"
"SCIU7SR","computational","Modelling","3"
"SCIU7SR","computational","Presentation Software","0"
"SCIU7SR","computational","Remote Meeting/Collaborative Software","0"
"SCIU7SR","computational","Remote Sensing (data collection and analysis)","0"
"SCIU7SR","computational","Social Media","0"
"SCIU7SR","computational","Spreadsheet Creation and Management","3"
"SCIU7SR","computational","Statistical Programmes","3"
"SCIU7SR","computational","Word Processing","2"
"SCIU7SR","field","Application of Remote Observations","0"
"SCIU7SR","field","Conducting Transects","0"
"SCIU7SR","field","Core Skills","0"
"SCIU7SR","field","Drone Observations","0"
"SCIU7SR","field","Environmental Impact Assessment","0"
"SCIU7SR","field","GPS Usage","0"
"SCIU7SR","field","Health and Safety Competency","0"
"SCIU7SR","field","Mapping Skills","0"
"SCIU7SR","field","Sampling: In-situ Monitoring","0"
"SCIU7SR","field","Sampling: Physical Collection","0"
"SCIU7SR","field","Species Monitoring","0"
"SCIU7SR","lab","Accurate Result Reporting","2"
"SCIU7SR","lab","Air Quality Analysis","0"
"SCIU7SR","lab","Chemical Handling","0"
"SCIU7SR","lab","Developing and Implementing SOPs","0"
"SCIU7SR","lab","Good Laboratory Practices (GLP)","0"
"SCIU7SR","lab","Maintaining Lab Notebooks","0"
"SCIU7SR","lab","Microscopy","0"
"SCIU7SR","lab","Operating Lab Equipment","0"
"SCIU7SR","lab","Physical Chemical Analysis","0"
"SCIU7SR","lab","Pipetting","0"
"SCIU7SR","lab","Risk Assessments","0"
"SCIU7SR","lab","Sample Preparation and Handling","0"
"SCIU7SR","lab","Soil Quality Assessment","0"
"SCIU7SR","lab","Water Quality Assessment","0"
"SCIU7SR","personal","Adaptability","2"
"SCIU7SR","personal","Verbal Communication","0"
"SCIU7SR","personal","Written Communication","2"
"SCIU7SR","personal","Conflict Resolution","0"
"SCIU7SR","personal","Critical Thinking","3"
"SCIU7SR","personal","Detail-Orientated Skills","3"
"SCIU7SR","personal","Innovation","2"
"SCIU7SR","personal","Integrated Problem-solving","3"
"SCIU7SR","personal","Interpersonal Skills","0"
"SCIU7SR","personal","Leadership","0"
"SCIU7SR","personal","Reliability","2"
"SCIU7SR","personal","Resourcefulness","2"
"SCIU7SR","personal","Self-awareness","0"
"SCIU7SR","personal","Self-motivation","2"
"SCIU7SR","personal","Teamwork & Collaboration","0"
"SCIU7SR","personal","Time Management","2"
"ENVU5EP","computational","AI (generative) Competency","1"
"ENVU5EP","computational","Computer Programming","0"
"ENVU5EP","computational","Data Management","0"
"ENVU5EP","computational","Effective Email Communication","1"
"ENVU5EP","computational","Geographical Information Systems (GIS)","0"
"ENVU5EP","computational","Graphic Design","2"
"ENVU5EP","computational","Modelling","0"
"ENVU5EP","computational","Presentation Software","2"
"ENVU5EP","computational","Remote Meeting/Collaborative Software","0"
"ENVU5EP","computational","Remote Sensing (data collection and analysis)","0"
"ENVU5EP","computational","Social Media","2"
"ENVU5EP","computational","Spreadsheet Creation and Management","0"
"ENVU5EP","computational","Statistical Programmes","0"
"ENVU5EP","computational","Word Processing","2"
"ENVU5EP","field","Application of Remote Observations","0"
"ENVU5EP","field","Conducting Transects","0"
"ENVU5EP","field","Core Skills","0"
"ENVU5EP","field","Drone Observations","0"
"ENVU5EP","field","Environmental Impact Assessment","0"
"ENVU5EP","field","GPS Usage","0"
"ENVU5EP","field","Health and Safety Competency","1"
"ENVU5EP","field","Mapping Skills","0"
"ENVU5EP","field","Sampling: In-situ Monitoring","0"
"ENVU5EP","field","Sampling: Physical Collection","0"
"ENVU5EP","field","Species Monitoring","0"
"ENVU5EP","lab","Accurate Result Reporting","0"
"ENVU5EP","lab","Air Quality Analysis","0"
"ENVU5EP","lab","Chemical Handling","0"
"ENVU5EP","lab","Developing and Implementing SOPs","0"
"ENVU5EP","lab","Good Laboratory Practices (GLP)","0"
"ENVU5EP","lab","Maintaining Lab Notebooks","0"
"ENVU5EP","lab","Microscopy","0"
"ENVU5EP","lab","Operating Lab Equipment","0"
"ENVU5EP","lab","Physical Chemical Analysis","0"
"ENVU5EP","lab","Pipetting","0"
"ENVU5EP","lab","Risk Assessments","0"
"ENVU5EP","lab","Sample Preparation and Handling","0"
"ENVU5EP","lab","Soil Quality Assessment","0"
"ENVU5EP","lab","Water Quality Assessment","0"
"ENVU5EP","personal","Adaptability","1"
"ENVU5EP","personal","Verbal Communication","3"
"ENVU5EP","personal","Written Communication","3"
"ENVU5EP","personal","Conflict Resolution","2"
"ENVU5EP","personal","Critical Thinking","3"
"ENVU5EP","personal","Detail-Orientated Skills","3"
"ENVU5EP","personal","Innovation","2"
"ENVU5EP","personal","Integrated Problem-solving","2"
"ENVU5EP","personal","Interpersonal Skills","3"
"ENVU5EP","personal","Leadership","2"
"ENVU5EP","personal","Reliability","2"
"ENVU5EP","personal","Resourcefulness","2"
"ENVU5EP","personal","Self-awareness","3"
"ENVU5EP","personal","Self-motivation","3"
"ENVU5EP","personal","Teamwork & Collaboration","3"
"ENVU5EP","personal","Time Management","3"
"ENVU1BP","computational","AI (generative) Competency","1"
"ENVU1BP","computational","Computer Programming","0"
"ENVU1BP","computational","Data Management","1"
"ENVU1BP","computational","Effective Email Communication","1"
"ENVU1BP","computational","Geographical Information Systems (GIS)","0"
"ENVU1BP","computational","Graphic Design","2"
"ENVU1BP","computational","Modelling","0"
"ENVU1BP","computational","Presentation Software","1"
"ENVU1BP","computational","Remote Meeting/Collaborative Software","0"
"ENVU1BP","computational","Remote Sensing (data collection and analysis)","0"
"ENVU1BP","computational","Social Media","0"
"ENVU1BP","computational","Spreadsheet Creation and Management","0"
"ENVU1BP","computational","Statistical Programmes","0"
"ENVU1BP","computational","Word Processing","2"
"ENVU1BP","field","Application of Remote Observations","0"
"ENVU1BP","field","Conducting Transects","0"
"ENVU1BP","field","Core Skills","1"
"ENVU1BP","field","Drone Observations","0"
"ENVU1BP","field","Environmental Impact Assessment","0"
"ENVU1BP","field","GPS Usage","0"
"ENVU1BP","field","Health and Safety Competency","0"
"ENVU1BP","field","Mapping Skills","2"
"ENVU1BP","field","Sampling: In-situ Monitoring","0"
"ENVU1BP","field","Sampling: Physical Collection","0"
"ENVU1BP","field","Species Monitoring","0"
"ENVU1BP","lab","Accurate Result Reporting","2"
"ENVU1BP","lab","Air Quality Analysis","0"
"ENVU1BP","lab","Chemical Handling","0"
"ENVU1BP","lab","Developing and Implementing SOPs","0"
"ENVU1BP","lab","Good Laboratory Practices (GLP)","1"
"ENVU1BP","lab","Maintaining Lab Notebooks","1"
"ENVU1BP","lab","Microscopy","0"
"ENVU1BP","lab","Operating Lab Equipment","0"
"ENVU1BP","lab","Physical Chemical Analysis","0"
"ENVU1BP","lab","Pipetting","0"
"ENVU1BP","lab","Risk Assessments","0"
"ENVU1BP","lab","Sample Preparation and Handling","0"
"ENVU1BP","lab","Soil Quality Assessment","0"
"ENVU1BP","lab","Water Quality Assessment","0"
"ENVU1BP","personal","Adaptability","1"
"ENVU1BP","personal","Verbal Communication","2"
"ENVU1BP","personal","Written Communication","2"
"ENVU1BP","personal","Conflict Resolution","1"
"ENVU1BP","personal","Critical Thinking","0"
"ENVU1BP","personal","Detail-Orientated Skills","0"
"ENVU1BP","personal","Innovation","0"
"ENVU1BP","personal","Integrated Problem-solving","1"
"ENVU1BP","personal","Interpersonal Skills","1"
"ENVU1BP","personal","Leadership","1"
"ENVU1BP","personal","Reliability","2"
"ENVU1BP","personal","Resourcefulness","1"
"ENVU1BP","personal","Self-awareness","1"
"ENVU1BP","personal","Self-motivation","2"
"ENVU1BP","personal","Teamwork & Collaboration","1"
"ENVU1BP","personal","Time Management","1"
"SCIU3FS","computational","AI (generative) Competency","0"
"SCIU3FS","computational","Computer Programming","0"
"SCIU3FS","computational","Data Management","1"
"SCIU3FS","computational","Effective Email Communication","1"
"SCIU3FS","computational","Geographical Information Systems (GIS)","1"
"SCIU3FS","computational","Graphic Design","2"
"SCIU3FS","computational","Modelling","0"
"SCIU3FS","computational","Presentation Software","2"
"SCIU3FS","computational","Remote Meeting/Collaborative Software","0"
"SCIU3FS","computational","Remote Sensing (data collection and analysis)","1"
"SCIU3FS","computational","Social Media","0"
"SCIU3FS","computational","Spreadsheet Creation and Management","0"
"SCIU3FS","computational","Statistical Programmes","0"
"SCIU3FS","computational","Word Processing","2"
"SCIU3FS","field","Application of Remote Observations","1"
"SCIU3FS","field","Conducting Transects","2"
"SCIU3FS","field","Core Skills","2"
"SCIU3FS","field","Drone Observations","1"
"SCIU3FS","field","Environmental Impact Assessment","0"
"SCIU3FS","field","GPS Usage","2"
"SCIU3FS","field","Health and Safety Competency","1"
"SCIU3FS","field","Mapping Skills","2"
"SCIU3FS","field","Sampling: In-situ Monitoring","1"
"SCIU3FS","field","Sampling: Physical Collection","2"
"SCIU3FS","field","Species Monitoring","1"
"SCIU3FS","lab","Accurate Result Reporting","2"
"SCIU3FS","lab","Air Quality Analysis","0"
"SCIU3FS","lab","Chemical Handling","0"
"SCIU3FS","lab","Developing and Implementing SOPs","0"
"SCIU3FS","lab","Good Laboratory Practices (GLP)","0"
"SCIU3FS","lab","Maintaining Lab Notebooks","2"
"SCIU3FS","lab","Microscopy","0"
"SCIU3FS","lab","Operating Lab Equipment","0"
"SCIU3FS","lab","Physical Chemical Analysis","0"
"SCIU3FS","lab","Pipetting","0"
"SCIU3FS","lab","Risk Assessments","1"
"SCIU3FS","lab","Sample Preparation and Handling","0"
"SCIU3FS","lab","Soil Quality Assessment","1"
"SCIU3FS","lab","Water Quality Assessment","0"
"SCIU3FS","personal","Adaptability","2"
"SCIU3FS","personal","Verbal Communication","3"
"SCIU3FS","personal","Written Communication","2"
"SCIU3FS","personal","Conflict Resolution","2"
"SCIU3FS","personal","Critical Thinking","2"
"SCIU3FS","personal","Detail-Orientated Skills","2"
"SCIU3FS","personal","Innovation","2"
"SCIU3FS","personal","Integrated Problem-solving","3"
"SCIU3FS","personal","Interpersonal Skills","3"
"SCIU3FS","personal","Leadership","2"
"SCIU3FS","personal","Reliability","2"
"SCIU3FS","personal","Resourcefulness","2"
"SCIU3FS","personal","Self-awareness","2"
"SCIU3FS","personal","Self-motivation","2"
"SCIU3FS","personal","Teamwork & Collaboration","3"
"SCIU3FS","personal","Time Management","2"
"EOEU2OE","computational","AI (generative) Competency","0"
"EOEU2OE","computational","Computer Programming","0"
"EOEU2OE","computational","Data Management","1"
"EOEU2OE","computational","Effective Email Communication","3"
"EOEU2OE","computational","Geographical Information Systems (GIS)","0"
"EOEU2OE","computational","Graphic Design","0"
"EOEU2OE","computational","Modelling","0"
"EOEU2OE","computational","Presentation Software","2"
"EOEU2OE","computational","Remote Meeting/Collaborative Software","1"
"EOEU2OE","computational","Remote Sensing (data collection and analysis)","0"
"EOEU2OE","computational","Social Media","0"
"EOEU2OE","computational","Spreadsheet Creation and Management","1"
"EOEU2OE","computational","Statistical Programmes","0"
"EOEU2OE","computational","Word Processing","2"
"EOEU2OE","field","Application of Remote Observations","0"
"EOEU2OE","field","Conducting Transects","0"
"EOEU2OE","field","Core Skills","3"
"EOEU2OE","field","Drone Observations","0"
"EOEU2OE","field","Environmental Impact Assessment","0"
"EOEU2OE","field","GPS Usage","2"
"EOEU2OE","field","Health and Safety Competency","2"
"EOEU2OE","field","Mapping Skills","2"
"EOEU2OE","field","Sampling: In-situ Monitoring","0"
"EOEU2OE","field","Sampling: Physical Collection","0"
"EOEU2OE","field","Species Monitoring","0"
"EOEU2OE","lab","Accurate Result Reporting","0"
"EOEU2OE","lab","Air Quality Analysis","0"
"EOEU2OE","lab","Chemical Handling","0"
"EOEU2OE","lab","Developing and Implementing SOPs","0"
"EOEU2OE","lab","Good Laboratory Practices (GLP)","0"
"EOEU2OE","lab","Maintaining Lab Notebooks","0"
"EOEU2OE","lab","Microscopy","0"
"EOEU2OE","lab","Operating Lab Equipment","0"
"EOEU2OE","lab","Physical Chemical Analysis","0"
"EOEU2OE","lab","Pipetting","0"
"EOEU2OE","lab","Risk Assessments","2"
"EOEU2OE","lab","Sample Preparation and Handling","0"
"EOEU2OE","lab","Soil Quality Assessment","0"
"EOEU2OE","lab","Water Quality Assessment","0"
"EOEU2OE","personal","Adaptability","3"
"EOEU2OE","personal","Verbal Communication","2"
"EOEU2OE","personal","Written Communication","2"
"EOEU2OE","personal","Conflict Resolution","2"
"EOEU2OE","personal","Critical Thinking","2"
"EOEU2OE","personal","Detail-Orientated Skills","2"
"EOEU2OE","personal","Innovation","2"
"EOEU2OE","personal","Integrated Problem-solving","2"
"EOEU2OE","personal","Interpersonal Skills","3"
"EOEU2OE","personal","Leadership","3"
"EOEU2OE","personal","Reliability","3"
"EOEU2OE","personal","Resourcefulness","3"
"EOEU2OE","personal","Self-awareness","2"
"EOEU2OE","personal","Self-motivation","3"
"EOEU2OE","personal","Teamwork & Collaboration","3"
"EOEU2OE","personal","Time Management","2"
"BIOU3GE","computational","AI (generative) Competency","0"
"BIOU3GE","computational","Computer Programming","0"
"BIOU3GE","computational","Data Management","2"
"BIOU3GE","computational","Effective Email Communication","0"
"BIOU3GE","computational","Geographical Information Systems (GIS)","0"
"BIOU3GE","computational","Graphic Design","0"
"BIOU3GE","computational","Modelling","1"
"BIOU3GE","computational","Presentation Software","0"
"BIOU3GE","computational","Remote Meeting/Collaborative Software","0"
"BIOU3GE","computational","Remote Sensing (data collection and analysis)","0"
"BIOU3GE","computational","Social Media","0"
"BIOU3GE","computational","Spreadsheet Creation and Management","2"
"BIOU3GE","computational","Statistical Programmes","0"
"BIOU3GE","computational","Word Processing","2"
"BIOU3GE","field","Application of Remote Observations","0"
"BIOU3GE","field","Conducting Transects","0"
"BIOU3GE","field","Core Skills","0"
"BIOU3GE","field","Drone Observations","0"
"BIOU3GE","field","Environmental Impact Assessment","0"
"BIOU3GE","field","GPS Usage","0"
"BIOU3GE","field","Health and Safety Competency","0"
"BIOU3GE","field","Mapping Skills","0"
"BIOU3GE","field","Sampling: In-situ Monitoring","0"
"BIOU3GE","field","Sampling: Physical Collection","0"
"BIOU3GE","field","Species Monitoring","0"
"BIOU3GE","lab","Accurate Result Reporting","2"
"BIOU3GE","lab","Air Quality Analysis","0"
"BIOU3GE","lab","Chemical Handling","2"
"BIOU3GE","lab","Developing and Implementing SOPs","2"
"BIOU3GE","lab","Good Laboratory Practices (GLP)","2"
"BIOU3GE","lab","Maintaining Lab Notebooks","0"
"BIOU3GE","lab","Microscopy","0"
"BIOU3GE","lab","Operating Lab Equipment","2"
"BIOU3GE","lab","Physical Chemical Analysis","0"
"BIOU3GE","lab","Pipetting","2"
"BIOU3GE","lab","Risk Assessments","2"
"BIOU3GE","lab","Sample Preparation and Handling","2"
"BIOU3GE","lab","Soil Quality Assessment","0"
"BIOU3GE","lab","Water Quality Assessment","0"
"BIOU3GE","personal","Adaptability","0"
"BIOU3GE","personal","Verbal Communication","0"
"BIOU3GE","personal","Written Communication","3"
"BIOU3GE","personal","Conflict Resolution","0"
"BIOU3GE","personal","Critical Thinking","2"
"BIOU3GE","personal","Detail-Orientated Skills","2"
"BIOU3GE","personal","Innovation","0"
"BIOU3GE","personal","Integrated Problem-solving","2"
"BIOU3GE","personal","Interpersonal Skills","0"
"BIOU3GE","personal","Leadership","0"
"BIOU3GE","personal","Reliability","2"
"BIOU3GE","personal","Resourcefulness","1"
"BIOU3GE","personal","Self-awareness","1"
"BIOU3GE","personal","Self-motivation","3"
"BIOU3GE","personal","Teamwork & Collaboration","0"
"BIOU3GE","personal","Time Management","3"
"EOEU4R4","computational","AI (generative) Competency","0"
"EOEU4R4","computational","Computer Programming","0"
"EOEU4R4","computational","Data Management","2"
"EOEU4R4","computational","Effective Email Communication","3"
"EOEU4R4","computational","Geographical Information Systems (GIS)","0"
"EOEU4R4","computational","Graphic Design","0"
"EOEU4R4","computational","Modelling","0"
"EOEU4R4","computational","Presentation Software","2"
"EOEU4R4","computational","Remote Meeting/Collaborative Software","2"
"EOEU4R4","computational","Remote Sensing (data collection and analysis)","0"
"EOEU4R4","computational","Social Media","0"
"EOEU4R4","computational","Spreadsheet Creation and Management","0"
"EOEU4R4","computational","Statistical Programmes","0"
"EOEU4R4","computational","Word Processing","2"
"EOEU4R4","field","Application of Remote Observations","0"
"EOEU4R4","field","Conducting Transects","0"
"EOEU4R4","field","Core Skills","3"
"EOEU4R4","field","Drone Observations","0"
"EOEU4R4","field","Environmental Impact Assessment","0"
"EOEU4R4","field","GPS Usage","2"
"EOEU4R4","field","Health and Safety Competency","3"
"EOEU4R4","field","Mapping Skills","0"
"EOEU4R4","field","Sampling: In-situ Monitoring","0"
"EOEU4R4","field","Sampling: Physical Collection","0"
"EOEU4R4","field","Species Monitoring","0"
"EOEU4R4","lab","Accurate Result Reporting","0"
"EOEU4R4","lab","Air Quality Analysis","0"
"EOEU4R4","lab","Chemical Handling","0"
"EOEU4R4","lab","Developing and Implementing SOPs","0"
"EOEU4R4","lab","Good Laboratory Practices (GLP)","0"
"EOEU4R4","lab","Maintaining Lab Notebooks","0"
"EOEU4R4","lab","Microscopy","0"
"EOEU4R4","lab","Operating Lab Equipment","0"
"EOEU4R4","lab","Physical Chemical Analysis","0"
"EOEU4R4","lab","Pipetting","0"
"EOEU4R4","lab","Risk Assessments","3"
"EOEU4R4","lab","Sample Preparation and Handling","0"
"EOEU4R4","lab","Soil Quality Assessment","0"
"EOEU4R4","lab","Water Quality Assessment","0"
"EOEU4R4","personal","Adaptability","3"
"EOEU4R4","personal","Verbal Communication","3"
"EOEU4R4","personal","Written Communication","2"
"EOEU4R4","personal","Conflict Resolution","2"
"EOEU4R4","personal","Critical Thinking","3"
"EOEU4R4","personal","Detail-Orientated Skills","3"
"EOEU4R4","personal","Innovation","2"
"EOEU4R4","personal","Integrated Problem-solving","3"
"EOEU4R4","personal","Interpersonal Skills","3"
"EOEU4R4","personal","Leadership","3"
"EOEU4R4","personal","Reliability","3"
"EOEU4R4","personal","Resourcefulness","3"
"EOEU4R4","personal","Self-awareness","3"
"EOEU4R4","personal","Self-motivation","3"
"EOEU4R4","personal","Teamwork & Collaboration","3"
"EOEU4R4","personal","Time Management","3"
"SCIU4T4","computational","AI (generative) Competency","0"
"SCIU4T4","computational","Computer Programming","1"
"SCIU4T4","computational","Data Management","2"
"SCIU4T4","computational","Effective Email Communication","2"
"SCIU4T4","computational","Geographical Information Systems (GIS)","0"
"SCIU4T4","computational","Graphic Design","0"
"SCIU4T4","computational","Modelling","2"
"SCIU4T4","computational","Presentation Software","0"
"SCIU4T4","computational","Remote Meeting/Collaborative Software","0"
"SCIU4T4","computational","Remote Sensing (data collection and analysis)","0"
"SCIU4T4","computational","Social Media","0"
"SCIU4T4","computational","Spreadsheet Creation and Management","3"
"SCIU4T4","computational","Statistical Programmes","3"
"SCIU4T4","computational","Word Processing","0"
"SCIU4T4","field","Application of Remote Observations","0"
"SCIU4T4","field","Conducting Transects","0"
"SCIU4T4","field","Core Skills","0"
"SCIU4T4","field","Drone Observations","0"
"SCIU4T4","field","Environmental Impact Assessment","0"
"SCIU4T4","field","GPS Usage","0"
"SCIU4T4","field","Health and Safety Competency","0"
"SCIU4T4","field","Mapping Skills","0"
"SCIU4T4","field","Sampling: In-situ Monitoring","0"
"SCIU4T4","field","Sampling: Physical Collection","0"
"SCIU4T4","field","Species Monitoring","0"
"SCIU4T4","lab","Accurate Result Reporting","0"
"SCIU4T4","lab","Air Quality Analysis","0"
"SCIU4T4","lab","Chemical Handling","0"
"SCIU4T4","lab","Developing and Implementing SOPs","0"
"SCIU4T4","lab","Good Laboratory Practices (GLP)","0"
"SCIU4T4","lab","Maintaining Lab Notebooks","0"
"SCIU4T4","lab","Microscopy","0"
"SCIU4T4","lab","Operating Lab Equipment","0"
"SCIU4T4","lab","Physical Chemical Analysis","0"
"SCIU4T4","lab","Pipetting","0"
"SCIU4T4","lab","Risk Assessments","0"
"SCIU4T4","lab","Sample Preparation and Handling","0"
"SCIU4T4","lab","Soil Quality Assessment","0"
"SCIU4T4","lab","Water Quality Assessment","0"
"SCIU4T4","personal","Adaptability","0"
"SCIU4T4","personal","Verbal Communication","0"
"SCIU4T4","personal","Written Communication","0"
"SCIU4T4","personal","Conflict Resolution","0"
"SCIU4T4","personal","Critical Thinking","2"
"SCIU4T4","personal","Detail-Orientated Skills","2"
"SCIU4T4","personal","Innovation","1"
"SCIU4T4","personal","Integrated Problem-solving","0"
"SCIU4T4","personal","Interpersonal Skills","0"
"SCIU4T4","personal","Leadership","0"
"SCIU4T4","personal","Reliability","0"
"SCIU4T4","personal","Resourcefulness","1"
"SCIU4T4","personal","Self-awareness","1"
"SCIU4T4","personal","Self-motivation","2"
"SCIU4T4","personal","Teamwork & Collaboration","0"
"SCIU4T4","personal","Time Management","2"
"GEOU9IC","computational","AI (generative) Competency","1"
"GEOU9IC","computational","Computer Programming","0"
"GEOU9IC","computational","Data Management","2"
"GEOU9IC","computational","Effective Email Communication","0"
"GEOU9IC","computational","Geographical Information Systems (GIS)","1"
"GEOU9IC","computational","Graphic Design","1"
"GEOU9IC","computational","Modelling","0"
"GEOU9IC","computational","Presentation Software","0"
"GEOU9IC","computational","Remote Meeting/Collaborative Software","0"
"GEOU9IC","computational","Remote Sensing (data collection and analysis)","1"
"GEOU9IC","computational","Social Media","0"
"GEOU9IC","computational","Spreadsheet Creation and Management","1"
"GEOU9IC","computational","Statistical Programmes","0"
"GEOU9IC","computational","Word Processing","2"
"GEOU9IC","field","Application of Remote Observations","0"
"GEOU9IC","field","Conducting Transects","2"
"GEOU9IC","field","Core Skills","2"
"GEOU9IC","field","Drone Observations","0"
"GEOU9IC","field","Environmental Impact Assessment","0"
"GEOU9IC","field","GPS Usage","2"
"GEOU9IC","field","Health and Safety Competency","2"
"GEOU9IC","field","Mapping Skills","2"
"GEOU9IC","field","Sampling: In-situ Monitoring","2"
"GEOU9IC","field","Sampling: Physical Collection","2"
"GEOU9IC","field","Species Monitoring","2"
"GEOU9IC","lab","Accurate Result Reporting","0"
"GEOU9IC","lab","Air Quality Analysis","0"
"GEOU9IC","lab","Chemical Handling","0"
"GEOU9IC","lab","Developing and Implementing SOPs","0"
"GEOU9IC","lab","Good Laboratory Practices (GLP)","0"
"GEOU9IC","lab","Maintaining Lab Notebooks","0"
"GEOU9IC","lab","Microscopy","0"
"GEOU9IC","lab","Operating Lab Equipment","0"
"GEOU9IC","lab","Physical Chemical Analysis","0"
"GEOU9IC","lab","Pipetting","0"
"GEOU9IC","lab","Risk Assessments","0"
"GEOU9IC","lab","Sample Preparation and Handling","0"
"GEOU9IC","lab","Soil Quality Assessment","0"
"GEOU9IC","lab","Water Quality Assessment","0"
"GEOU9IC","personal","Adaptability","2"
"GEOU9IC","personal","Verbal Communication","2"
"GEOU9IC","personal","Written Communication","2"
"GEOU9IC","personal","Conflict Resolution","2"
"GEOU9IC","personal","Critical Thinking","2"
"GEOU9IC","personal","Detail-Orientated Skills","2"
"GEOU9IC","personal","Innovation","2"
"GEOU9IC","personal","Integrated Problem-solving","2"
"GEOU9IC","personal","Interpersonal Skills","2"
"GEOU9IC","personal","Leadership","1"
"GEOU9IC","personal","Reliability","2"
"GEOU9IC","personal","Resourcefulness","1"
"GEOU9IC","personal","Self-awareness","1"
"GEOU9IC","personal","Self-motivation","2"
"GEOU9IC","personal","Teamwork & Collaboration","2"
"GEOU9IC","personal","Time Management","2"
"BIOU6AC","computational","AI (generative) Competency","1"
"BIOU6AC","computational","Computer Programming","0"
"BIOU6AC","computational","Data Management","1"
"BIOU6AC","computational","Effective Email Communication","1"
"BIOU6AC","computational","Geographical Information Systems (GIS)","0"
"BIOU6AC","computational","Graphic Design","2"
"BIOU6AC","computational","Modelling","0"
"BIOU6AC","computational","Presentation Software","2"
"BIOU6AC","computational","Remote Meeting/Collaborative Software","2"
"BIOU6AC","computational","Remote Sensing (data collection and analysis)","0"
"BIOU6AC","computational","Social Media","2"
"BIOU6AC","computational","Spreadsheet Creation and Management","1"
"BIOU6AC","computational","Statistical Programmes","1"
"BIOU6AC","computational","Word Processing","2"
"BIOU6AC","field","Application of Remote Observations","0"
"BIOU6AC","field","Conducting Transects","0"
"BIOU6AC","field","Core Skills","0"
"BIOU6AC","field","Drone Observations","0"
"BIOU6AC","field","Environmental Impact Assessment","0"
"BIOU6AC","field","GPS Usage","0"
"BIOU6AC","field","Health and Safety Competency","0"
"BIOU6AC","field","Mapping Skills","0"
"BIOU6AC","field","Sampling: In-situ Monitoring","0"
"BIOU6AC","field","Sampling: Physical Collection","0"
"BIOU6AC","field","Species Monitoring","0"
"BIOU6AC","lab","Accurate Result Reporting","2"
"BIOU6AC","lab","Air Quality Analysis","0"
"BIOU6AC","lab","Chemical Handling","2"
"BIOU6AC","lab","Developing and Implementing SOPs","2"
"BIOU6AC","lab","Good Laboratory Practices (GLP)","2"
"BIOU6AC","lab","Maintaining Lab Notebooks","2"
"BIOU6AC","lab","Microscopy","2"
"BIOU6AC","lab","Operating Lab Equipment","2"
"BIOU6AC","lab","Physical Chemical Analysis","2"
"BIOU6AC","lab","Pipetting","2"
"BIOU6AC","lab","Risk Assessments","2"
"BIOU6AC","lab","Sample Preparation and Handling","2"
"BIOU6AC","lab","Soil Quality Assessment","0"
"BIOU6AC","lab","Water Quality Assessment","0"
"BIOU6AC","personal","Adaptability","2"
"BIOU6AC","personal","Verbal Communication","2"
"BIOU6AC","personal","Written Communication","2"
"BIOU6AC","personal","Conflict Resolution","2"
"BIOU6AC","personal","Critical Thinking","2"
"BIOU6AC","personal","Detail-Orientated Skills","2"
"BIOU6AC","personal","Innovation","2"
"BIOU6AC","personal","Integrated Problem-solving","2"
"BIOU6AC","personal","Interpersonal Skills","2"
"BIOU6AC","personal","Leadership","2"
"BIOU6AC","personal","Reliability","2"
"BIOU6AC","personal","Resourcefulness","2"
"BIOU6AC","personal","Self-awareness","2"
"BIOU6AC","personal","Self-motivation","2"
"BIOU6AC","personal","Teamwork & Collaboration","2"
"BIOU6AC","personal","Time Management","2"
"GEOU9SP","computational","AI (generative) Competency","0"
"GEOU9SP","computational","Computer Programming","0"
"GEOU9SP","computational","Data Management","3"
"GEOU9SP","computational","Effective Email Communication","0"
"GEOU9SP","computational","Geographical Information Systems (GIS)","3"
"GEOU9SP","computational","Graphic Design","2"
"GEOU9SP","computational","Modelling","0"
"GEOU9SP","computational","Presentation Software","0"
"GEOU9SP","computational","Remote Meeting/Collaborative Software","0"
"GEOU9SP","computational","Remote Sensing (data collection and analysis)","1"
"GEOU9SP","computational","Social Media","0"
"GEOU9SP","computational","Spreadsheet Creation and Management","0"
"GEOU9SP","computational","Statistical Programmes","0"
"GEOU9SP","computational","Word Processing","0"
"GEOU9SP","field","Application of Remote Observations","1"
"GEOU9SP","field","Conducting Transects","0"
"GEOU9SP","field","Core Skills","0"
"GEOU9SP","field","Drone Observations","0"
"GEOU9SP","field","Environmental Impact Assessment","0"
"GEOU9SP","field","GPS Usage","2"
"GEOU9SP","field","Health and Safety Competency","0"
"GEOU9SP","field","Mapping Skills","3"
"GEOU9SP","field","Sampling: In-situ Monitoring","0"
"GEOU9SP","field","Sampling: Physical Collection","0"
"GEOU9SP","field","Species Monitoring","0"
"GEOU9SP","lab","Accurate Result Reporting","3"
"GEOU9SP","lab","Air Quality Analysis","0"
"GEOU9SP","lab","Chemical Handling","0"
"GEOU9SP","lab","Developing and Implementing SOPs","0"
"GEOU9SP","lab","Good Laboratory Practices (GLP)","0"
"GEOU9SP","lab","Maintaining Lab Notebooks","0"
"GEOU9SP","lab","Microscopy","0"
"GEOU9SP","lab","Operating Lab Equipment","0"
"GEOU9SP","lab","Physical Chemical Analysis","0"
"GEOU9SP","lab","Pipetting","0"
"GEOU9SP","lab","Risk Assessments","0"
"GEOU9SP","lab","Sample Preparation and Handling","0"
"GEOU9SP","lab","Soil Quality Assessment","0"
"GEOU9SP","lab","Water Quality Assessment","0"
"GEOU9SP","personal","Adaptability","1"
"GEOU9SP","personal","Verbal Communication","0"
"GEOU9SP","personal","Written Communication","2"
"GEOU9SP","personal","Conflict Resolution","0"
"GEOU9SP","personal","Critical Thinking","3"
"GEOU9SP","personal","Detail-Orientated Skills","3"
"GEOU9SP","personal","Innovation","1"
"GEOU9SP","personal","Integrated Problem-solving","3"
"GEOU9SP","personal","Interpersonal Skills","0"
"GEOU9SP","personal","Leadership","0"
"GEOU9SP","personal","Reliability","1"
"GEOU9SP","personal","Resourcefulness","3"
"GEOU9SP","personal","Self-awareness","0"
"GEOU9SP","personal","Self-motivation","2"
"GEOU9SP","personal","Teamwork & Collaboration","0"
"GEOU9SP","personal","Time Management","2"
"ENMPG11","computational","AI (generative) Competency","0"
"ENMPG11","computational","Computer Programming","0"
"ENMPG11","computational","Data Management","3"
"ENMPG11","computational","Effective Email Communication","0"
"ENMPG11","computational","Geographical Information Systems (GIS)","3"
"ENMPG11","computational","Graphic Design","2"
"ENMPG11","computational","Modelling","0"
"ENMPG11","computational","Presentation Software","0"
"ENMPG11","computational","Remote Meeting/Collaborative Software","0"
"ENMPG11","computational","Remote Sensing (data collection and analysis)","2"
"ENMPG11","computational","Social Media","0"
"ENMPG11","computational","Spreadsheet Creation and Management","0"
"ENMPG11","computational","Statistical Programmes","0"
"ENMPG11","computational","Word Processing","0"
"ENMPG11","field","Application of Remote Observations","0"
"ENMPG11","field","Conducting Transects","0"
"ENMPG11","field","Core Skills","0"
"ENMPG11","field","Drone Observations","0"
"ENMPG11","field","Environmental Impact Assessment","0"
"ENMPG11","field","GPS Usage","2"
"ENMPG11","field","Health and Safety Competency","0"
"ENMPG11","field","Mapping Skills","3"
"ENMPG11","field","Sampling: In-situ Monitoring","0"
"ENMPG11","field","Sampling: Physical Collection","0"
"ENMPG11","field","Species Monitoring","0"
"ENMPG11","lab","Accurate Result Reporting","3"
"ENMPG11","lab","Air Quality Analysis","0"
"ENMPG11","lab","Chemical Handling","0"
"ENMPG11","lab","Developing and Implementing SOPs","0"
"ENMPG11","lab","Good Laboratory Practices (GLP)","0"
"ENMPG11","lab","Maintaining Lab Notebooks","0"
"ENMPG11","lab","Microscopy","0"
"ENMPG11","lab","Operating Lab Equipment","0"
"ENMPG11","lab","Physical Chemical Analysis","0"
"ENMPG11","lab","Pipetting","0"
"ENMPG11","lab","Risk Assessments","0"
"ENMPG11","lab","Sample Preparation and Handling","0"
"ENMPG11","lab","Soil Quality Assessment","0"
"ENMPG11","lab","Water Quality Assessment","0"
"ENMPG11","personal","Adaptability","1"
"ENMPG11","personal","Verbal Communication","0"
"ENMPG11","personal","Written Communication","2"
"ENMPG11","personal","Conflict Resolution","0"
"ENMPG11","personal","Critical Thinking","3"
"ENMPG11","personal","Detail-Orientated Skills","3"
"ENMPG11","personal","Innovation","1"
"ENMPG11","personal","Integrated Problem-solving","3"
"ENMPG11","personal","Interpersonal Skills","0"
"ENMPG11","personal","Leadership","0"
"ENMPG11","personal","Reliability","1"
"ENMPG11","personal","Resourcefulness","3"
"ENMPG11","personal","Self-awareness","0"
"ENMPG11","personal","Self-motivation","2"
"ENMPG11","personal","Teamwork & Collaboration","0"
"ENMPG11","personal","Time Management","2"
"BIOU7FC","computational","AI (generative) Competency","0"
"BIOU7FC","computational","Computer Programming","1"
"BIOU7FC","computational","Data Management","2"
"BIOU7FC","computational","Effective Email Communication","0"
"BIOU7FC","computational","Geographical Information Systems (GIS)","1"
"BIOU7FC","computational","Graphic Design","3"
"BIOU7FC","computational","Modelling","0"
"BIOU7FC","computational","Presentation Software","3"
"BIOU7FC","computational","Remote Meeting/Collaborative Software","0"
"BIOU7FC","computational","Remote Sensing (data collection and analysis)","1"
"BIOU7FC","computational","Social Media","0"
"BIOU7FC","computational","Spreadsheet Creation and Management","3"
"BIOU7FC","computational","Statistical Programmes","3"
"BIOU7FC","computational","Word Processing","3"
"BIOU7FC","field","Application of Remote Observations","2"
"BIOU7FC","field","Conducting Transects","2"
"BIOU7FC","field","Core Skills","3"
"BIOU7FC","field","Drone Observations","1"
"BIOU7FC","field","Environmental Impact Assessment","0"
"BIOU7FC","field","GPS Usage","3"
"BIOU7FC","field","Health and Safety Competency","2"
"BIOU7FC","field","Mapping Skills","2"
"BIOU7FC","field","Sampling: In-situ Monitoring","3"
"BIOU7FC","field","Sampling: Physical Collection","1"
"BIOU7FC","field","Species Monitoring","3"
"BIOU7FC","lab","Accurate Result Reporting","3"
"BIOU7FC","lab","Air Quality Analysis","0"
"BIOU7FC","lab","Chemical Handling","0"
"BIOU7FC","lab","Developing and Implementing SOPs","0"
"BIOU7FC","lab","Good Laboratory Practices (GLP)","0"
"BIOU7FC","lab","Maintaining Lab Notebooks","0"
"BIOU7FC","lab","Microscopy","1"
"BIOU7FC","lab","Operating Lab Equipment","1"
"BIOU7FC","lab","Physical Chemical Analysis","0"
"BIOU7FC","lab","Pipetting","0"
"BIOU7FC","lab","Risk Assessments","1"
"BIOU7FC","lab","Sample Preparation and Handling","0"
"BIOU7FC","lab","Soil Quality Assessment","0"
"BIOU7FC","lab","Water Quality Assessment","0"
"BIOU7FC","personal","Adaptability","2"
"BIOU7FC","personal","Verbal Communication","3"
"BIOU7FC","personal","Written Communication","3"
"BIOU7FC","personal","Conflict Resolution","0"
"BIOU7FC","personal","Critical Thinking","3"
"BIOU7FC","personal","Detail-Orientated Skills","3"
"BIOU7FC","personal","Innovation","3"
"BIOU7FC","personal","Integrated Problem-solving","2"
"BIOU7FC","personal","Interpersonal Skills","3"
"BIOU7FC","personal","Leadership","2"
"BIOU7FC","personal","Reliability","2"
"BIOU7FC","personal","Resourcefulness","2"
"BIOU7FC","personal","Self-awareness","2"
"BIOU7FC","personal","Self-motivation","3"
"BIOU7FC","personal","Teamwork & Collaboration","3"
"BIOU7FC","personal","Time Management","3"
"BIOU8FC","computational","AI (generative) Competency","0"
"BIOU8FC","computational","Computer Programming","1"
"BIOU8FC","computational","Data Management","2"
"BIOU8FC","computational","Effective Email Communication","0"
"BIOU8FC","computational","Geographical Information Systems (GIS)","1"
"BIOU8FC","computational","Graphic Design","3"
"BIOU8FC","computational","Modelling","0"
"BIOU8FC","computational","Presentation Software","3"
"BIOU8FC","computational","Remote Meeting/Collaborative Software","0"
"BIOU8FC","computational","Remote Sensing (data collection and analysis)","1"
"BIOU8FC","computational","Social Media","0"
"BIOU8FC","computational","Spreadsheet Creation and Management","3"
"BIOU8FC","computational","Statistical Programmes","3"
"BIOU8FC","computational","Word Processing","3"
"BIOU8FC","field","Application of Remote Observations","2"
"BIOU8FC","field","Conducting Transects","2"
"BIOU8FC","field","Core Skills","3"
"BIOU8FC","field","Drone Observations","1"
"BIOU8FC","field","Environmental Impact Assessment","0"
"BIOU8FC","field","GPS Usage","3"
"BIOU8FC","field","Health and Safety Competency","2"
"BIOU8FC","field","Mapping Skills","2"
"BIOU8FC","field","Sampling: In-situ Monitoring","3"
"BIOU8FC","field","Sampling: Physical Collection","1"
"BIOU8FC","field","Species Monitoring","3"
"BIOU8FC","lab","Accurate Result Reporting","3"
"BIOU8FC","lab","Air Quality Analysis","0"
"BIOU8FC","lab","Chemical Handling","0"
"BIOU8FC","lab","Developing and Implementing SOPs","0"
"BIOU8FC","lab","Good Laboratory Practices (GLP)","0"
"BIOU8FC","lab","Maintaining Lab Notebooks","0"
"BIOU8FC","lab","Microscopy","1"
"BIOU8FC","lab","Operating Lab Equipment","1"
"BIOU8FC","lab","Physical Chemical Analysis","0"
"BIOU8FC","lab","Pipetting","0"
"BIOU8FC","lab","Risk Assessments","1"
"BIOU8FC","lab","Sample Preparation and Handling","0"
"BIOU8FC","lab","Soil Quality Assessment","0"
"BIOU8FC","lab","Water Quality Assessment","0"
"BIOU8FC","personal","Adaptability","2"
"BIOU8FC","personal","Verbal Communication","3"
"BIOU8FC","personal","Written Communication","3"
"BIOU8FC","personal","Conflict Resolution","0"
"BIOU8FC","personal","Critical Thinking","3"
"BIOU8FC","personal","Detail-Orientated Skills","3"
"BIOU8FC","personal","Innovation","3"
"BIOU8FC","personal","Integrated Problem-solving","2"
"BIOU8FC","personal","Interpersonal Skills","3"
"BIOU8FC","personal","Leadership","2"
"BIOU8FC","personal","Reliability","2"
"BIOU8FC","personal","Resourcefulness","2"
"BIOU8FC","personal","Self-awareness","2"
"BIOU8FC","personal","Self-motivation","3"
"BIOU8FC","personal","Teamwork & Collaboration","3"
"BIOU8FC","personal","Time Management","3"
"BIOU9TM","computational","AI (generative) Competency","0"
"BIOU9TM","computational","Computer Programming","0"
"BIOU9TM","computational","Data Management","0"
"BIOU9TM","computational","Effective Email Communication","0"
"BIOU9TM","computational","Geographical Information Systems (GIS)","0"
"BIOU9TM","computational","Graphic Design","1"
"BIOU9TM","computational","Modelling","0"
"BIOU9TM","computational","Presentation Software","1"
"BIOU9TM","computational","Remote Meeting/Collaborative Software","0"
"BIOU9TM","computational","Remote Sensing (data collection and analysis)","0"
"BIOU9TM","computational","Social Media","0"
"BIOU9TM","computational","Spreadsheet Creation and Management","0"
"BIOU9TM","computational","Statistical Programmes","0"
"BIOU9TM","computational","Word Processing","0"
"BIOU9TM","field","Application of Remote Observations","0"
"BIOU9TM","field","Conducting Transects","0"
"BIOU9TM","field","Core Skills","0"
"BIOU9TM","field","Drone Observations","0"
"BIOU9TM","field","Environmental Impact Assessment","0"
"BIOU9TM","field","GPS Usage","0"
"BIOU9TM","field","Health and Safety Competency","0"
"BIOU9TM","field","Mapping Skills","0"
"BIOU9TM","field","Sampling: In-situ Monitoring","0"
"BIOU9TM","field","Sampling: Physical Collection","0"
"BIOU9TM","field","Species Monitoring","0"
"BIOU9TM","lab","Accurate Result Reporting","3"
"BIOU9TM","lab","Air Quality Analysis","0"
"BIOU9TM","lab","Chemical Handling","3"
"BIOU9TM","lab","Developing and Implementing SOPs","3"
"BIOU9TM","lab","Good Laboratory Practices (GLP)","3"
"BIOU9TM","lab","Maintaining Lab Notebooks","1"
"BIOU9TM","lab","Microscopy","0"
"BIOU9TM","lab","Operating Lab Equipment","3"
"BIOU9TM","lab","Physical Chemical Analysis","3"
"BIOU9TM","lab","Pipetting","3"
"BIOU9TM","lab","Risk Assessments","2"
"BIOU9TM","lab","Sample Preparation and Handling","3"
"BIOU9TM","lab","Soil Quality Assessment","0"
"BIOU9TM","lab","Water Quality Assessment","0"
"BIOU9TM","personal","Adaptability","3"
"BIOU9TM","personal","Verbal Communication","3"
"BIOU9TM","personal","Written Communication","3"
"BIOU9TM","personal","Conflict Resolution","3"
"BIOU9TM","personal","Critical Thinking","3"
"BIOU9TM","personal","Detail-Orientated Skills","3"
"BIOU9TM","personal","Innovation","3"
"BIOU9TM","personal","Integrated Problem-solving","3"
"BIOU9TM","personal","Interpersonal Skills","3"
"BIOU9TM","personal","Leadership","3"
"BIOU9TM","personal","Reliability","3"
"BIOU9TM","personal","Resourcefulness","3"
"BIOU9TM","personal","Self-awareness","3"
"BIOU9TM","personal","Self-motivation","3"
"BIOU9TM","personal","Teamwork & Collaboration","3"
"BIOU9TM","personal","Time Management","3"
"SCIU3LS","computational","AI (generative) Competency","0"
"SCIU3LS","computational","Computer Programming","0"
"SCIU3LS","computational","Data Management","0"
"SCIU3LS","computational","Effective Email Communication","0"
"SCIU3LS","computational","Geographical Information Systems (GIS)","0"
"SCIU3LS","computational","Graphic Design","0"
"SCIU3LS","computational","Modelling","0"
"SCIU3LS","computational","Presentation Software","0"
"SCIU3LS","computational","Remote Meeting/Collaborative Software","0"
"SCIU3LS","computational","Remote Sensing (data collection and analysis)","0"
"SCIU3LS","computational","Social Media","0"
"SCIU3LS","computational","Spreadsheet Creation and Management","0"
"SCIU3LS","computational","Statistical Programmes","0"
"SCIU3LS","computational","Word Processing","0"
"SCIU3LS","field","Application of Remote Observations","0"
"SCIU3LS","field","Conducting Transects","0"
"SCIU3LS","field","Core Skills","0"
"SCIU3LS","field","Drone Observations","0"
"SCIU3LS","field","Environmental Impact Assessment","0"
"SCIU3LS","field","GPS Usage","0"
"SCIU3LS","field","Health and Safety Competency","2"
"SCIU3LS","field","Mapping Skills","0"
"SCIU3LS","field","Sampling: In-situ Monitoring","0"
"SCIU3LS","field","Sampling: Physical Collection","1"
"SCIU3LS","field","Species Monitoring","0"
"SCIU3LS","lab","Accurate Result Reporting","1"
"SCIU3LS","lab","Air Quality Analysis","0"
"SCIU3LS","lab","Chemical Handling","2"
"SCIU3LS","lab","Developing and Implementing SOPs","1"
"SCIU3LS","lab","Good Laboratory Practices (GLP)","1"
"SCIU3LS","lab","Maintaining Lab Notebooks","0"
"SCIU3LS","lab","Microscopy","0"
"SCIU3LS","lab","Operating Lab Equipment","2"
"SCIU3LS","lab","Physical Chemical Analysis","2"
"SCIU3LS","lab","Pipetting","2"
"SCIU3LS","lab","Risk Assessments","1"
"SCIU3LS","lab","Sample Preparation and Handling","1"
"SCIU3LS","lab","Soil Quality Assessment","0"
"SCIU3LS","lab","Water Quality Assessment","0"
"SCIU3LS","personal","Adaptability","1"
"SCIU3LS","personal","Verbal Communication","0"
"SCIU3LS","personal","Written Communication","1"
"SCIU3LS","personal","Conflict Resolution","0"
"SCIU3LS","personal","Critical Thinking","1"
"SCIU3LS","personal","Detail-Orientated Skills","1"
"SCIU3LS","personal","Innovation","0"
"SCIU3LS","personal","Integrated Problem-solving","1"
"SCIU3LS","personal","Interpersonal Skills","1"
"SCIU3LS","personal","Leadership","0"
"SCIU3LS","personal","Reliability","1"
"SCIU3LS","personal","Resourcefulness","0"
"SCIU3LS","personal","Self-awareness","1"
"SCIU3LS","personal","Self-motivation","1"
"SCIU3LS","personal","Teamwork & Collaboration","1"
"SCIU3LS","personal","Time Management","1"
"ENVU9MR","computational","AI (generative) Competency","0"
"ENVU9MR","computational","Computer Programming","0"
"ENVU9MR","computational","Data Management","2"
"ENVU9MR","computational","Effective Email Communication","1"
"ENVU9MR","computational","Geographical Information Systems (GIS)","2"
"ENVU9MR","computational","Graphic Design","2"
"ENVU9MR","computational","Modelling","0"
"ENVU9MR","computational","Presentation Software","2"
"ENVU9MR","computational","Remote Meeting/Collaborative Software","0"
"ENVU9MR","computational","Remote Sensing (data collection and analysis)","1"
"ENVU9MR","computational","Social Media","0"
"ENVU9MR","computational","Spreadsheet Creation and Management","2"
"ENVU9MR","computational","Statistical Programmes","0"
"ENVU9MR","computational","Word Processing","2"
"ENVU9MR","field","Application of Remote Observations","1"
"ENVU9MR","field","Conducting Transects","1"
"ENVU9MR","field","Core Skills","2"
"ENVU9MR","field","Drone Observations","1"
"ENVU9MR","field","Environmental Impact Assessment","1"
"ENVU9MR","field","GPS Usage","2"
"ENVU9MR","field","Health and Safety Competency","1"
"ENVU9MR","field","Mapping Skills","2"
"ENVU9MR","field","Sampling: In-situ Monitoring","2"
"ENVU9MR","field","Sampling: Physical Collection","1"
"ENVU9MR","field","Species Monitoring","2"
"ENVU9MR","lab","Accurate Result Reporting","2"
"ENVU9MR","lab","Air Quality Analysis","0"
"ENVU9MR","lab","Chemical Handling","0"
"ENVU9MR","lab","Developing and Implementing SOPs","2"
"ENVU9MR","lab","Good Laboratory Practices (GLP)","0"
"ENVU9MR","lab","Maintaining Lab Notebooks","0"
"ENVU9MR","lab","Microscopy","1"
"ENVU9MR","lab","Operating Lab Equipment","0"
"ENVU9MR","lab","Physical Chemical Analysis","0"
"ENVU9MR","lab","Pipetting","0"
"ENVU9MR","lab","Risk Assessments","1"
"ENVU9MR","lab","Sample Preparation and Handling","0"
"ENVU9MR","lab","Soil Quality Assessment","0"
"ENVU9MR","lab","Water Quality Assessment","0"
"ENVU9MR","personal","Adaptability","1"
"ENVU9MR","personal","Verbal Communication","2"
"ENVU9MR","personal","Written Communication","2"
"ENVU9MR","personal","Conflict Resolution","2"
"ENVU9MR","personal","Critical Thinking","2"
"ENVU9MR","personal","Detail-Orientated Skills","1"
"ENVU9MR","personal","Innovation","1"
"ENVU9MR","personal","Integrated Problem-solving","2"
"ENVU9MR","personal","Interpersonal Skills","2"
"ENVU9MR","personal","Leadership","2"
"ENVU9MR","personal","Reliability","2"
"ENVU9MR","personal","Resourcefulness","1"
"ENVU9MR","personal","Self-awareness","2"
"ENVU9MR","personal","Self-motivation","2"
"ENVU9MR","personal","Teamwork & Collaboration","2"
"ENVU9MR","personal","Time Management","2"
"ENVU2LV","computational","AI (generative) Competency","0"
"ENVU2LV","computational","Computer Programming","0"
"ENVU2LV","computational","Data Management","2"
"ENVU2LV","computational","Effective Email Communication","0"
"ENVU2LV","computational","Geographical Information Systems (GIS)","0"
"ENVU2LV","computational","Graphic Design","2"
"ENVU2LV","computational","Modelling","0"
"ENVU2LV","computational","Presentation Software","0"
"ENVU2LV","computational","Remote Meeting/Collaborative Software","0"
"ENVU2LV","computational","Remote Sensing (data collection and analysis)","2"
"ENVU2LV","computational","Social Media","0"
"ENVU2LV","computational","Spreadsheet Creation and Management","2"
"ENVU2LV","computational","Statistical Programmes","0"
"ENVU2LV","computational","Word Processing","2"
"ENVU2LV","field","Application of Remote Observations","0"
"ENVU2LV","field","Conducting Transects","0"
"ENVU2LV","field","Core Skills","2"
"ENVU2LV","field","Drone Observations","1"
"ENVU2LV","field","Environmental Impact Assessment","0"
"ENVU2LV","field","GPS Usage","1"
"ENVU2LV","field","Health and Safety Competency","1"
"ENVU2LV","field","Mapping Skills","2"
"ENVU2LV","field","Sampling: In-situ Monitoring","1"
"ENVU2LV","field","Sampling: Physical Collection","0"
"ENVU2LV","field","Species Monitoring","0"
"ENVU2LV","lab","Accurate Result Reporting","2"
"ENVU2LV","lab","Air Quality Analysis","0"
"ENVU2LV","lab","Chemical Handling","0"
"ENVU2LV","lab","Developing and Implementing SOPs","2"
"ENVU2LV","lab","Good Laboratory Practices (GLP)","0"
"ENVU2LV","lab","Maintaining Lab Notebooks","0"
"ENVU2LV","lab","Microscopy","0"
"ENVU2LV","lab","Operating Lab Equipment","0"
"ENVU2LV","lab","Physical Chemical Analysis","1"
"ENVU2LV","lab","Pipetting","0"
"ENVU2LV","lab","Risk Assessments","1"
"ENVU2LV","lab","Sample Preparation and Handling","0"
"ENVU2LV","lab","Soil Quality Assessment","0"
"ENVU2LV","lab","Water Quality Assessment","0"
"ENVU2LV","personal","Adaptability","2"
"ENVU2LV","personal","Verbal Communication","2"
"ENVU2LV","personal","Written Communication","2"
"ENVU2LV","personal","Conflict Resolution","1"
"ENVU2LV","personal","Critical Thinking","2"
"ENVU2LV","personal","Detail-Orientated Skills","1"
"ENVU2LV","personal","Innovation","1"
"ENVU2LV","personal","Integrated Problem-solving","1"
"ENVU2LV","personal","Interpersonal Skills","2"
"ENVU2LV","personal","Leadership","1"
"ENVU2LV","personal","Reliability","2"
"ENVU2LV","personal","Resourcefulness","2"
"ENVU2LV","personal","Self-awareness","2"
"ENVU2LV","personal","Self-motivation","2"
"ENVU2LV","personal","Teamwork & Collaboration","2"
"ENVU2LV","personal","Time Management","2"
"GEOU9SE","computational","AI (generative) Competency","1"
"GEOU9SE","computational","Computer Programming","0"
"GEOU9SE","computational","Data Management","2"
"GEOU9SE","computational","Effective Email Communication","3"
"GEOU9SE","computational","Geographical Information Systems (GIS)","0"
"GEOU9SE","computational","Graphic Design","3"
"GEOU9SE","computational","Modelling","2"
"GEOU9SE","computational","Presentation Software","3"
"GEOU9SE","computational","Remote Meeting/Collaborative Software","3"
"GEOU9SE","computational","Remote Sensing (data collection and analysis)","0"
"GEOU9SE","computational","Social Media","2"
"GEOU9SE","computational","Spreadsheet Creation and Management","1"
"GEOU9SE","computational","Statistical Programmes","0"
"GEOU9SE","computational","Word Processing","3"
"GEOU9SE","field","Application of Remote Observations","0"
"GEOU9SE","field","Conducting Transects","0"
"GEOU9SE","field","Core Skills","0"
"GEOU9SE","field","Drone Observations","0"
"GEOU9SE","field","Environmental Impact Assessment","2"
"GEOU9SE","field","GPS Usage","0"
"GEOU9SE","field","Health and Safety Competency","1"
"GEOU9SE","field","Mapping Skills","0"
"GEOU9SE","field","Sampling: In-situ Monitoring","0"
"GEOU9SE","field","Sampling: Physical Collection","0"
"GEOU9SE","field","Species Monitoring","0"
"GEOU9SE","lab","Accurate Result Reporting","0"
"GEOU9SE","lab","Air Quality Analysis","0"
"GEOU9SE","lab","Chemical Handling","0"
"GEOU9SE","lab","Developing and Implementing SOPs","0"
"GEOU9SE","lab","Good Laboratory Practices (GLP)","0"
"GEOU9SE","lab","Maintaining Lab Notebooks","0"
"GEOU9SE","lab","Microscopy","0"
"GEOU9SE","lab","Operating Lab Equipment","0"
"GEOU9SE","lab","Physical Chemical Analysis","0"
"GEOU9SE","lab","Pipetting","0"
"GEOU9SE","lab","Risk Assessments","1"
"GEOU9SE","lab","Sample Preparation and Handling","0"
"GEOU9SE","lab","Soil Quality Assessment","0"
"GEOU9SE","lab","Water Quality Assessment","0"
"GEOU9SE","personal","Adaptability","3"
"GEOU9SE","personal","Verbal Communication","3"
"GEOU9SE","personal","Written Communication","3"
"GEOU9SE","personal","Conflict Resolution","3"
"GEOU9SE","personal","Critical Thinking","3"
"GEOU9SE","personal","Detail-Orientated Skills","3"
"GEOU9SE","personal","Innovation","3"
"GEOU9SE","personal","Integrated Problem-solving","3"
"GEOU9SE","personal","Interpersonal Skills","3"
"GEOU9SE","personal","Leadership","3"
"GEOU9SE","personal","Reliability","3"
"GEOU9SE","personal","Resourcefulness","3"
"GEOU9SE","personal","Self-awareness","3"
"GEOU9SE","personal","Self-motivation","3"
"GEOU9SE","personal","Teamwork & Collaboration","3"
"GEOU9SE","personal","Time Management","3"
"ENMPG22","computational","AI (generative) Competency","1"
"ENMPG22","computational","Computer Programming","0"
"ENMPG22","computational","Data Management","1"
"ENMPG22","computational","Effective Email Communication","3"
"ENMPG22","computational","Geographical Information Systems (GIS)","1"
"ENMPG22","computational","Graphic Design","2"
"ENMPG22","computational","Modelling","2"
"ENMPG22","computational","Presentation Software","2"
"ENMPG22","computational","Remote Meeting/Collaborative Software","3"
"ENMPG22","computational","Remote Sensing (data collection and analysis)","0"
"ENMPG22","computational","Social Media","1"
"ENMPG22","computational","Spreadsheet Creation and Management","2"
"ENMPG22","computational","Statistical Programmes","1"
"ENMPG22","computational","Word Processing","3"
"ENMPG22","field","Application of Remote Observations","2"
"ENMPG22","field","Conducting Transects","2"
"ENMPG22","field","Core Skills","2"
"ENMPG22","field","Drone Observations","0"
"ENMPG22","field","Environmental Impact Assessment","3"
"ENMPG22","field","GPS Usage","2"
"ENMPG22","field","Health and Safety Competency","2"
"ENMPG22","field","Mapping Skills","2"
"ENMPG22","field","Sampling: In-situ Monitoring","2"
"ENMPG22","field","Sampling: Physical Collection","2"
"ENMPG22","field","Species Monitoring","2"
"ENMPG22","lab","Accurate Result Reporting","1"
"ENMPG22","lab","Air Quality Analysis","2"
"ENMPG22","lab","Chemical Handling","1"
"ENMPG22","lab","Developing and Implementing SOPs","0"
"ENMPG22","lab","Good Laboratory Practices (GLP)","0"
"ENMPG22","lab","Maintaining Lab Notebooks","0"
"ENMPG22","lab","Microscopy","0"
"ENMPG22","lab","Operating Lab Equipment","1"
"ENMPG22","lab","Physical Chemical Analysis","1"
"ENMPG22","lab","Pipetting","0"
"ENMPG22","lab","Risk Assessments","1"
"ENMPG22","lab","Sample Preparation and Handling","1"
"ENMPG22","lab","Soil Quality Assessment","1"
"ENMPG22","lab","Water Quality Assessment","1"
"ENMPG22","personal","Adaptability","2"
"ENMPG22","personal","Verbal Communication","3"
"ENMPG22","personal","Written Communication","3"
"ENMPG22","personal","Conflict Resolution","3"
"ENMPG22","personal","Critical Thinking","3"
"ENMPG22","personal","Detail-Orientated Skills","3"
"ENMPG22","personal","Innovation","3"
"ENMPG22","personal","Integrated Problem-solving","3"
"ENMPG22","personal","Interpersonal Skills","3"
"ENMPG22","personal","Leadership","3"
"ENMPG22","personal","Reliability","3"
"ENMPG22","personal","Resourcefulness","3"
"ENMPG22","personal","Self-awareness","3"
"ENMPG22","personal","Self-motivation","3"
"ENMPG22","personal","Teamwork & Collaboration","3"
"ENMPG22","personal","Time Management","3"
"ENMPG17","computational","AI (generative) Competency","0"
"ENMPG17","computational","Computer Programming","0"
"ENMPG17","computational","Data Management","2"
"ENMPG17","computational","Effective Email Communication","0"
"ENMPG17","computational","Geographical Information Systems (GIS)","1"
"ENMPG17","computational","Graphic Design","2"
"ENMPG17","computational","Modelling","0"
"ENMPG17","computational","Presentation Software","2"
"ENMPG17","computational","Remote Meeting/Collaborative Software","0"
"ENMPG17","computational","Remote Sensing (data collection and analysis)","1"
"ENMPG17","computational","Social Media","0"
"ENMPG17","computational","Spreadsheet Creation and Management","2"
"ENMPG17","computational","Statistical Programmes","0"
"ENMPG17","computational","Word Processing","2"
"ENMPG17","field","Application of Remote Observations","2"
"ENMPG17","field","Conducting Transects","2"
"ENMPG17","field","Core Skills","2"
"ENMPG17","field","Drone Observations","1"
"ENMPG17","field","Environmental Impact Assessment","1"
"ENMPG17","field","GPS Usage","2"
"ENMPG17","field","Health and Safety Competency","1"
"ENMPG17","field","Mapping Skills","2"
"ENMPG17","field","Sampling: In-situ Monitoring","2"
"ENMPG17","field","Sampling: Physical Collection","2"
"ENMPG17","field","Species Monitoring","2"
"ENMPG17","lab","Accurate Result Reporting","2"
"ENMPG17","lab","Air Quality Analysis","0"
"ENMPG17","lab","Chemical Handling","0"
"ENMPG17","lab","Developing and Implementing SOPs","2"
"ENMPG17","lab","Good Laboratory Practices (GLP)","0"
"ENMPG17","lab","Maintaining Lab Notebooks","1"
"ENMPG17","lab","Microscopy","0"
"ENMPG17","lab","Operating Lab Equipment","0"
"ENMPG17","lab","Physical Chemical Analysis","0"
"ENMPG17","lab","Pipetting","0"
"ENMPG17","lab","Risk Assessments","1"
"ENMPG17","lab","Sample Preparation and Handling","1"
"ENMPG17","lab","Soil Quality Assessment","0"
"ENMPG17","lab","Water Quality Assessment","2"
"ENMPG17","personal","Adaptability","2"
"ENMPG17","personal","Verbal Communication","2"
"ENMPG17","personal","Written Communication","2"
"ENMPG17","personal","Conflict Resolution","2"
"ENMPG17","personal","Critical Thinking","1"
"ENMPG17","personal","Detail-Orientated Skills","2"
"ENMPG17","personal","Innovation","2"
"ENMPG17","personal","Integrated Problem-solving","2"
"ENMPG17","personal","Interpersonal Skills","2"
"ENMPG17","personal","Leadership","2"
"ENMPG17","personal","Reliability","2"
"ENMPG17","personal","Resourcefulness","2"
"ENMPG17","personal","Self-awareness","1"
"ENMPG17","personal","Self-motivation","2"
"ENMPG17","personal","Teamwork & Collaboration","2"
"ENMPG17","personal","Time Management","2"
"BIOU9SX","computational","AI (generative) Competency","3"
"BIOU9SX","computational","Computer Programming","0"
"BIOU9SX","computational","Data Management","0"
"BIOU9SX","computational","Effective Email Communication","0"
"BIOU9SX","computational","Geographical Information Systems (GIS)","0"
"BIOU9SX","computational","Graphic Design","0"
"BIOU9SX","computational","Modelling","0"
"BIOU9SX","computational","Presentation Software","0"
"BIOU9SX","computational","Remote Meeting/Collaborative Software","0"
"BIOU9SX","computational","Remote Sensing (data collection and analysis)","0"
"BIOU9SX","computational","Social Media","0"
"BIOU9SX","computational","Spreadsheet Creation and Management","0"
"BIOU9SX","computational","Statistical Programmes","0"
"BIOU9SX","computational","Word Processing","3"
"BIOU9SX","field","Application of Remote Observations","0"
"BIOU9SX","field","Conducting Transects","0"
"BIOU9SX","field","Core Skills","0"
"BIOU9SX","field","Drone Observations","0"
"BIOU9SX","field","Environmental Impact Assessment","0"
"BIOU9SX","field","GPS Usage","0"
"BIOU9SX","field","Health and Safety Competency","0"
"BIOU9SX","field","Mapping Skills","0"
"BIOU9SX","field","Sampling: In-situ Monitoring","0"
"BIOU9SX","field","Sampling: Physical Collection","0"
"BIOU9SX","field","Species Monitoring","0"
"BIOU9SX","lab","Accurate Result Reporting","0"
"BIOU9SX","lab","Air Quality Analysis","0"
"BIOU9SX","lab","Chemical Handling","0"
"BIOU9SX","lab","Developing and Implementing SOPs","0"
"BIOU9SX","lab","Good Laboratory Practices (GLP)","0"
"BIOU9SX","lab","Maintaining Lab Notebooks","0"
"BIOU9SX","lab","Microscopy","0"
"BIOU9SX","lab","Operating Lab Equipment","0"
"BIOU9SX","lab","Physical Chemical Analysis","0"
"BIOU9SX","lab","Pipetting","0"
"BIOU9SX","lab","Risk Assessments","0"
"BIOU9SX","lab","Sample Preparation and Handling","0"
"BIOU9SX","lab","Soil Quality Assessment","0"
"BIOU9SX","lab","Water Quality Assessment","0"
"BIOU9SX","personal","Adaptability","0"
"BIOU9SX","personal","Verbal Communication","2"
"BIOU9SX","personal","Written Communication","3"
"BIOU9SX","personal","Conflict Resolution","0"
"BIOU9SX","personal","Critical Thinking","2"
"BIOU9SX","personal","Detail-Orientated Skills","1"
"BIOU9SX","personal","Innovation","0"
"BIOU9SX","personal","Integrated Problem-solving","2"
"BIOU9SX","personal","Interpersonal Skills","2"
"BIOU9SX","personal","Leadership","0"
"BIOU9SX","personal","Reliability","0"
"BIOU9SX","personal","Resourcefulness","0"
"BIOU9SX","personal","Self-awareness","0"
"BIOU9SX","personal","Self-motivation","2"
"BIOU9SX","personal","Teamwork & Collaboration","2"
"BIOU9SX","personal","Time Management","2"
"SCIU3FB","computational","AI (generative) Competency","1"
"SCIU3FB","computational","Computer Programming","0"
"SCIU3FB","computational","Data Management","0"
"SCIU3FB","computational","Effective Email Communication","0"
"SCIU3FB","computational","Geographical Information Systems (GIS)","2"
"SCIU3FB","computational","Graphic Design","2"
"SCIU3FB","computational","Modelling","0"
"SCIU3FB","computational","Presentation Software","2"
"SCIU3FB","computational","Remote Meeting/Collaborative Software","0"
"SCIU3FB","computational","Remote Sensing (data collection and analysis)","0"
"SCIU3FB","computational","Social Media","0"
"SCIU3FB","computational","Spreadsheet Creation and Management","1"
"SCIU3FB","computational","Statistical Programmes","0"
"SCIU3FB","computational","Word Processing","2"
"SCIU3FB","field","Application of Remote Observations","2"
"SCIU3FB","field","Conducting Transects","2"
"SCIU3FB","field","Core Skills","2"
"SCIU3FB","field","Drone Observations","0"
"SCIU3FB","field","Environmental Impact Assessment","0"
"SCIU3FB","field","GPS Usage","2"
"SCIU3FB","field","Health and Safety Competency","1"
"SCIU3FB","field","Mapping Skills","2"
"SCIU3FB","field","Sampling: In-situ Monitoring","2"
"SCIU3FB","field","Sampling: Physical Collection","2"
"SCIU3FB","field","Species Monitoring","2"
"SCIU3FB","lab","Accurate Result Reporting","0"
"SCIU3FB","lab","Air Quality Analysis","0"
"SCIU3FB","lab","Chemical Handling","0"
"SCIU3FB","lab","Developing and Implementing SOPs","0"
"SCIU3FB","lab","Good Laboratory Practices (GLP)","0"
"SCIU3FB","lab","Maintaining Lab Notebooks","0"
"SCIU3FB","lab","Microscopy","0"
"SCIU3FB","lab","Operating Lab Equipment","0"
"SCIU3FB","lab","Physical Chemical Analysis","0"
"SCIU3FB","lab","Pipetting","0"
"SCIU3FB","lab","Risk Assessments","0"
"SCIU3FB","lab","Sample Preparation and Handling","0"
"SCIU3FB","lab","Soil Quality Assessment","0"
"SCIU3FB","lab","Water Quality Assessment","0"
"SCIU3FB","personal","Adaptability","1"
"SCIU3FB","personal","Verbal Communication","2"
"SCIU3FB","personal","Written Communication","2"
"SCIU3FB","personal","Conflict Resolution","0"
"SCIU3FB","personal","Critical Thinking","1"
"SCIU3FB","personal","Detail-Orientated Skills","2"
"SCIU3FB","personal","Innovation","1"
"SCIU3FB","personal","Integrated Problem-solving","0"
"SCIU3FB","personal","Interpersonal Skills","1"
"SCIU3FB","personal","Leadership","0"
"SCIU3FB","personal","Reliability","1"
"SCIU3FB","personal","Resourcefulness","1"
"SCIU3FB","personal","Self-awareness","0"
"SCIU3FB","personal","Self-motivation","1"
"SCIU3FB","personal","Teamwork & Collaboration","1"
"SCIU3FB","personal","Time Management","2"
"GEOU9EH","computational","AI (generative) Competency","0"
"GEOU9EH","computational","Computer Programming","0"
"GEOU9EH","computational","Data Management","0"
"GEOU9EH","computational","Effective Email Communication","0"
"GEOU9EH","computational","Geographical Information Systems (GIS)","0"
"GEOU9EH","computational","Graphic Design","1"
"GEOU9EH","computational","Modelling","0"
"GEOU9EH","computational","Presentation Software","1"
"GEOU9EH","computational","Remote Meeting/Collaborative Software","0"
"GEOU9EH","computational","Remote Sensing (data collection and analysis)","0"
"GEOU9EH","computational","Social Media","0"
"GEOU9EH","computational","Spreadsheet Creation and Management","0"
"GEOU9EH","computational","Statistical Programmes","0"
"GEOU9EH","computational","Word Processing","2"
"GEOU9EH","field","Application of Remote Observations","0"
"GEOU9EH","field","Conducting Transects","0"
"GEOU9EH","field","Core Skills","0"
"GEOU9EH","field","Drone Observations","0"
"GEOU9EH","field","Environmental Impact Assessment","0"
"GEOU9EH","field","GPS Usage","0"
"GEOU9EH","field","Health and Safety Competency","0"
"GEOU9EH","field","Mapping Skills","0"
"GEOU9EH","field","Sampling: In-situ Monitoring","0"
"GEOU9EH","field","Sampling: Physical Collection","0"
"GEOU9EH","field","Species Monitoring","0"
"GEOU9EH","lab","Accurate Result Reporting","0"
"GEOU9EH","lab","Air Quality Analysis","0"
"GEOU9EH","lab","Chemical Handling","0"
"GEOU9EH","lab","Developing and Implementing SOPs","0"
"GEOU9EH","lab","Good Laboratory Practices (GLP)","0"
"GEOU9EH","lab","Maintaining Lab Notebooks","0"
"GEOU9EH","lab","Microscopy","0"
"GEOU9EH","lab","Operating Lab Equipment","0"
"GEOU9EH","lab","Physical Chemical Analysis","0"
"GEOU9EH","lab","Pipetting","0"
"GEOU9EH","lab","Risk Assessments","0"
"GEOU9EH","lab","Sample Preparation and Handling","0"
"GEOU9EH","lab","Soil Quality Assessment","0"
"GEOU9EH","lab","Water Quality Assessment","0"
"GEOU9EH","personal","Adaptability","2"
"GEOU9EH","personal","Verbal Communication","3"
"GEOU9EH","personal","Written Communication","3"
"GEOU9EH","personal","Conflict Resolution","2"
"GEOU9EH","personal","Critical Thinking","3"
"GEOU9EH","personal","Detail-Orientated Skills","2"
"GEOU9EH","personal","Innovation","2"
"GEOU9EH","personal","Integrated Problem-solving","2"
"GEOU9EH","personal","Interpersonal Skills","2"
"GEOU9EH","personal","Leadership","2"
"GEOU9EH","personal","Reliability","2"
"GEOU9EH","personal","Resourcefulness","2"
"GEOU9EH","personal","Self-awareness","2"
"GEOU9EH","personal","Self-motivation","2"
"GEOU9EH","personal","Teamwork & Collaboration","3"
"GEOU9EH","personal","Time Management","2"
"ENMPG04","computational","AI (generative) Competency","0"
"ENMPG04","computational","Computer Programming","0"
"ENMPG04","computational","Data Management","0"
"ENMPG04","computational","Effective Email Communication","0"
"ENMPG04","computational","Geographical Information Systems (GIS)","0"
"ENMPG04","computational","Graphic Design","2"
"ENMPG04","computational","Modelling","0"
"ENMPG04","computational","Presentation Software","2"
"ENMPG04","computational","Remote Meeting/Collaborative Software","0"
"ENMPG04","computational","Remote Sensing (data collection and analysis)","0"
"ENMPG04","computational","Social Media","0"
"ENMPG04","computational","Spreadsheet Creation and Management","0"
"ENMPG04","computational","Statistical Programmes","0"
"ENMPG04","computational","Word Processing","3"
"ENMPG04","field","Application of Remote Observations","0"
"ENMPG04","field","Conducting Transects","0"
"ENMPG04","field","Core Skills","0"
"ENMPG04","field","Drone Observations","0"
"ENMPG04","field","Environmental Impact Assessment","0"
"ENMPG04","field","GPS Usage","0"
"ENMPG04","field","Health and Safety Competency","0"
"ENMPG04","field","Mapping Skills","0"
"ENMPG04","field","Sampling: In-situ Monitoring","0"
"ENMPG04","field","Sampling: Physical Collection","0"
"ENMPG04","field","Species Monitoring","0"
"ENMPG04","lab","Accurate Result Reporting","0"
"ENMPG04","lab","Air Quality Analysis","0"
"ENMPG04","lab","Chemical Handling","0"
"ENMPG04","lab","Developing and Implementing SOPs","0"
"ENMPG04","lab","Good Laboratory Practices (GLP)","0"
"ENMPG04","lab","Maintaining Lab Notebooks","0"
"ENMPG04","lab","Microscopy","0"
"ENMPG04","lab","Operating Lab Equipment","0"
"ENMPG04","lab","Physical Chemical Analysis","0"
"ENMPG04","lab","Pipetting","0"
"ENMPG04","lab","Risk Assessments","0"
"ENMPG04","lab","Sample Preparation and Handling","0"
"ENMPG04","lab","Soil Quality Assessment","0"
"ENMPG04","lab","Water Quality Assessment","0"
"ENMPG04","personal","Adaptability","2"
"ENMPG04","personal","Verbal Communication","3"
"ENMPG04","personal","Written Communication","3"
"ENMPG04","personal","Conflict Resolution","2"
"ENMPG04","personal","Critical Thinking","3"
"ENMPG04","personal","Detail-Orientated Skills","2"
"ENMPG04","personal","Innovation","2"
"ENMPG04","personal","Integrated Problem-solving","2"
"ENMPG04","personal","Interpersonal Skills","3"
"ENMPG04","personal","Leadership","2"
"ENMPG04","personal","Reliability","2"
"ENMPG04","personal","Resourcefulness","2"
"ENMPG04","personal","Self-awareness","2"
"ENMPG04","personal","Self-motivation","2"
"ENMPG04","personal","Teamwork & Collaboration","3"
"ENMPG04","personal","Time Management","2"
"BIOU9BC","computational","AI (generative) Competency","3"
"BIOU9BC","computational","Computer Programming","0"
"BIOU9BC","computational","Data Management","0"
"BIOU9BC","computational","Effective Email Communication","0"
"BIOU9BC","computational","Geographical Information Systems (GIS)","0"
"BIOU9BC","computational","Graphic Design","3"
"BIOU9BC","computational","Modelling","0"
"BIOU9BC","computational","Presentation Software","3"
"BIOU9BC","computational","Remote Meeting/Collaborative Software","0"
"BIOU9BC","computational","Remote Sensing (data collection and analysis)","0"
"BIOU9BC","computational","Social Media","3"
"BIOU9BC","computational","Spreadsheet Creation and Management","0"
"BIOU9BC","computational","Statistical Programmes","0"
"BIOU9BC","computational","Word Processing","3"
"BIOU9BC","field","Application of Remote Observations","0"
"BIOU9BC","field","Conducting Transects","0"
"BIOU9BC","field","Core Skills","0"
"BIOU9BC","field","Drone Observations","0"
"BIOU9BC","field","Environmental Impact Assessment","0"
"BIOU9BC","field","GPS Usage","0"
"BIOU9BC","field","Health and Safety Competency","0"
"BIOU9BC","field","Mapping Skills","0"
"BIOU9BC","field","Sampling: In-situ Monitoring","0"
"BIOU9BC","field","Sampling: Physical Collection","0"
"BIOU9BC","field","Species Monitoring","0"
"BIOU9BC","lab","Accurate Result Reporting","0"
"BIOU9BC","lab","Air Quality Analysis","0"
"BIOU9BC","lab","Chemical Handling","0"
"BIOU9BC","lab","Developing and Implementing SOPs","0"
"BIOU9BC","lab","Good Laboratory Practices (GLP)","0"
"BIOU9BC","lab","Maintaining Lab Notebooks","0"
"BIOU9BC","lab","Microscopy","0"
"BIOU9BC","lab","Operating Lab Equipment","0"
"BIOU9BC","lab","Physical Chemical Analysis","0"
"BIOU9BC","lab","Pipetting","0"
"BIOU9BC","lab","Risk Assessments","0"
"BIOU9BC","lab","Sample Preparation and Handling","0"
"BIOU9BC","lab","Soil Quality Assessment","0"
"BIOU9BC","lab","Water Quality Assessment","0"
"BIOU9BC","personal","Adaptability","3"
"BIOU9BC","personal","Verbal Communication","3"
"BIOU9BC","personal","Written Communication","3"
"BIOU9BC","personal","Conflict Resolution","3"
"BIOU9BC","personal","Critical Thinking","3"
"BIOU9BC","personal","Detail-Orientated Skills","3"
"BIOU9BC","personal","Innovation","3"
"BIOU9BC","personal","Integrated Problem-solving","3"
"BIOU9BC","personal","Interpersonal Skills","3"
"BIOU9BC","personal","Leadership","3"
"BIOU9BC","personal","Reliability","3"
"BIOU9BC","personal","Resourcefulness","3"
"BIOU9BC","personal","Self-awareness","3"
"BIOU9BC","personal","Self-motivation","3"
"BIOU9BC","personal","Teamwork & Collaboration","3"
"BIOU9BC","personal","Time Management","3"
"GEOU9GL","computational","AI (generative) Competency","1"
"GEOU9GL","computational","Computer Programming","0"
"GEOU9GL","computational","Data Management","1"
"GEOU9GL","computational","Effective Email Communication","1"
"GEOU9GL","computational","Geographical Information Systems (GIS)","1"
"GEOU9GL","computational","Graphic Design","1"
"GEOU9GL","computational","Modelling","1"
"GEOU9GL","computational","Presentation Software","1"
"GEOU9GL","computational","Remote Meeting/Collaborative Software","0"
"GEOU9GL","computational","Remote Sensing (data collection and analysis)","0"
"GEOU9GL","computational","Social Media","0"
"GEOU9GL","computational","Spreadsheet Creation and Management","3"
"GEOU9GL","computational","Statistical Programmes","3"
"GEOU9GL","computational","Word Processing","2"
"GEOU9GL","field","Application of Remote Observations","0"
"GEOU9GL","field","Conducting Transects","0"
"GEOU9GL","field","Core Skills","2"
"GEOU9GL","field","Drone Observations","0"
"GEOU9GL","field","Environmental Impact Assessment","0"
"GEOU9GL","field","GPS Usage","1"
"GEOU9GL","field","Health and Safety Competency","1"
"GEOU9GL","field","Mapping Skills","2"
"GEOU9GL","field","Sampling: In-situ Monitoring","2"
"GEOU9GL","field","Sampling: Physical Collection","0"
"GEOU9GL","field","Species Monitoring","0"
"GEOU9GL","lab","Accurate Result Reporting","0"
"GEOU9GL","lab","Air Quality Analysis","0"
"GEOU9GL","lab","Chemical Handling","0"
"GEOU9GL","lab","Developing and Implementing SOPs","0"
"GEOU9GL","lab","Good Laboratory Practices (GLP)","0"
"GEOU9GL","lab","Maintaining Lab Notebooks","0"
"GEOU9GL","lab","Microscopy","0"
"GEOU9GL","lab","Operating Lab Equipment","0"
"GEOU9GL","lab","Physical Chemical Analysis","0"
"GEOU9GL","lab","Pipetting","0"
"GEOU9GL","lab","Risk Assessments","0"
"GEOU9GL","lab","Sample Preparation and Handling","0"
"GEOU9GL","lab","Soil Quality Assessment","0"
"GEOU9GL","lab","Water Quality Assessment","0"
"GEOU9GL","personal","Adaptability","2"
"GEOU9GL","personal","Verbal Communication","2"
"GEOU9GL","personal","Written Communication","3"
"GEOU9GL","personal","Conflict Resolution","2"
"GEOU9GL","personal","Critical Thinking","3"
"GEOU9GL","personal","Detail-Orientated Skills","2"
"GEOU9GL","personal","Innovation","2"
"GEOU9GL","personal","Integrated Problem-solving","2"
"GEOU9GL","personal","Interpersonal Skills","2"
"GEOU9GL","personal","Leadership","2"
"GEOU9GL","personal","Reliability","2"
"GEOU9GL","personal","Resourcefulness","2"
"GEOU9GL","personal","Self-awareness","2"
"GEOU9GL","personal","Self-motivation","2"
"GEOU9GL","personal","Teamwork & Collaboration","2"
"GEOU9GL","personal","Time Management","2"
"ENVU6EA","computational","AI (generative) Competency","2"
"ENVU6EA","computational","Computer Programming","1"
"ENVU6EA","computational","Data Management","2"
"ENVU6EA","computational","Effective Email Communication","0"
"ENVU6EA","computational","Geographical Information Systems (GIS)","0"
"ENVU6EA","computational","Graphic Design","1"
"ENVU6EA","computational","Modelling","0"
"ENVU6EA","computational","Presentation Software","2"
"ENVU6EA","computational","Remote Meeting/Collaborative Software","3"
"ENVU6EA","computational","Remote Sensing (data collection and analysis)","0"
"ENVU6EA","computational","Social Media","0"
"ENVU6EA","computational","Spreadsheet Creation and Management","3"
"ENVU6EA","computational","Statistical Programmes","3"
"ENVU6EA","computational","Word Processing","3"
"ENVU6EA","field","Application of Remote Observations","1"
"ENVU6EA","field","Conducting Transects","0"
"ENVU6EA","field","Core Skills","1"
"ENVU6EA","field","Drone Observations","0"
"ENVU6EA","field","Environmental Impact Assessment","0"
"ENVU6EA","field","GPS Usage","1"
"ENVU6EA","field","Health and Safety Competency","1"
"ENVU6EA","field","Mapping Skills","1"
"ENVU6EA","field","Sampling: In-situ Monitoring","2"
"ENVU6EA","field","Sampling: Physical Collection","3"
"ENVU6EA","field","Species Monitoring","0"
"ENVU6EA","lab","Accurate Result Reporting","2"
"ENVU6EA","lab","Air Quality Analysis","0"
"ENVU6EA","lab","Chemical Handling","1"
"ENVU6EA","lab","Developing and Implementing SOPs","3"
"ENVU6EA","lab","Good Laboratory Practices (GLP)","2"
"ENVU6EA","lab","Maintaining Lab Notebooks","1"
"ENVU6EA","lab","Microscopy","0"
"ENVU6EA","lab","Operating Lab Equipment","3"
"ENVU6EA","lab","Physical Chemical Analysis","3"
"ENVU6EA","lab","Pipetting","2"
"ENVU6EA","lab","Risk Assessments","2"
"ENVU6EA","lab","Sample Preparation and Handling","2"
"ENVU6EA","lab","Soil Quality Assessment","0"
"ENVU6EA","lab","Water Quality Assessment","3"
"ENVU6EA","personal","Adaptability","2"
"ENVU6EA","personal","Verbal Communication","2"
"ENVU6EA","personal","Written Communication","3"
"ENVU6EA","personal","Conflict Resolution","2"
"ENVU6EA","personal","Critical Thinking","3"
"ENVU6EA","personal","Detail-Orientated Skills","2"
"ENVU6EA","personal","Innovation","0"
"ENVU6EA","personal","Integrated Problem-solving","3"
"ENVU6EA","personal","Interpersonal Skills","2"
"ENVU6EA","personal","Leadership","1"
"ENVU6EA","personal","Reliability","3"
"ENVU6EA","personal","Resourcefulness","2"
"ENVU6EA","personal","Self-awareness","2"
"ENVU6EA","personal","Self-motivation","2"
"ENVU6EA","personal","Teamwork & Collaboration","2"
"ENVU6EA","personal","Time Management","2"
"SCIU9PR","computational","AI (generative) Competency","0"
"SCIU9PR","computational","Computer Programming","0"
"SCIU9PR","computational","Data Management","0"
"SCIU9PR","computational","Effective Email Communication","3"
"SCIU9PR","computational","Geographical Information Systems (GIS)","0"
"SCIU9PR","computational","Graphic Design","0"
"SCIU9PR","computational","Modelling","0"
"SCIU9PR","computational","Presentation Software","3"
"SCIU9PR","computational","Remote Meeting/Collaborative Software","0"
"SCIU9PR","computational","Remote Sensing (data collection and analysis)","0"
"SCIU9PR","computational","Social Media","0"
"SCIU9PR","computational","Spreadsheet Creation and Management","3"
"SCIU9PR","computational","Statistical Programmes","0"
"SCIU9PR","computational","Word Processing","3"
"SCIU9PR","field","Application of Remote Observations","0"
"SCIU9PR","field","Conducting Transects","0"
"SCIU9PR","field","Core Skills","3"
"SCIU9PR","field","Drone Observations","0"
"SCIU9PR","field","Environmental Impact Assessment","0"
"SCIU9PR","field","GPS Usage","0"
"SCIU9PR","field","Health and Safety Competency","3"
"SCIU9PR","field","Mapping Skills","0"
"SCIU9PR","field","Sampling: In-situ Monitoring","0"
"SCIU9PR","field","Sampling: Physical Collection","0"
"SCIU9PR","field","Species Monitoring","0"
"SCIU9PR","lab","Accurate Result Reporting","3"
"SCIU9PR","lab","Air Quality Analysis","0"
"SCIU9PR","lab","Chemical Handling","0"
"SCIU9PR","lab","Developing and Implementing SOPs","0"
"SCIU9PR","lab","Good Laboratory Practices (GLP)","0"
"SCIU9PR","lab","Maintaining Lab Notebooks","3"
"SCIU9PR","lab","Microscopy","0"
"SCIU9PR","lab","Operating Lab Equipment","0"
"SCIU9PR","lab","Physical Chemical Analysis","0"
"SCIU9PR","lab","Pipetting","0"
"SCIU9PR","lab","Risk Assessments","3"
"SCIU9PR","lab","Sample Preparation and Handling","0"
"SCIU9PR","lab","Soil Quality Assessment","0"
"SCIU9PR","lab","Water Quality Assessment","0"
"SCIU9PR","personal","Adaptability","3"
"SCIU9PR","personal","Verbal Communication","3"
"SCIU9PR","personal","Written Communication","3"
"SCIU9PR","personal","Conflict Resolution","3"
"SCIU9PR","personal","Critical Thinking","3"
"SCIU9PR","personal","Detail-Orientated Skills","3"
"SCIU9PR","personal","Innovation","3"
"SCIU9PR","personal","Integrated Problem-solving","3"
"SCIU9PR","personal","Interpersonal Skills","3"
"SCIU9PR","personal","Leadership","3"
"SCIU9PR","personal","Reliability","3"
"SCIU9PR","personal","Resourcefulness","3"
"SCIU9PR","personal","Self-awareness","3"
"SCIU9PR","personal","Self-motivation","3"
"SCIU9PR","personal","Teamwork & Collaboration","3"
"SCIU9PR","personal","Time Management","3"
"SCIU9PR","computational","AI (generative) Competency","0"
"SCIU9PR","computational","Computer Programming","0"
"SCIU9PR","computational","Data Management","0"
"SCIU9PR","computational","Effective Email Communication","3"
"SCIU9PR","computational","Geographical Information Systems (GIS)","0"
"SCIU9PR","computational","Graphic Design","0"
"SCIU9PR","computational","Modelling","0"
"SCIU9PR","computational","Presentation Software","3"
"SCIU9PR","computational","Remote Meeting/Collaborative Software","0"
"SCIU9PR","computational","Remote Sensing (data collection and analysis)","0"
"SCIU9PR","computational","Social Media","0"
"SCIU9PR","computational","Spreadsheet Creation and Management","3"
"SCIU9PR","computational","Statistical Programmes","0"
"SCIU9PR","computational","Word Processing","3"
"SCIU9PR","field","Application of Remote Observations","0"
"SCIU9PR","field","Conducting Transects","0"
"SCIU9PR","field","Core Skills","3"
"SCIU9PR","field","Drone Observations","0"
"SCIU9PR","field","Environmental Impact Assessment","0"
"SCIU9PR","field","GPS Usage","0"
"SCIU9PR","field","Health and Safety Competency","3"
"SCIU9PR","field","Mapping Skills","0"
"SCIU9PR","field","Sampling: In-situ Monitoring","0"
"SCIU9PR","field","Sampling: Physical Collection","0"
"SCIU9PR","field","Species Monitoring","0"
"SCIU9PR","lab","Accurate Result Reporting","3"
"SCIU9PR","lab","Air Quality Analysis","0"
"SCIU9PR","lab","Chemical Handling","0"
"SCIU9PR","lab","Developing and Implementing SOPs","0"
"SCIU9PR","lab","Good Laboratory Practices (GLP)","0"
"SCIU9PR","lab","Maintaining Lab Notebooks","3"
"SCIU9PR","lab","Microscopy","0"
"SCIU9PR","lab","Operating Lab Equipment","0"
"SCIU9PR","lab","Physical Chemical Analysis","0"
"SCIU9PR","lab","Pipetting","0"
"SCIU9PR","lab","Risk Assessments","3"
"SCIU9PR","lab","Sample Preparation and Handling","0"
"SCIU9PR","lab","Soil Quality Assessment","0"
"SCIU9PR","lab","Water Quality Assessment","0"
"SCIU9PR","personal","Adaptability","3"
"SCIU9PR","personal","Verbal Communication","3"
"SCIU9PR","personal","Written Communication","3"
"SCIU9PR","personal","Conflict Resolution","3"
"SCIU9PR","personal","Critical Thinking","3"
"SCIU9PR","personal","Detail-Orientated Skills","3"
"SCIU9PR","personal","Innovation","3"
"SCIU9PR","personal","Integrated Problem-solving","3"
"SCIU9PR","personal","Interpersonal Skills","3"
"SCIU9PR","personal","Leadership","3"
"SCIU9PR","personal","Reliability","3"
"SCIU9PR","personal","Resourcefulness","3"
"SCIU9PR","personal","Self-awareness","3"
"SCIU9PR","personal","Self-motivation","3"
"SCIU9PR","personal","Teamwork & Collaboration","3"
"SCIU9PR","personal","Time Management","3"
"EPLPPG2","computational","AI (generative) Competency","2"
"EPLPPG2","computational","Computer Programming","3"
"EPLPPG2","computational","Data Management","3"
"EPLPPG2","computational","Effective Email Communication","3"
"EPLPPG2","computational","Geographical Information Systems (GIS)","3"
"EPLPPG2","computational","Graphic Design","2"
"EPLPPG2","computational","Modelling","2"
"EPLPPG2","computational","Presentation Software","2"
"EPLPPG2","computational","Remote Meeting/Collaborative Software","2"
"EPLPPG2","computational","Remote Sensing (data collection and analysis)","3"
"EPLPPG2","computational","Social Media","0"
"EPLPPG2","computational","Spreadsheet Creation and Management","2"
"EPLPPG2","computational","Statistical Programmes","0"
"EPLPPG2","computational","Word Processing","2"
"EPLPPG2","field","Application of Remote Observations","3"
"EPLPPG2","field","Conducting Transects","1"
"EPLPPG2","field","Core Skills","2"
"EPLPPG2","field","Drone Observations","3"
"EPLPPG2","field","Environmental Impact Assessment","1"
"EPLPPG2","field","GPS Usage","1"
"EPLPPG2","field","Health and Safety Competency","1"
"EPLPPG2","field","Mapping Skills","3"
"EPLPPG2","field","Sampling: In-situ Monitoring","1"
"EPLPPG2","field","Sampling: Physical Collection","1"
"EPLPPG2","field","Species Monitoring","1"
"EPLPPG2","lab","Accurate Result Reporting","2"
"EPLPPG2","lab","Air Quality Analysis","0"
"EPLPPG2","lab","Chemical Handling","0"
"EPLPPG2","lab","Developing and Implementing SOPs","0"
"EPLPPG2","lab","Good Laboratory Practices (GLP)","0"
"EPLPPG2","lab","Maintaining Lab Notebooks","0"
"EPLPPG2","lab","Microscopy","0"
"EPLPPG2","lab","Operating Lab Equipment","0"
"EPLPPG2","lab","Physical Chemical Analysis","0"
"EPLPPG2","lab","Pipetting","0"
"EPLPPG2","lab","Risk Assessments","1"
"EPLPPG2","lab","Sample Preparation and Handling","0"
"EPLPPG2","lab","Soil Quality Assessment","0"
"EPLPPG2","lab","Water Quality Assessment","1"
"EPLPPG2","personal","Adaptability","2"
"EPLPPG2","personal","Verbal Communication","3"
"EPLPPG2","personal","Written Communication","3"
"EPLPPG2","personal","Conflict Resolution","3"
"EPLPPG2","personal","Critical Thinking","3"
"EPLPPG2","personal","Detail-Orientated Skills","3"
"EPLPPG2","personal","Innovation","3"
"EPLPPG2","personal","Integrated Problem-solving","3"
"EPLPPG2","personal","Interpersonal Skills","3"
"EPLPPG2","personal","Leadership","3"
"EPLPPG2","personal","Reliability","3"
"EPLPPG2","personal","Resourcefulness","3"
"EPLPPG2","personal","Self-awareness","3"
"EPLPPG2","personal","Self-motivation","3"
"EPLPPG2","personal","Teamwork & Collaboration","3"
"EPLPPG2","personal","Time Management","3"
"ENMPG23","computational","AI (generative) Competency","0"
"ENMPG23","computational","Computer Programming","0"
"ENMPG23","computational","Data Management","0"
"ENMPG23","computational","Effective Email Communication","0"
"ENMPG23","computational","Geographical Information Systems (GIS)","0"
"ENMPG23","computational","Graphic Design","2"
"ENMPG23","computational","Modelling","0"
"ENMPG23","computational","Presentation Software","2"
"ENMPG23","computational","Remote Meeting/Collaborative Software","2"
"ENMPG23","computational","Remote Sensing (data collection and analysis)","0"
"ENMPG23","computational","Social Media","0"
"ENMPG23","computational","Spreadsheet Creation and Management","0"
"ENMPG23","computational","Statistical Programmes","0"
"ENMPG23","computational","Word Processing","2"
"ENMPG23","field","Application of Remote Observations","0"
"ENMPG23","field","Conducting Transects","0"
"ENMPG23","field","Core Skills","0"
"ENMPG23","field","Drone Observations","0"
"ENMPG23","field","Environmental Impact Assessment","1"
"ENMPG23","field","GPS Usage","0"
"ENMPG23","field","Health and Safety Competency","0"
"ENMPG23","field","Mapping Skills","0"
"ENMPG23","field","Sampling: In-situ Monitoring","0"
"ENMPG23","field","Sampling: Physical Collection","0"
"ENMPG23","field","Species Monitoring","0"
"ENMPG23","lab","Accurate Result Reporting","0"
"ENMPG23","lab","Air Quality Analysis","1"
"ENMPG23","lab","Chemical Handling","0"
"ENMPG23","lab","Developing and Implementing SOPs","0"
"ENMPG23","lab","Good Laboratory Practices (GLP)","0"
"ENMPG23","lab","Maintaining Lab Notebooks","0"
"ENMPG23","lab","Microscopy","0"
"ENMPG23","lab","Operating Lab Equipment","0"
"ENMPG23","lab","Physical Chemical Analysis","0"
"ENMPG23","lab","Pipetting","0"
"ENMPG23","lab","Risk Assessments","0"
"ENMPG23","lab","Sample Preparation and Handling","0"
"ENMPG23","lab","Soil Quality Assessment","0"
"ENMPG23","lab","Water Quality Assessment","0"
"ENMPG23","personal","Adaptability","2"
"ENMPG23","personal","Verbal Communication","3"
"ENMPG23","personal","Written Communication","3"
"ENMPG23","personal","Conflict Resolution","3"
"ENMPG23","personal","Critical Thinking","3"
"ENMPG23","personal","Detail-Orientated Skills","3"
"ENMPG23","personal","Innovation","2"
"ENMPG23","personal","Integrated Problem-solving","2"
"ENMPG23","personal","Interpersonal Skills","2"
"ENMPG23","personal","Leadership","2"
"ENMPG23","personal","Reliability","2"
"ENMPG23","personal","Resourcefulness","2"
"ENMPG23","personal","Self-awareness","2"
"ENMPG23","personal","Self-motivation","2"
"ENMPG23","personal","Teamwork & Collaboration","3"
"ENMPG23","personal","Time Management","3"
"GEOU1PP","computational","AI (generative) Competency","1"
"GEOU1PP","computational","Computer Programming","0"
"GEOU1PP","computational","Data Management","2"
"GEOU1PP","computational","Effective Email Communication","1"
"GEOU1PP","computational","Geographical Information Systems (GIS)","0"
"GEOU1PP","computational","Graphic Design","0"
"GEOU1PP","computational","Modelling","0"
"GEOU1PP","computational","Presentation Software","0"
"GEOU1PP","computational","Remote Meeting/Collaborative Software","0"
"GEOU1PP","computational","Remote Sensing (data collection and analysis)","0"
"GEOU1PP","computational","Social Media","0"
"GEOU1PP","computational","Spreadsheet Creation and Management","2"
"GEOU1PP","computational","Statistical Programmes","0"
"GEOU1PP","computational","Word Processing","2"
"GEOU1PP","field","Application of Remote Observations","0"
"GEOU1PP","field","Conducting Transects","0"
"GEOU1PP","field","Core Skills","0"
"GEOU1PP","field","Drone Observations","0"
"GEOU1PP","field","Environmental Impact Assessment","0"
"GEOU1PP","field","GPS Usage","0"
"GEOU1PP","field","Health and Safety Competency","0"
"GEOU1PP","field","Mapping Skills","0"
"GEOU1PP","field","Sampling: In-situ Monitoring","0"
"GEOU1PP","field","Sampling: Physical Collection","0"
"GEOU1PP","field","Species Monitoring","0"
"GEOU1PP","lab","Accurate Result Reporting","0"
"GEOU1PP","lab","Air Quality Analysis","0"
"GEOU1PP","lab","Chemical Handling","0"
"GEOU1PP","lab","Developing and Implementing SOPs","0"
"GEOU1PP","lab","Good Laboratory Practices (GLP)","0"
"GEOU1PP","lab","Maintaining Lab Notebooks","0"
"GEOU1PP","lab","Microscopy","0"
"GEOU1PP","lab","Operating Lab Equipment","0"
"GEOU1PP","lab","Physical Chemical Analysis","0"
"GEOU1PP","lab","Pipetting","0"
"GEOU1PP","lab","Risk Assessments","0"
"GEOU1PP","lab","Sample Preparation and Handling","0"
"GEOU1PP","lab","Soil Quality Assessment","0"
"GEOU1PP","lab","Water Quality Assessment","0"
"GEOU1PP","personal","Adaptability","2"
"GEOU1PP","personal","Verbal Communication","2"
"GEOU1PP","personal","Written Communication","1"
"GEOU1PP","personal","Conflict Resolution","2"
"GEOU1PP","personal","Critical Thinking","2"
"GEOU1PP","personal","Detail-Orientated Skills","2"
"GEOU1PP","personal","Innovation","0"
"GEOU1PP","personal","Integrated Problem-solving","1"
"GEOU1PP","personal","Interpersonal Skills","2"
"GEOU1PP","personal","Leadership","0"
"GEOU1PP","personal","Reliability","0"
"GEOU1PP","personal","Resourcefulness","1"
"GEOU1PP","personal","Self-awareness","1"
"GEOU1PP","personal","Self-motivation","1"
"GEOU1PP","personal","Teamwork & Collaboration","0"
"GEOU1PP","personal","Time Management","0"
"EOEU1OE","computational","AI (generative) Competency","0"
"EOEU1OE","computational","Computer Programming","0"
"EOEU1OE","computational","Data Management","0"
"EOEU1OE","computational","Effective Email Communication","0"
"EOEU1OE","computational","Geographical Information Systems (GIS)","0"
"EOEU1OE","computational","Graphic Design","1"
"EOEU1OE","computational","Modelling","0"
"EOEU1OE","computational","Presentation Software","2"
"EOEU1OE","computational","Remote Meeting/Collaborative Software","0"
"EOEU1OE","computational","Remote Sensing (data collection and analysis)","0"
"EOEU1OE","computational","Social Media","0"
"EOEU1OE","computational","Spreadsheet Creation and Management","0"
"EOEU1OE","computational","Statistical Programmes","0"
"EOEU1OE","computational","Word Processing","2"
"EOEU1OE","field","Application of Remote Observations","0"
"EOEU1OE","field","Conducting Transects","0"
"EOEU1OE","field","Core Skills","3"
"EOEU1OE","field","Drone Observations","0"
"EOEU1OE","field","Environmental Impact Assessment","0"
"EOEU1OE","field","GPS Usage","2"
"EOEU1OE","field","Health and Safety Competency","2"
"EOEU1OE","field","Mapping Skills","3"
"EOEU1OE","field","Sampling: In-situ Monitoring","0"
"EOEU1OE","field","Sampling: Physical Collection","0"
"EOEU1OE","field","Species Monitoring","0"
"EOEU1OE","lab","Accurate Result Reporting","0"
"EOEU1OE","lab","Air Quality Analysis","0"
"EOEU1OE","lab","Chemical Handling","0"
"EOEU1OE","lab","Developing and Implementing SOPs","0"
"EOEU1OE","lab","Good Laboratory Practices (GLP)","0"
"EOEU1OE","lab","Maintaining Lab Notebooks","0"
"EOEU1OE","lab","Microscopy","0"
"EOEU1OE","lab","Operating Lab Equipment","0"
"EOEU1OE","lab","Physical Chemical Analysis","0"
"EOEU1OE","lab","Pipetting","0"
"EOEU1OE","lab","Risk Assessments","2"
"EOEU1OE","lab","Sample Preparation and Handling","0"
"EOEU1OE","lab","Soil Quality Assessment","0"
"EOEU1OE","lab","Water Quality Assessment","0"
"EOEU1OE","personal","Adaptability","1"
"EOEU1OE","personal","Verbal Communication","1"
"EOEU1OE","personal","Written Communication","2"
"EOEU1OE","personal","Conflict Resolution","0"
"EOEU1OE","personal","Critical Thinking","2"
"EOEU1OE","personal","Detail-Orientated Skills","2"
"EOEU1OE","personal","Innovation","0"
"EOEU1OE","personal","Integrated Problem-solving","1"
"EOEU1OE","personal","Interpersonal Skills","2"
"EOEU1OE","personal","Leadership","2"
"EOEU1OE","personal","Reliability","2"
"EOEU1OE","personal","Resourcefulness","2"
"EOEU1OE","personal","Self-awareness","1"
"EOEU1OE","personal","Self-motivation","2"
"EOEU1OE","personal","Teamwork & Collaboration","2"
"EOEU1OE","personal","Time Management","2"
"EOEU3OE","computational","AI (generative) Competency","0"
"EOEU3OE","computational","Computer Programming","0"
"EOEU3OE","computational","Data Management","0"
"EOEU3OE","computational","Effective Email Communication","0"
"EOEU3OE","computational","Geographical Information Systems (GIS)","0"
"EOEU3OE","computational","Graphic Design","0"
"EOEU3OE","computational","Modelling","0"
"EOEU3OE","computational","Presentation Software","0"
"EOEU3OE","computational","Remote Meeting/Collaborative Software","0"
"EOEU3OE","computational","Remote Sensing (data collection and analysis)","0"
"EOEU3OE","computational","Social Media","0"
"EOEU3OE","computational","Spreadsheet Creation and Management","0"
"EOEU3OE","computational","Statistical Programmes","0"
"EOEU3OE","computational","Word Processing","0"
"EOEU3OE","field","Application of Remote Observations","0"
"EOEU3OE","field","Conducting Transects","0"
"EOEU3OE","field","Core Skills","3"
"EOEU3OE","field","Drone Observations","0"
"EOEU3OE","field","Environmental Impact Assessment","0"
"EOEU3OE","field","GPS Usage","3"
"EOEU3OE","field","Health and Safety Competency","2"
"EOEU3OE","field","Mapping Skills","3"
"EOEU3OE","field","Sampling: In-situ Monitoring","0"
"EOEU3OE","field","Sampling: Physical Collection","0"
"EOEU3OE","field","Species Monitoring","0"
"EOEU3OE","lab","Accurate Result Reporting","0"
"EOEU3OE","lab","Air Quality Analysis","0"
"EOEU3OE","lab","Chemical Handling","0"
"EOEU3OE","lab","Developing and Implementing SOPs","0"
"EOEU3OE","lab","Good Laboratory Practices (GLP)","0"
"EOEU3OE","lab","Maintaining Lab Notebooks","0"
"EOEU3OE","lab","Microscopy","0"
"EOEU3OE","lab","Operating Lab Equipment","0"
"EOEU3OE","lab","Physical Chemical Analysis","0"
"EOEU3OE","lab","Pipetting","0"
"EOEU3OE","lab","Risk Assessments","1"
"EOEU3OE","lab","Sample Preparation and Handling","0"
"EOEU3OE","lab","Soil Quality Assessment","0"
"EOEU3OE","lab","Water Quality Assessment","0"
"EOEU3OE","personal","Adaptability","2"
"EOEU3OE","personal","Verbal Communication","2"
"EOEU3OE","personal","Written Communication","0"
"EOEU3OE","personal","Conflict Resolution","2"
"EOEU3OE","personal","Critical Thinking","2"
"EOEU3OE","personal","Detail-Orientated Skills","2"
"EOEU3OE","personal","Innovation","1"
"EOEU3OE","personal","Integrated Problem-solving","2"
"EOEU3OE","personal","Interpersonal Skills","2"
"EOEU3OE","personal","Leadership","3"
"EOEU3OE","personal","Reliability","3"
"EOEU3OE","personal","Resourcefulness","2"
"EOEU3OE","personal","Self-awareness","2"
"EOEU3OE","personal","Self-motivation","2"
"EOEU3OE","personal","Teamwork & Collaboration","3"
"EOEU3OE","personal","Time Management","2"
"EOEU6S6","computational","AI (generative) Competency","0"
"EOEU6S6","computational","Computer Programming","0"
"EOEU6S6","computational","Data Management","0"
"EOEU6S6","computational","Effective Email Communication","0"
"EOEU6S6","computational","Geographical Information Systems (GIS)","0"
"EOEU6S6","computational","Graphic Design","0"
"EOEU6S6","computational","Modelling","0"
"EOEU6S6","computational","Presentation Software","0"
"EOEU6S6","computational","Remote Meeting/Collaborative Software","0"
"EOEU6S6","computational","Remote Sensing (data collection and analysis)","0"
"EOEU6S6","computational","Social Media","0"
"EOEU6S6","computational","Spreadsheet Creation and Management","0"
"EOEU6S6","computational","Statistical Programmes","0"
"EOEU6S6","computational","Word Processing","0"
"EOEU6S6","field","Application of Remote Observations","0"
"EOEU6S6","field","Conducting Transects","0"
"EOEU6S6","field","Core Skills","3"
"EOEU6S6","field","Drone Observations","0"
"EOEU6S6","field","Environmental Impact Assessment","0"
"EOEU6S6","field","GPS Usage","3"
"EOEU6S6","field","Health and Safety Competency","3"
"EOEU6S6","field","Mapping Skills","3"
"EOEU6S6","field","Sampling: In-situ Monitoring","0"
"EOEU6S6","field","Sampling: Physical Collection","0"
"EOEU6S6","field","Species Monitoring","0"
"EOEU6S6","lab","Accurate Result Reporting","0"
"EOEU6S6","lab","Air Quality Analysis","0"
"EOEU6S6","lab","Chemical Handling","0"
"EOEU6S6","lab","Developing and Implementing SOPs","0"
"EOEU6S6","lab","Good Laboratory Practices (GLP)","0"
"EOEU6S6","lab","Maintaining Lab Notebooks","0"
"EOEU6S6","lab","Microscopy","0"
"EOEU6S6","lab","Operating Lab Equipment","0"
"EOEU6S6","lab","Physical Chemical Analysis","0"
"EOEU6S6","lab","Pipetting","0"
"EOEU6S6","lab","Risk Assessments","2"
"EOEU6S6","lab","Sample Preparation and Handling","0"
"EOEU6S6","lab","Soil Quality Assessment","0"
"EOEU6S6","lab","Water Quality Assessment","0"
"EOEU6S6","personal","Adaptability","3"
"EOEU6S6","personal","Verbal Communication","2"
"EOEU6S6","personal","Written Communication","0"
"EOEU6S6","personal","Conflict Resolution","3"
"EOEU6S6","personal","Critical Thinking","3"
"EOEU6S6","personal","Detail-Orientated Skills","3"
"EOEU6S6","personal","Innovation","2"
"EOEU6S6","personal","Integrated Problem-solving","3"
"EOEU6S6","personal","Interpersonal Skills","3"
"EOEU6S6","personal","Leadership","3"
"EOEU6S6","personal","Reliability","3"
"EOEU6S6","personal","Resourcefulness","2"
"EOEU6S6","personal","Self-awareness","3"
"EOEU6S6","personal","Self-motivation","3"
"EOEU6S6","personal","Teamwork & Collaboration","3"
"EOEU6S6","personal","Time Management","3"
"EPLPPG3","computational","AI (generative) Competency","0"
"EPLPPG3","computational","Computer Programming","2"
"EPLPPG3","computational","Data Management","3"
"EPLPPG3","computational","Effective Email Communication","3"
"EPLPPG3","computational","Geographical Information Systems (GIS)","3"
"EPLPPG3","computational","Graphic Design","2"
"EPLPPG3","computational","Modelling","0"
"EPLPPG3","computational","Presentation Software","3"
"EPLPPG3","computational","Remote Meeting/Collaborative Software","2"
"EPLPPG3","computational","Remote Sensing (data collection and analysis)","3"
"EPLPPG3","computational","Social Media","0"
"EPLPPG3","computational","Spreadsheet Creation and Management","2"
"EPLPPG3","computational","Statistical Programmes","0"
"EPLPPG3","computational","Word Processing","3"
"EPLPPG3","field","Application of Remote Observations","0"
"EPLPPG3","field","Conducting Transects","0"
"EPLPPG3","field","Core Skills","0"
"EPLPPG3","field","Drone Observations","3"
"EPLPPG3","field","Environmental Impact Assessment","2"
"EPLPPG3","field","GPS Usage","0"
"EPLPPG3","field","Health and Safety Competency","0"
"EPLPPG3","field","Mapping Skills","3"
"EPLPPG3","field","Sampling: In-situ Monitoring","2"
"EPLPPG3","field","Sampling: Physical Collection","0"
"EPLPPG3","field","Species Monitoring","0"
"EPLPPG3","lab","Accurate Result Reporting","2"
"EPLPPG3","lab","Air Quality Analysis","0"
"EPLPPG3","lab","Chemical Handling","0"
"EPLPPG3","lab","Developing and Implementing SOPs","0"
"EPLPPG3","lab","Good Laboratory Practices (GLP)","0"
"EPLPPG3","lab","Maintaining Lab Notebooks","0"
"EPLPPG3","lab","Microscopy","0"
"EPLPPG3","lab","Operating Lab Equipment","0"
"EPLPPG3","lab","Physical Chemical Analysis","0"
"EPLPPG3","lab","Pipetting","0"
"EPLPPG3","lab","Risk Assessments","0"
"EPLPPG3","lab","Sample Preparation and Handling","0"
"EPLPPG3","lab","Soil Quality Assessment","0"
"EPLPPG3","lab","Water Quality Assessment","0"
"EPLPPG3","personal","Adaptability","2"
"EPLPPG3","personal","Verbal Communication","3"
"EPLPPG3","personal","Written Communication","3"
"EPLPPG3","personal","Conflict Resolution","2"
"EPLPPG3","personal","Critical Thinking","3"
"EPLPPG3","personal","Detail-Orientated Skills","2"
"EPLPPG3","personal","Innovation","3"
"EPLPPG3","personal","Integrated Problem-solving","3"
"EPLPPG3","personal","Interpersonal Skills","2"
"EPLPPG3","personal","Leadership","2"
"EPLPPG3","personal","Reliability","2"
"EPLPPG3","personal","Resourcefulness","2"
"EPLPPG3","personal","Self-awareness","2"
"EPLPPG3","personal","Self-motivation","2"
"EPLPPG3","personal","Teamwork & Collaboration","3"
"EPLPPG3","personal","Time Management","2"
